ID,Kategorie,Abschnitt,Bezeichnung,Stufe/Klasse,Meilenstein (Vorschlag),Status,Blockiert durch,Beleg
CH-0,Kapitel,0,Leitprinzipien und Kurzfassung,,Doku/Rationale,rationale,,""
CH-1,Kapitel,1,Programmiermodell,,Doku/Rationale,rationale,,""
CH-2,Kapitel,2,Lexik und Syntax,,Doku/Rationale,rationale,,""
CH-3,Kapitel,3,Typsystem,,Doku/Rationale,rationale,,""
CH-4,Kapitel,4,Ausdrücke und Arithmetik,,Doku/Rationale,rationale,,""
CH-5,Kapitel,5,"Maschinen: Zustände, Übergänge, Faults",,Doku/Rationale,rationale,,""
CH-6,Kapitel,6,Sequenzen als Zucker,,Doku/Rationale,rationale,,""
CH-7,Kapitel,7,Zeit und Scheduling,,Doku/Rationale,rationale,,""
CH-8,Kapitel,8,"Channels, Geräte, Simulation, Profile, Commands",,Doku/Rationale,rationale,,""
CH-9,Kapitel,9,Formale Semantik,,Doku/Rationale,rationale,,""
CH-10,Kapitel,10,Statische Analysen — das Compiler-Gate,,Doku/Rationale,rationale,,""
CH-11,Kapitel,11,Compiler-Architektur und Codegen,,Doku/Rationale,rationale,,""
CH-12,Kapitel,12,Runtime,,Doku/Rationale,rationale,,""
CH-13,Kapitel,13,"Verifikation, Test, Zertifizierung",,Doku/Rationale,rationale,,""
CH-14,Kapitel,14,Beispiele,,Doku/Rationale,rationale,,""
CH-15,Kapitel,15,Stufenplan und Erweiterungs-Roadmap,,Doku/Rationale,rationale,,""
CH-16,Kapitel,16,Entscheidungslog,,Doku/Rationale,rationale,,""
SEM-0.1,Semantik/Abschnitt,0.1,Was die Sprache verspricht (und wie das Versprechen eingelöst wird),,Doku/Rationale,rationale,,""
SEM-0.2,Semantik/Abschnitt,0.2,Die vierundzwanzig tragenden Entscheidungen,,Doku/Rationale,rationale,,""
SEM-0.3,Semantik/Abschnitt,0.3,Nicht-Ziele (bewusst),,Doku/Rationale,rationale,,""
SEM-1.1,Semantik/Abschnitt,1.1,Das Bild in einem Absatz,,M0 (Parser/MIR-Entwurf),fertig,,crates/takt-sema/tests/semantics.rs::tick_zero_enters_initial_and_commits_safe_outputs; crates/takt-sema/tests/semantics.rs::published_variables_and_signals_have_unit_delay; crates/takt-conformance/tests/differential.rs::the_interpreter_and_the_generated_code_agree
SEM-1.2,Semantik/Abschnitt,1.2,Die drei Ebenen,,M0 (Parser/MIR-Entwurf),teilweise,"Inventur 2026-10-04: Die drei Ebenen laufen; die Trennung (kein I/O in fn und block, `Outputs nur in Maschinen` in stmt.rs) hat keinen ausloesenden Test",crates/takt-interp/tests/values.rs::functions_run_with_frames_loops_and_break; crates/takt-interp/tests/values.rs::block_instances_keep_state_between_steps; crates/takt-sema/tests/blocks.rs::each_call_site_is_its_own_instance
SEM-1.3,Semantik/Abschnitt,1.3,"Tick, Perioden, Hyperperiode",,M0 (Parser/MIR-Entwurf),teilweise,"Inventur 2026-10-04: Bereich 10 us bis 1 s fuer `tick` wird nicht geprueft (decl.rs verlangt nur positiv, lower.rs uebersetzt tick = 1 ns); `phase` nur in der follows-Warnung, ohne Verhaltenstest",crates/takt-sema/tests/semantics.rs::multirate_activates_by_countdown; crates/takt-sema/tests/follows.rs::a_missing_follows_warns_only_when_both_run_in_the_same_tick; crates/takt-rt-core/tests/period.rs::a_period_off_for_n_ticks_is_a_hardware_fault
SEM-1.4,Semantik/Abschnitt,1.4,Datenfluss,,M0 (Parser/MIR-Entwurf),fertig,,crates/takt-sema/tests/semantics.rs::a_fresh_sample_is_read_with_age_zero; crates/takt-sema/tests/semantics.rs::published_variables_and_signals_have_unit_delay; crates/takt-sema/tests/follows.rs::a_follower_reads_the_fresh_value_and_everyone_else_reads_psi; examples/rust-host/tests/frame.rs::tunables_reach_the_program_through_the_loop; crates/takt-rt-core/tests/loop.rs::a_boundary_commit_waits_for_the_next_boundary
SEM-1.5,Semantik/Abschnitt,1.5,Lebenszyklus,,M0 (Parser/MIR-Entwurf),fertig,,crates/takt-sema/tests/semantics.rs::tick_zero_enters_initial_and_commits_safe_outputs; crates/takt-sema/tests/theorems.rs::an_end_leaves_the_outputs_safe; crates/takt-sema/tests/persist.rs::a_stored_value_overrides_the_default
SEM-2.1,Semantik/Abschnitt,2.1,Lexik,,M0 (Parser/MIR-Entwurf),teilweise,Inventur 2026-10-04: Warnung zu Namenskonventionen nicht umgesetzt,crates/takt-syntax/tests/parser_errors.rs::nesting_is_bounded; crates/takt-syntax/tests/parser_errors.rs::a_line_continues_after_a_hanging_comma; crates/takt-syntax/tests/vectors.rs::all_vectors_pass; crates/takt-syntax/tests/pathological.rs::a_long_chain_of_operators_is_refused; crates/takt-syntax/tests/pathological.rs::deep_parentheses_are_refused
SEM-2.2,Semantik/Abschnitt,2.2,Schlüsselwörter,,M0 (Parser/MIR-Entwurf),fertig,,crates/takt-syntax/tests/keywords.rs::keywords_match_reference; crates/takt-syntax/tests/keywords.rs::contextual_words_match_grammar; crates/takt-syntax/tests/keywords.rs::reserved_members_match_reference
SEM-2.3,Semantik/Abschnitt,2.3,Grammatik (EBNF),,M0 (Parser/MIR-Entwurf),fertig,,crates/takt-syntax/tests/productions.rs::every_production_has_a_parser_function; crates/takt-syntax/tests/parser_corpus.rs::every_example_parses_as_its_annotations_say; crates/takt-syntax/tests/sexpr_golden.rs::corpus_trees_match_golden_files
SEM-2.4,Semantik/Abschnitt,2.4,Bedeutung der Kernkonstrukte (informell),,M0 (Parser/MIR-Entwurf),fertig,,crates/takt-sema/tests/corpus.rs::core_corpus_lowers_without_errors; crates/takt-sema/tests/golden_sim.rs::golden_traces_match; crates/takt-conformance/tests/differential.rs::the_interpreter_and_the_generated_code_agree
SEM-2.5,Semantik/Abschnitt,2.5,"Editionen, reservierte Namen und Erweiterbarkeit",,M0 (Parser/MIR-Entwurf),teilweise,"Inventur 2026-10-04: `takt migrate --edition N` fehlt (11.1: geplant); importierte Module mit eigener Edition fehlen (Sema lehnt Module mit SC-2 ab, FB-400)",corpus-try/checks/SC-49; corpus-try/checks/SC-50; corpus-try/checks/SC-51; crates/takt-sema/tests/operator_metadata.rs::metadata_changes_the_program_hash_but_not_the_logic_hash; crates/takt-sema/tests/lower.rs::shadowing_rules_follow_2_5
SEM-3.1,Semantik/Abschnitt,3.1,Grundtypen,,M1 (Kernsemantik),fertig,,crates/takt-llvm/tests/lowering.rs::scalar_types_map_to_their_llvm_widths; crates/takt-interp/tests/values.rs::integer_arithmetic_is_total; crates/takt-sema/tests/canonical_shape.rs::a_string_holds_n_bytes_not_n_characters
SEM-3.2,Semantik/Abschnitt,3.2,Physikalische Einheiten,,M1 (Kernsemantik),fertig,,crates/takt-sema/tests/lower.rs::units_are_nominal_and_affine_rules_hold; crates/takt-interp/tests/values.rs::unit_conversions_use_rational_factors; crates/takt-sema/tests/int_units.rs::to_multiplies_by_the_integral_factor_and_overflow_is_a_fault
SEM-3.3,Semantik/Abschnitt,3.3,Duration und Zeitrechnung,,M1 (Kernsemantik),fertig,,crates/takt-interp/tests/values.rs::durations_follow_3_3; crates/takt-llvm/tests/lowering.rs::a_duration_is_an_i64_of_nanoseconds; crates/takt-syntax/tests/parser_errors.rs::unit_literal_ends_at_the_first_space; crates/takt-syntax/tests/pathological.rs::extreme_exponents_of_a_duration_are_errors
SEM-3.4,Semantik/Abschnitt,3.4,Range-Typen und Intervallanalyse,,M10 (aus M1),teilweise,"Inventur 2026-10-04: FB-384 offen: Lint 40 (und 41) sieht das Profil der Einbindung nicht; Oktagone v1.1 zurueckgestellt (FB-175, eigene Zeile)",crates/takt-sema/tests/analysis.rs::a_provable_assignment_needs_no_check; crates/takt-sema/tests/analysis.rs::a_comparison_refines_the_branch; crates/takt-sema/tests/analysis.rs::a_guard_with_an_offset_proves_the_offset_index; crates/takt-sema/tests/theorems.rs::lemma_3_4_narrowing_does_not_change_the_trace
SEM-3.5,Semantik/Abschnitt,3.5,Qualität von Input-Channels,,M1 (Kernsemantik),fertig,,crates/takt-hal/tests/edge.rs::a_value_outside_the_range_is_bad; crates/takt-hal/tests/edge.rs::debounce_holds_three_deliveries_then_gives_up; crates/takt-sema/tests/semantics.rs::invalid_input_is_a_sensor_fault_unless_dominated; crates/takt-sema/tests/semantics.rs::max_age_defaults_to_twice_the_fastest_reader_period
SEM-3.6,Semantik/Abschnitt,3.6,Typinferenz,,M1 (Kernsemantik),fertig,,crates/takt-sema/tests/int_units.rs::a_unitless_literal_in_a_unit_context_is_an_error; crates/takt-sema/tests/lower.rs::generics_solve_units_from_arguments; crates/takt-sema/tests/lower.rs::unsolvable_unit_variable_asks_for_explicit_instantiation
SEM-3.7,Semantik/Abschnitt,3.7,Records und Summentypen,,M1 (Kernsemantik),fertig,,crates/takt-sema/tests/wire.rs::encode_and_decode_round_trip; crates/takt-sema/tests/wire.rs::decode_yields_none_when_a_constant_field_does_not_match; crates/takt-sema/tests/bitfields.rs::writing_a_bitfield_leaves_its_neighbours_alone; crates/takt-conformance/tests/ports.rs::a_w1c_write_sends_only_its_own_bit; corpus-try/checks/SC-19; corpus-try/checks/SC-37; crates/takt-conformance/tests/wire_codec.rs::a_length_prefixed_field_decodes_and_encodes_alike; crates/takt-conformance/tests/wire_codec.rs::two_length_prefixed_fields_shift_what_follows_and_align_rounds; crates/takt-sema/tests/wire.rs::a_length_prefixed_field_is_as_long_as_its_length_field_says
SEM-3.8,Semantik/Abschnitt,3.8,Optionaltyp `T?`,,M1 (Kernsemantik),fertig,,crates/takt-sema/tests/semantics.rs::or_and_valid_dominate_the_implicit_check; crates/takt-llvm/tests/machines.rs::or_selects_between_value_and_fallback; crates/takt-llvm/tests/machines.rs::a_result_matches_on_its_flag; corpus-try/checks/SC-45
SEM-3.9,Semantik/Abschnitt,3.9,"Bytes, Vektoren, Strings, Tabellen",,M1 (Kernsemantik),teilweise,"Inventur 2026-10-04: FB-400 offen: reader/writer laufen nur im Interpreter (sim/11_4, stdlib.rs), nie im erzeugten Code",crates/takt-sema/tests/wire.rs::append_is_all_or_nothing; crates/takt-sema/tests/semantics.rs::writing_a_byte_beyond_the_length_faults; crates/takt-sema/tests/maps.rs::insert_get_and_remove_behave_like_a_map; crates/takt-interp/tests/values.rs::interp_is_piecewise_linear_and_clamped; crates/takt-sema/tests/inout.rs::the_call_statement_writes_the_parameter_back
SEM-3.10,Semantik/Abschnitt,3.10,Bit-Operationen und Konversionen,,M1 (Kernsemantik),fertig,,crates/takt-interp/tests/values.rs::bit_operations_and_shifts; crates/takt-interp/tests/values.rs::casts_are_range_checked; crates/takt-sema/tests/analysis.rs::bitwise_or_and_xor_keep_the_bits_of_their_operands; crates/takt-llvm/tests/lowering.rs::a_signed_shift_right_is_arithmetic
SEM-3.11,Semantik/Abschnitt,3.11,Matrizen fester Größe,,M6 (v1.1),fertig,"Sema `lower/matrix.rs`, Interpreter `takt-interp/src/matrix.rs`, Codegen `takt-llvm/src/matrix.rs`, Numerik `libtaktm::mat`; Korpus `46_matrices.takt` differentiell (Schritt 18)",crates/takt-sema/tests/matrices.rs::a_dimensioned_kalman_filter_is_unit_checked_and_runs; crates/takt-sema/tests/matrices.rs::large_matrices_get_a_lint_and_singular_ones_fault; crates/libtaktm/tests/mat.rs::solve_agrees_with_the_inverse_and_singular_is_an_error; crates/takt-conformance/tests/differential.rs::the_interpreter_and_the_generated_code_agree
SEM-3.12,Semantik/Abschnitt,3.12,Generics: Klammerklassen und Monomorphisierung,,M1 ([U]) / M6 (const) / M8 (type),fertig,"Typvariablen (M8 Schritt 3): `GenericVar::Type` mit Faehigkeit, Unifikation in `solve_call`, Memo mit Typnamen; Korpus `62_type_generics.takt`",crates/takt-sema/tests/type_generics.rs::a_type_variable_is_inferred_from_the_argument; crates/takt-sema/tests/type_generics.rs::a_missing_capability_is_refused_at_the_call_site; crates/takt-sema/tests/type_generics.rs::an_instantiation_cycle_is_refused; crates/takt-sema/tests/const_generics.rs::the_range_of_a_constant_is_checked_at_instantiation
SEM-4.1,Semantik/Abschnitt,4.1,Totalität als Grundsatz,,M1 (Kernsemantik),fertig,,crates/takt-interp/tests/values.rs::integer_arithmetic_is_total; crates/takt-interp/tests/values.rs::checked_nodes_fault_by_kind; crates/takt-conformance/tests/nonfinite_chains.rs::an_overflow_mid_chain_faults_at_the_end_of_the_chain; crates/takt-sema/tests/semantics.rs::every_fault_kind_of_the_corpus_arrives_at_its_tick
SEM-4.2,Semantik/Abschnitt,4.2,Reproduzierbare Fließkomma-Arithmetik,,M10 (aus M1),fertig,"korrekt gerundete transzendente Funktionen in `libtaktm` (FB-344, M10 Schritt 28): `exp ln sin cos tan asin acos atan atan2 pow` in `f32` und `f64`, erschoepfend fuer `f32`, bitgleich auf Wirt, F401 und C6",crates/libtaktm/tests/exhaustive.rs::exhaustive_sin; crates/takt-llvm/tests/strict_fp.rs::the_whole_module_is_free_of_fast_math_flags; crates/takt-llvm/tests/against_llvm.rs::llvm_does_not_contract_a_multiply_and_add_into_an_fma; crates/takt-conformance/tests/embed.rs::a_hostile_floating_point_environment_changes_nothing; crates/takt-sema/tests/stdlib.rs::a_decaying_lowpass_stops_at_zero_before_the_subnormals
SEM-4.3,Semantik/Abschnitt,4.3,"Bedingte Ausdrücke, Bool-Logik",,M1 (Kernsemantik),teilweise,"Inventur 2026-10-04: Nur Gleichheit Interpreter/Codegen ueber 89_fault_paths; kein Test sichert zu, dass `x.valid and x > 5` bei ungueltigem x nicht faultet",crates/takt-conformance/tests/differential.rs::the_interpreter_and_the_generated_code_agree; corpus-try/89_fault_paths.takt
SEM-4.4,Semantik/Abschnitt,4.4,Ausdrücke sind seiteneffektfrei,,M1 (Kernsemantik),fertig,,crates/takt-sema/tests/semantics.rs::a_mutating_method_stays_out_of_expressions; crates/takt-sema/tests/semantics.rs::a_declaration_can_take_the_result_of_a_mutating_method; crates/takt-sema/tests/semantics.rs::a_declaration_rejects_a_method_without_a_result
SEM-4.5,Semantik/Abschnitt,4.5,Native Funktionen mit Kostenvertrag,,M1 (Kernsemantik),fertig,,crates/takt-sema/tests/natives.rs::a_declaration_must_match_the_curated_signature; crates/takt-sema/tests/natives.rs::a_stack_below_the_measured_need_is_refused; crates/takt-sema/tests/natives.rs::the_chunked_digest_equals_the_one_shot; crates/takt-sema/tests/jobs.rs::a_job_completes_after_its_duration; crates/takt-sema/tests/natives.rs::a_project_native_needs_the_tcb_policy_and_lands_in_the_manifest
SEM-5.1,Semantik/Abschnitt,5.1,Struktur,,M1 (Kernsemantik),fertig,,crates/takt-llvm/tests/machines.rs::an_ancestor_loop_runs_in_every_leaf_below_it; crates/takt-llvm/tests/machines.rs::nested_states_increase_the_depth; crates/takt-syntax/tests/parser_errors.rs::machine_without_initial_reports_position; corpus-try/checks/SC-8
SEM-5.2,Semantik/Abschnitt,5.2,"Ausführung eines Ticks (informell, exakt in 9.3)",,M1 (Kernsemantik),fertig,,crates/takt-conformance/tests/switches.rs::transition_actions_run_before_the_exit_blocks; crates/takt-conformance/tests/switches.rs::the_common_ancestor_lies_strictly_above_the_target_state; crates/takt-sema/tests/semantics.rs::transition_takes_one_tick_and_runs_enter_in_entry_mode; crates/takt-sema/tests/handlers.rs::the_window_is_empty_in_the_entry_tick
SEM-5.3,Semantik/Abschnitt,5.3,Fault-Wald,,M1 (Kernsemantik),fertig,,crates/takt-sema/tests/semantics.rs::check_failure_goes_to_the_fault_target_in_the_same_tick; crates/takt-sema/tests/semantics.rs::faulted_has_no_user_code_and_sets_outputs_safe; crates/takt-conformance/tests/switches.rs::a_fault_while_in_faulted_stays_in_faulted; crates/takt-sema/tests/last_fault.rs::last_fault_names_kind_message_line_and_tick; corpus-try/checks/SC-9; corpus-try/checks/SC-8/bad_code_in_faulted.takt
SEM-5.4,Semantik/Abschnitt,5.4,`abort`,,M1 (Kernsemantik),fertig,,crates/takt-sema/tests/semantics.rs::abort_reaches_every_machine_in_the_same_tick; crates/takt-sema/tests/semantics.rs::abort_is_idempotent_until_a_normal_transition; crates/takt-sema/tests/semantics.rs::an_operator_abort_reaches_an_inactive_machine_in_the_same_tick
SEM-5.5,Semantik/Abschnitt,5.5,Eingeschränkte Aktionsblöcke,,M1 (Kernsemantik),fertig,,corpus-try/checks/SC-8; corpus-try/checks/SC-21; crates/takt-sema/tests/analysis.rs::a_check_in_an_action_block_warns
SEM-5.6,Semantik/Abschnitt,5.6,"Interlocks, Permissives, Alerts",,M1 (Kernsemantik),fertig,,crates/takt-sema/tests/semantics.rs::a_state_entered_without_its_permissive_faults_before_the_commit; crates/takt-sema/tests/semantics.rs::alerts_report_only_their_edges; crates/takt-sema/tests/semantics.rs::confirmation_time_delays_the_check; crates/takt-sema/tests/semantics.rs::an_alert_in_a_loop_reports_every_element; crates/takt-sema/tests/theorems.rs::theorem_9_4_5_the_latency_bound_holds_in_the_run
SEM-5.7,Semantik/Abschnitt,5.7,Blöcke innerhalb von Maschinen,,M1 (Kernsemantik),fertig,,crates/takt-sema/tests/blocks.rs::each_call_site_is_its_own_instance; crates/takt-sema/tests/blocks.rs::an_anonymous_instance_is_rejected_in_a_for_loop; crates/takt-sema/tests/block_contracts.rs::contracts_land_on_the_block_with_result_as_a_local; crates/takt-prove/tests/with_solver.rs::block_contracts_are_proven_and_their_call_sites_classified; corpus-try/checks/SC-11; crates/takt-sema/tests/blocks.rs::every_element_of_an_instance_array_steps_once_per_tick; crates/takt-conformance/tests/block_steps.rs::a_self_transition_reruns_the_loop_with_the_first_result; crates/takt-conformance/tests/block_steps.rs::a_fault_in_a_step_takes_the_fault_path_of_the_caller
SEM-5.8,Semantik/Abschnitt,5.8,Ergonomie in Maschinen,,M1 (Kernsemantik),fertig,,crates/takt-conformance/tests/switches.rs::a_state_local_starts_fresh_on_every_entry; crates/takt-sema/tests/semantics.rs::a_machine_wide_every_keeps_its_period_across_state_changes; crates/takt-sema/tests/semantics.rs::an_every_in_a_state_never_runs_in_the_entry_tick; crates/takt-conformance/tests/switches.rs::siblings_sharing_the_overlay_keep_their_own_initial_values; crates/takt-cli/tests/report.rs::the_report_lists_every_requirement_with_its_sites
SEM-5.9,Semantik/Abschnitt,5.9,Persistente Variablen (v1.1),v1.1,M5 (Embedded),teilweise,"Inventur 2026-10-04: FB-385 offen: in der Rust-Einbettung laeuft ein Programm mit `persist` ohne Journal, ohne dass der Bau es bemerkt",crates/takt-sema/tests/persist.rs::a_stored_value_overrides_the_default; crates/takt-sema/tests/persist.rs::a_value_outside_the_range_falls_back_with_an_alert; crates/takt-rt-core/tests/journal.rs::a_power_cut_leaves_either_the_old_or_the_new_entry; crates/takt-conformance/tests/persist_native.rs::the_snapshot_matches_the_interpreter_byte_for_byte; crates/takt-conformance/tests/board_esp32c6.rs::persistence_survives_a_reset
SEM-5.10,Semantik/Abschnitt,5.10,"Schlafzustände (`idle`, v1.1)",v1.1,M5 (Embedded),fertig,,crates/takt-sema/tests/theorems.rs::theorem_9_9_1_an_idle_step_changes_nothing; crates/takt-sema/tests/theorems.rs::a_sleeping_machine_drops_non_waking_streams; crates/takt-sema/tests/sleep.rs::every_wake_up_reports_stream_paused; corpus-try/checks/SC-22; crates/takt-conformance/tests/host_board.rs::a_wake_source_ends_the_sleep_on_the_host; crates/takt-rt-core/tests/wake.rs::a_wake_source_of_the_program_ends_the_sleep_at_the_next_boundary
SEM-5.11,Semantik/Abschnitt,5.11,Gescopte Instanzen: parallele Komposition ohne Regionen (v1.2),v1.2,M8,fertig,"Sema, Interpreter und Codegen (M8 Schritte 5 bis 8): Aktivitaet aus `<besitzer>_scope_<n>`, Lebenszyklus im Rahmen, `_exit_all` fuer die exit-Bloecke; Overlay in `size` und `schedulability`. Indiziertes Lesen eines Instanz-Arrays fehlt (FB-210)",crates/takt-sema/tests/step_order.rs::a_scoped_instance_restarts_on_re_entry; crates/takt-sema/tests/step_order.rs::any_step_order_of_scoped_instances_yields_the_same_trace; crates/takt-conformance/tests/scoped_instances.rs::the_exit_blocks_of_a_scoped_instance_run_in_both; crates/takt-conformance/tests/switches.rs::a_fault_in_the_exit_of_a_scoped_instance_ends_only_its_exit; crates/takt-sema/tests/overlay.rs::exclusive_instances_share_memory
SEM-5.12,Semantik/Abschnitt,5.12,History-Zustände: `resume` (v1.2),v1.2,M8,fertig,"Sema `layout.saved_paths`, Interpreter `MachineState::saved`, Codegen `Role::Saved` mit `save_paths`/`resume_into`; Korpus `60_resume.takt`",crates/takt-conformance/tests/resume.rs::a_resume_state_re_enters_the_saved_child; crates/takt-conformance/tests/resume.rs::a_fault_transition_enters_initial_not_saved; crates/takt-conformance/tests/switches.rs::a_goto_into_a_resume_state_takes_the_saved_path
SEM-6.1,Semantik/Abschnitt,6.1,Motivation,,M1 (Kernsemantik),fertig,,crates/takt-mir/tests/desugar.rs::example_6_3; crates/takt-sema/tests/lower.rs::sequence_becomes_states_after_desugaring; crates/takt-sema/tests/semantics.rs::sequence_runs_through_its_segments
SEM-6.2,Semantik/Abschnitt,6.2,Desugaring (formal),,M1 (Kernsemantik),fertig,,crates/takt-mir/tests/desugar.rs::check_is_continuous_from_its_position; crates/takt-mir/tests/desugar.rs::expect_checks_once_via_flag; crates/takt-mir/tests/desugar.rs::repeat_counts_with_weak_back_jump; crates/takt-mir/tests/desugar.rs::until_timeout_goto_and_else; crates/takt-sema/tests/segment_timeout.rs::an_until_without_timeout_inherits_the_segment_default
SEM-6.3,Semantik/Abschnitt,6.3,Beispiel des Desugarings,,M1 (Kernsemantik),fertig,,crates/takt-mir/tests/desugar.rs::example_6_3
SEM-7.1,Semantik/Abschnitt,7.1,Logische Zeit,,M1 (Kernsemantik),fertig,,crates/takt-sema/tests/semantics.rs::after_fires_never_in_the_entry_tick; corpus-try/checks/SC-14; crates/takt-rt-core/tests/period.rs::a_period_off_for_n_ticks_is_a_hardware_fault; crates/takt-rt-core/tests/loop.rs::logical_time_does_not_follow_the_clock
SEM-7.2,Semantik/Abschnitt,7.2,Multirate-Scheduling,,M1 (Kernsemantik),teilweise,"Inventur 2026-10-04: Exakte Spitzenpruefung mit `phase` ueber die Hyperperiode fehlt (schedulability.rs rechnet Sigma B_m, sicher, nicht exakt); FB-366/FB-147 betreffen Messung und Kalibrierung",crates/takt-sema/tests/semantics.rs::multirate_activates_by_countdown; crates/takt-sema/tests/follows.rs::theorem_9_4_1_holds_over_the_linear_extensions; crates/takt-mir/src/analysis/schedulability.rs::a_load_above_the_bound_does_not_fit; crates/takt-sema/tests/calibrated.rs::a_declared_wcet_is_checked_against_the_calibration; corpus-try/checks/SC-62
SEM-7.3,Semantik/Abschnitt,7.3,Überlauf zur Laufzeit,,M1 (Kernsemantik),teilweise,"`system: overrun = fault | alert` seit plan/nvm.md Schritt 1; ein Journal-Vorgang ueber die Frist zaehlt als Ueberlauf (Schritt 3); vier Kennzahlen aus `drift` und `took` je Tick, `time`-Metazeile und `takt timing` (plan/esp32c6.md Schritt 8); Inventur 2026-10-04: `takt timing` ohne Test",crates/takt-rt-core/tests/loop.rs::an_overrun_faults_in_the_following_tick; crates/takt-rt-core/tests/loop.rs::the_alert_policy_raises_no_fault; crates/takt-rt-core/src/overrun.rs::lost_periods_count_the_growth_of_the_lag_only; crates/takt-conformance/tests/board_esp32c6.rs::an_overrun_faults_every_machine_in_the_next_tick; crates/takt-rt-core/tests/loop.rs::a_pending_overrun_forbids_the_sleep
SEM-7.4,Semantik/Abschnitt,7.4,Wall-Clock,,M6 (v1.1),teilweise,`sys/clock` am eingebauten Geraet `sys` (Pruefung 60); `takt-rt-linux::wall_clock_ns` fuer den Treiberrand; Inventur 2026-10-04: `takt-rt-linux::wall_clock_ns` hat weder Aufrufer noch Test; kein Treiberrand fuellt `sys/clock` aus CLOCK_REALTIME,crates/takt-sema/tests/sys_channels.rs::every_system_channel_type_checks_without_a_configuration; crates/takt-sema/tests/sys_channels.rs::a_wrong_address_direction_or_type_is_rejected; crates/takt-mir/src/sys.rs::the_device_knows_three_channels
SEM-7.5,Semantik/Abschnitt,7.5,Zeit unterhalb des Ticks,,M1 (Kernsemantik),teilweise,"Inventur 2026-10-04: FB-400 offen: `pulse` und `cancel` werden nie ausgefuehrt (nur uebersetzt: foreign_code.rs, 05_streams_and_protocol)",crates/takt-sema/tests/semantics.rs::every_fault_kind_of_the_corpus_arrives_at_its_tick; crates/takt-sema/tests/hardware.rs::a_tick_granular_output_adds_the_tick_to_its_jitter; crates/takt-sema/tests/campaigns.rs::a_sweep_step_below_twice_the_jitter_is_rejected; crates/takt-sema/tests/triggers.rs::the_trigger_fires_at_event_time_plus_delay; crates/takt-sema/tests/triggers.rs::a_fault_disarms_the_triggers_of_its_machine; crates/takt-conformance/tests/differential.rs::the_two_implementations_agree_on_triggers
SEM-8.1,Semantik/Abschnitt,8.1,Deklaration,,M10 (aus M2),fertig,"`o.jitter` als Wert der Bindung (Simulation null, Ziel aus der Konfiguration); Kalibrierung (`calibration`, weitergereicht) und Enum-Abbildung (`raw` nennt das Enum) in der Konfiguration, M10 Schritt 12",crates/takt-sema/tests/builds.rs::an_unbound_channel_in_use_fails_the_hardware_build; crates/takt-sema/tests/hardware.rs::a_jitter_requirement_above_the_measurement_passes_and_below_fails; crates/takt-conformance/tests/differential.rs::the_jitter_of_an_output_is_zero_without_a_configuration; crates/takt-conformance/tests/mcu_harness.rs::the_jitter_of_an_output_comes_from_the_configuration; crates/takt-sema/src/lower/import.rs::an_enum_mapping_names_the_type
SEM-8.2,Semantik/Abschnitt,8.2,Große Systeme,,M10 (aus M6),fertig,"`import channels` (M10 Schritt 12) und die Aufzeichnung ungebundener Kanaele samt Stroemen (Schritte 29d, 29e): `import_channels.rs`, `trace_roundtrip.rs` (`rec` ausserhalb der Hashkette), `the_unread_channels_are_recorded` auf beiden Boards und auf dem Wirt (`host_board.rs`)",crates/takt-sema/tests/import_channels.rs::a_named_channel_is_bound_with_the_type_of_the_configuration; crates/takt-sema/tests/import_channels.rs::an_unread_input_is_recorded_without_changing_the_logic; crates/takt-conformance/tests/host_board.rs::the_unread_channels_are_recorded_on_the_host; crates/takt-interp/tests/trace_roundtrip.rs::a_record_line_reads_back
SEM-8.3,Semantik/Abschnitt,8.3,Simulation und HIL,,M2 (Ströme),fertig,,crates/takt-sema/tests/builds.rs::both_builds_share_the_same_logic; crates/takt-sema/tests/builds.rs::the_plant_model_is_an_ordinary_machine; crates/takt-conformance/tests/reproducible.rs::the_simulation_and_the_hardware_build_yield_the_same_ir; crates/takt-cli/tests/test_cmd.rs::an_unsimulated_input_is_an_error_under_test_and_a_warning_under_sim
SEM-8.4,Semantik/Abschnitt,8.4,Parameter und Profile,,M2 (Ströme),fertig,,crates/takt-sema/tests/tunables.rs::a_tune_line_holds_from_its_tick_on; crates/takt-sema/tests/tunables.rs::a_plain_param_cannot_be_tuned; crates/takt-sema/tests/range_boundaries.rs::a_parameter_outside_its_range_is_rejected_on_load; crates/takt-sema/tests/golden_sim.rs::golden_traces_match; examples/rust-host/tests/frame.rs::tunables_reach_the_program_through_the_loop
SEM-8.5,Semantik/Abschnitt,8.5,Commands und Operator-Interaktion,,M2 (Ströme),teilweise,"Inventur 2026-10-04: Berechtigung (Commander) und Schaltflaeche in der Bedienoberflaeche fehlen (keine Web-API, vgl. 12.2); `command ... with wake = true` nur in 07_embedded_field, ohne Lauf",crates/takt-sema/tests/semantics.rs::transition_takes_one_tick_and_runs_enter_in_entry_mode; crates/takt-sema/tests/segment_timeout.rs::the_command_in_time_takes_the_sequence_on; corpus-try/checks/SC-14
SEM-8.6,Semantik/Abschnitt,8.6,Ereignisströme (`stream<E>`),,M2 (Ströme),teilweise,"Inventur 2026-10-04: FB-400 offen: Rahmungen `cobs`, `length_prefixed`, `fixed` werden geparst, aber von keinem Bestandteil umgesetzt; FB-427 offen: nativ verdraengt `send` an einen internen Strom mit `drop_oldest` nicht, der Sender faultet",crates/takt-interp/tests/streams.rs::lemma_9_6_1_bounds_the_window; crates/takt-interp/tests/streams.rs::overflow_with_drop_oldest_makes_room; crates/takt-sema/tests/handlers.rs::check_17_rejects_a_consumer_that_cannot_keep_up; crates/takt-sema/tests/handlers.rs::an_internal_stream_has_a_unit_delay; crates/takt-sema/tests/peek.rs::peek_alone_consumes_at_the_end_of_the_tick; crates/takt-interp/tests/ring_agreement.rs::an_element_larger_than_the_byte_ring_overflows_without_dropping; crates/takt-interp/tests/ring_agreement.rs::drop_oldest_with_variable_lengths_agrees
SEM-8.7,Semantik/Abschnitt,8.7,"Muster, Captures, Handler",,M2 (Ströme),fertig,,crates/takt-sema/tests/handlers.rs::the_first_matching_handler_wins; crates/takt-sema/tests/handlers.rs::a_pattern_handler_binds_its_captures; crates/takt-interp/tests/patterns.rs::has_binds_captures_from_the_leftmost_occurrence; crates/takt-sema/tests/handler_guard.rs::the_guard_selects_the_handler; crates/takt-interp/tests/dfa_agreement.rs::every_pattern_agrees_on_every_short_text
SEM-8.8,Semantik/Abschnitt,8.8,Ausgabeströme,,M2 (Ströme),teilweise,"Inventur 2026-10-04: `send` mit len > tx.free (StreamOverflow bzw. Alert bei overflow = drop) nur fuer interne Stroeme geprueft, nicht fuer Ausgabestroeme; `tx.free` nur in 10_nuances ohne Lauf",crates/takt-sema/tests/handlers.rs::an_output_stream_sends_its_bytes; crates/takt-sema/tests/handlers.rs::an_output_stream_appears_as_the_driver_takes_it; crates/takt-sema/tests/sent.rs::a_model_reads_what_the_driver_took_one_tick_later; corpus-try/checks/SC-20
SEM-8.9,Semantik/Abschnitt,8.9,"Oversampelte Kanäle, Register, Capture-Fenster",,M2 (Ströme),fertig,"`capture<T,N>` (M8 Schritte 12 und 13): Accessoren, Byteform mit 24-Byte-Kopf, Stimulusform `t;pre;post;rate;[…]`, `CaptureCmd` im Prelude, Codegen als Struct; Korpus `66_capture.takt`, Differential gruen. TTL-Adapter (PA9) fuer die Messung offen",crates/takt-sema/tests/samples.rs::reductions_read_the_tick_array; crates/takt-sema/tests/samples.rs::a_sample_outside_the_range_spoils_the_whole_array; crates/takt-sema/tests/canonical_bytes.rs::a_capture_element_round_trips_through_bytes; crates/takt-conformance/tests/differential.rs::the_two_implementations_agree_on_capture_windows
SEM-8.10,Semantik/Abschnitt,8.10,Hardware-Konfiguration und Geräteprofile (v1.1),v1.1,M10 (aus M6),fertig,"Version 10 liest jedes Feld der Tabelle bis auf die Topologie (v2, 12.9); Messwerte aus `takt bench` und `takt driver-test --board`",crates/takt-mir/src/hardware.rs::every_field_of_8_10_reads_and_round_trips; crates/takt-sema/tests/hardware.rs::a_configuration_reads_back_with_devices_and_channels; crates/takt-sema/tests/polling.rs::a_fifo_that_overruns_between_ticks_is_an_error; crates/takt-conformance/tests/mcu_harness.rs::a_missing_driver_fails_the_link_by_name
SEM-8.11,Semantik/Abschnitt,8.11,Geräte mit Kommando und Status,,M10 (aus M6),fertig,,crates/takt-sema/tests/flash_model.rs::erase_program_and_read_back; crates/takt-sema/tests/flash_model.rs::a_cut_leaves_the_sector_erased_and_reports_an_error; crates/takt-sema/tests/journal_campaign.rs::every_cut_leaves_the_old_or_the_new_entry
SEM-9.0,Semantik/Abschnitt,9.0,Notation,,M1/M2 (Interpreter),fertig,,crates/takt-sema/tests/semantics.rs::transition_takes_one_tick_and_runs_enter_in_entry_mode; crates/takt-sema/tests/semantics.rs::trace_vectors_from_the_specification
SEM-9.1,Semantik/Abschnitt,9.1,Objekte,,M1/M2 (Interpreter),fertig,,crates/takt-sema/tests/overlay.rs::the_budget_is_the_peak_over_configurations_not_the_sum; crates/takt-sema/tests/analysis.rs::the_memory_report_separates_reliable_from_open; crates/takt-sema/tests/theorems.rs::theorem_9_4_2_holds_for_a_long_run
SEM-9.2,Semantik/Abschnitt,9.2,Ausdrücke und Statements,,M1/M2 (Interpreter),teilweise,"Inventur 2026-10-04: FB-400 offen: `pulse` und `cancel` werden nie ausgefuehrt (nur uebersetzt: foreign_code.rs, 05_streams_and_protocol)",crates/takt-interp/tests/values.rs::checked_nodes_fault_by_kind; crates/takt-sema/tests/semantics.rs::confirmation_time_delays_the_check; crates/takt-sema/tests/semantics.rs::an_assignment_after_a_failed_expect_is_not_committed; crates/takt-sema/tests/break_placement.rs::break_ends_a_for_loop_over_a_stream
SEM-9.3,Semantik/Abschnitt,9.3,Schritt einer Maschine,,M1/M2 (Interpreter),fertig,,crates/takt-conformance/tests/switches.rs::a_fault_in_an_exit_block_is_handled_from_the_common_ancestor; crates/takt-conformance/tests/switches.rs::transition_actions_run_before_the_exit_blocks; crates/takt-sema/tests/theorems.rs::lemma_9_3_1_resolve_terminates_in_a_deep_fault_forest; crates/takt-sema/tests/theorems.rs::lemma_9_3_1_holds_in_the_abort_phase
SEM-9.4,Semantik/Abschnitt,9.4,System-Tick und Sätze,,M1/M2 (Interpreter),teilweise,"Inventur 2026-10-04: Satz 9.4.4: FB-376 offen (Differential ueber den Korpus ohne Eingaben), FB-382 offen (gemeinsame Fehler aller Ausfuehrer), FB-391 Rest (compare vergleicht keine Beobachtungszeilen)",crates/takt-sema/tests/theorems.rs::theorem_9_4_1_order_independence_under_random_stimuli; crates/takt-sema/tests/theorems.rs::theorem_9_4_2_holds_for_a_long_run; crates/takt-sema/tests/analysis.rs::every_machine_gets_a_cost_budget; crates/takt-conformance/tests/differential.rs::the_interpreter_and_the_generated_code_agree; crates/takt-sema/tests/theorems.rs::theorem_9_4_5_the_latency_bound_holds_in_the_run
SEM-9.5,Semantik/Abschnitt,9.5,Was die Sätze nicht abdecken (Trusted Computing Base),,M10 (aus M1/M2),fertig,"Manifest im Kopf des Laufs; TCB-Manifest in plan/cert.md, gegen den Workspace gehalten (`tcb_manifest.rs`, M10 Schritt 24)",crates/takt-conformance/tests/tcb_manifest.rs::every_crate_outside_the_workspace_is_in_the_manifest; crates/takt-conformance/tests/tcb_manifest.rs::every_native_has_an_entry_in_the_manifest; crates/takt-sema/tests/record.rs::the_header_names_the_native_functions
SEM-9.6,Semantik/Abschnitt,9.6,Ereignisströme,,M1/M2 (Interpreter),teilweise,"FB-427 offen: nativ verdraengt `send` an einen internen Strom mit `drop_oldest` nicht, der Sender faultet",crates/takt-interp/tests/streams.rs::lemma_9_6_1_bounds_the_window; crates/takt-interp/tests/streams.rs::eviction_removes_what_no_consumer_can_see; crates/takt-sema/tests/theorems.rs::a_sleeping_machine_drops_non_waking_streams; crates/takt-rt-core/tests/stream_exhaustive.rs::every_short_sequence_agrees_with_the_model; crates/takt-interp/tests/ring_agreement.rs::an_element_larger_than_the_byte_ring_overflows_without_dropping; crates/takt-interp/tests/ring_agreement.rs::drop_oldest_with_variable_lengths_agrees
SEM-9.7,Semantik/Abschnitt,9.7,Handler-Dispatch,,M1/M2 (Interpreter),fertig,,crates/takt-sema/tests/handlers.rs::the_first_matching_handler_wins; crates/takt-sema/tests/handlers.rs::a_catch_all_handler_sees_what_no_pattern_matched; crates/takt-sema/tests/handlers.rs::a_transition_from_a_handler_leaves_the_rest_in_the_buffer; crates/takt-conformance/tests/differential.rs::the_product_automaton_dispatches_like_the_interpreter
SEM-9.8,Semantik/Abschnitt,9.8,Geplante Ausgaben,,M1/M2 (Interpreter),fertig,,crates/takt-sema/tests/semantics.rs::every_fault_kind_of_the_corpus_arrives_at_its_tick; crates/takt-conformance/tests/differential.rs::the_interpreter_and_the_generated_code_agree; crates/takt-sema/tests/sleep.rs::a_scheduled_output_keeps_the_system_awake; crates/takt-conformance/tests/board_esp32c6.rs::a_schedule_inside_the_guard_is_a_timing_fault
SEM-9.9,Semantik/Abschnitt,9.9,Schlaf,,M5 (Embedded),fertig,,crates/takt-sema/tests/theorems.rs::theorem_9_9_1_an_idle_step_changes_nothing; crates/takt-conformance/tests/differential.rs::virtual_sleep_is_invisible; crates/takt-rt-linux/tests/sleep.rs::the_trace_with_sleep_is_the_trace_without; crates/takt-sema/tests/sleep.rs::a_full_wake_window_keeps_the_system_awake; crates/takt-conformance/tests/host_board.rs::a_wake_source_ends_the_sleep_on_the_host; crates/takt-rt-core/tests/wake.rs::a_wake_source_of_the_program_ends_the_sleep_at_the_next_boundary
SEM-9.10,Semantik/Abschnitt,9.10,Persistenz,,M5 (Embedded),fertig,,crates/takt-sema/tests/persist.rs::theorem_9_4_1_holds_with_a_filled_store; crates/takt-sema/tests/persist.rs::a_stored_value_overrides_the_default; crates/takt-rt-core/tests/persist_loop.rs::the_loop_writes_the_journal_and_a_restart_reads_it_back
SEM-11.1,Semantik/Abschnitt,11.1,Komponenten (Rust-Workspace),,M10 (Audit),fertig,"11.1 nennt jedes Crate, geplante markiert; `the_components_of_11_1_are_the_workspace` haelt Liste und Kommandos gegen crates/ und `takt-cli` (M10 Schritt 24)",crates/takt-conformance/tests/tcb_manifest.rs::the_components_of_11_1_are_the_workspace
SEM-11.2,Semantik/Abschnitt,11.2,Lowering einer Maschine (Skizze),,M1-M4 (Lowering),fertig,,crates/takt-llvm/tests/machines.rs::the_configuration_is_a_path_array_of_fixed_depth; crates/takt-llvm/tests/machines.rs::a_check_branches_into_the_fault_trampoline; crates/takt-llvm/tests/machines.rs::sibling_states_overlay_their_variables; crates/takt-llvm/tests/lowering.rs::the_pointer_threshold_follows_the_reference; crates/takt-llvm/tests/instrument.rs::statements_store_more_than_states_and_off_stores_nothing_extra
SEM-11.3,Semantik/Abschnitt,11.3,Sim-Build vs. HW-Build,,M4 (Codegen),teilweise,"Inventur 2026-10-04: Lauf-Header der Einbettung (Form, Praefix, ABI-Version, Speicherschutz) und Binaer-Hash im Image-Header fehlen; record.rs schreibt keine dieser Zeilen",crates/takt-conformance/tests/reproducible.rs::the_same_source_yields_the_same_binary; crates/takt-sema/tests/builds.rs::both_builds_share_the_same_logic; crates/takt-sema/tests/mir_versions.rs::every_format_version_reads_and_runs_like_today; crates/takt-interp/tests/recording_versions.rs::a_newer_version_is_refused
SEM-11.4,Semantik/Abschnitt,11.4,"Standardbibliothek (Auszug, mit Einheitenvariablen)",,M10 (aus M6),teilweise,"jeder Eintrag aus 11.4 belegt (`every_entry_of_11_4_exists`, `MISSING` leer); `fft256`, `rsa3072_verify`, `aes_gcm_decrypt` mit M10 Schritt 21; Inventur 2026-10-04: FB-400 offen: cross_check, hold_last, window_min, pulse_counter, stopwatch, reader, writer nur im Interpreter (sim/11_4), nie im erzeugten Code",crates/takt-sema/tests/stdlib.rs::every_entry_of_11_4_exists; crates/takt-sema/tests/stdlib.rs::an_integer_pid_clamps_at_its_limits; crates/takt-sema/tests/blocks.rs::integrate_accumulates_and_saturates; crates/takt-sema/tests/fast_math.rs::sin_fast_and_cos_fast_keep_their_bounds; crates/takt-sema/tests/golden_sim.rs::golden_traces_match
SEM-11.5,Semantik/Abschnitt,11.5,`takt size`: Speicherbudget,,M10 (aus M3),fertig,,crates/takt-cli/tests/stages.rs::size_lists_its_items_with_origin; crates/takt-sema/tests/analysis.rs::the_memory_report_separates_reliable_from_open; crates/takt-conformance/tests/measured.rs::the_report_takes_the_measurement; crates/takt-sema/tests/hardware.rs::the_stack_reserve_of_the_calibration_enters_the_size; crates/takt-sema/tests/hardware.rs::the_memory_budget_is_judged_against_the_target; crates/takt-cli/tests/check_image.rs::a_well_linked_image_has_no_finding; crates/takt-cli/tests/stages.rs::a_job_argument_costs_no_stack
SEM-12.1,Semantik/Abschnitt,12.1,Gemeinsame Struktur,,M4/M5 (Runtime),fertig,"Eingänge im MCU-Rahmen (2026-09-22): `takt_in_<pfad>(&value, &quality)` als Gegenstück zu `takt_out_*`; der Treiber liefert die Qualität mit (12.6), ohne Antwort bleibt der Eintrag `Bad` (3.5). Belegt am ESP32-C6 mit dem BOOT-Taster. Seit M11 Schritt 5 stark gebunden, mit Praefix, Wirtszeiger und Tickgrenze (`P_in_<adr>(user, now, …)`, FB-362)",crates/takt-rt-core/tests/loop.rs::service_never_waits_and_names_the_next_deadline; crates/takt-conformance/tests/mcu_harness.rs::a_bound_input_becomes_a_driver_symbol; crates/takt-frame/tests/edge_abi.rs::the_frame_declares_the_edge_core_as_it_is_defined; crates/takt-conformance/tests/board_esp32c6.rs::a_board_input_reaches_the_process_image
SEM-12.2,Semantik/Abschnitt,12.2,Linux-Box (Cortex-A / x86-64),,M4 (Codegen),teilweise,"Inventur 2026-10-04: In takt-rt-linux fehlen Web-API (Dashboards, Commands mit Berechtigung, Zustandspfad), Treiber in eigenen Threads mit lock-freiem Doppelpuffer und SPSC-Telemetrie; SCHED_FIFO bewusst nicht selbst gesetzt",crates/takt-rt-linux/tests/profile.rs::the_tick_loop_runs_on_the_real_clock; crates/takt-rt-linux/tests/profile.rs::absolute_deadlines_do_not_accumulate_drift; crates/takt-rt-linux/tests/profile.rs::the_guarantee_holds_only_when_all_three_parts_do; crates/takt-rt-linux/tests/jobs.rs::a_job_delivers_the_digest_of_its_argument
RT-8.6-Strompuffer,Umsetzung,12.1,"Strompuffer der Runtime (`takt-rt-core::stream`): Ring ueber geliehenen Feldern statt Const-Generics, feste Slots und Byte-Ring in einer Struktur (FB-115)",,M4/M5 (Runtime),fertig,,crates/takt-rt-core/tests/stream.rs::the_byte_ring_bounds_independently; crates/takt-rt-core/tests/stream.rs::content_that_wraps_is_read_whole; crates/takt-rt-core/tests/stream_invariants.rs::the_invariants_hold_under_random_operations; crates/takt-interp/tests/ring_agreement.rs::a_long_mixed_run_agrees_at_every_step; crates/takt-interp/tests/ring_agreement.rs::an_element_larger_than_the_byte_ring_overflows_without_dropping; crates/takt-interp/tests/ring_agreement.rs::drop_oldest_with_variable_lengths_agrees
RT-8.6-Rahmenstroeme,Umsetzung,12.1,"Stroeme im Rahmen (`takt-frame::streams`): ein Byte-Ring mit Deskriptoren je Strom, gespeist vom Treiberrand (12.6), in der Arena (12.11); Schranken aus 8.6 wie `Buffer` im Interpreter (FB-115)",,M4 (Codegen),teilweise,"FB-427 offen: nativ verdraengt `send` an einen internen Strom mit `drop_oldest` nicht, der Sender faultet",crates/takt-conformance/tests/streams.rs::the_bounds_reach_the_ring; crates/takt-conformance/tests/streams.rs::a_reader_that_falls_behind_overflows_the_ring; crates/takt-conformance/tests/streams.rs::the_counters_of_a_stream_are_the_interpreters; crates/takt-conformance/tests/streams.rs::elements_reach_the_edge_with_their_numbering; crates/takt-interp/tests/ring_agreement.rs::an_element_larger_than_the_byte_ring_overflows_without_dropping; crates/takt-interp/tests/ring_agreement.rs::drop_oldest_with_variable_lengths_agrees
CG-8.7-Captures,Umsetzung,11.2,"Mustervergleich mit Extraktion im erzeugten Code (`takt-llvm::captures`): Vorwaertsdurchlauf als IR statt Aufruf in die Runtime, weil die Naht Rohzeiger braeuchte (13.4); `takt-match` als Orakel (FB-113)",,M4 (Codegen),fertig,,crates/takt-llvm/tests/captures.rs::the_generated_matcher_agrees_with_takt_match; crates/takt-conformance/tests/differential.rs::the_two_implementations_agree_on_stream_elements
CG-8.8-Send,Umsetzung,11.2,"`send` und Formatstrings im erzeugten Code (`takt-llvm::format`): `{x}`, `{x:hex}`, `{x:04}`; `float` bleibt aus (4.2, zweite Rundungsquelle) (FB-112)",,M4 (Codegen),fertig,,crates/takt-conformance/tests/differential.rs::the_format_specs_produce_the_expected_text; crates/takt-conformance/tests/differential.rs::the_two_implementations_agree_on_has_and_send
CG-8.9-Reduktionen,Umsetzung,11.2,"Reduktionen ueber Abtastfenster im erzeugten Code (`takt-llvm::reduce`): `min`, `max`, `mean`, `rms`, `count`, `last`; abgerollt, Summation von links nach rechts wie im Interpreter (4.2)",,M4 (Codegen),teilweise,"Inventur 2026-10-04: `last` kommt in keinem Programm vor, das nativ laeuft; 26_samples reduziert ein konstantes Feld, ueber ein Fenster nur min/max (66_capture)",crates/takt-conformance/tests/differential.rs::the_two_implementations_agree_on_capture_windows; crates/takt-conformance/tests/differential.rs::the_interpreter_and_the_generated_code_agree; corpus-try/26_samples.takt
CG-5.8-Every,Umsetzung,11.2,"`every d:` im erzeugten Code: ein `i64` je Aufrufstelle im Zustand (`Role::EveryNext`); Uhr ist `t_in_state` im Zustand, `now` im Maschinen-`loop:` (5.8)",,M4 (Codegen),fertig,,crates/takt-conformance/tests/differential.rs::the_interpreter_and_the_generated_code_agree; corpus-try/27_every.takt; crates/takt-sema/tests/semantics.rs::a_machine_wide_every_keeps_its_period_across_state_changes
CG-13.2-Verdict,Umsetzung,11.2,"`verdict pass | fail` im erzeugten Code: eine Beobachtung wie `verify`, kein Fault (Leitentscheidung 14)",,M4 (Codegen),teilweise,"Inventur 2026-10-04: Der erzeugte Code schreibt `verdict`, aber compare vergleicht keine verdict-Zeilen (FB-391 Rest); scenarios.rs prueft das Verdikt nur im Interpreter",crates/takt-conformance/tests/mcu_harness.rs::every_observation_line_carries_its_tick; crates/takt-conformance/tests/scenarios.rs::every_scenario_runs_natively_like_takt_test
CG-9.8-At,Umsetzung,11.2,"`at T:` und `cancel` im erzeugten Code: die Warteschlange gehoert der Runtime (11.2), `takt_schedule`/`takt_cancel` als ABI; `TimingFault` und `ScheduleOverflow` entscheidet sie (9.8)",,M4 (Codegen),teilweise,"Inventur 2026-10-04: FB-400 offen: `cancel` (und `pulse`) nie ausgefuehrt; nur 05_streams_and_protocol nutzt sie, ohne Lauf",crates/takt-conformance/tests/differential.rs::the_interpreter_and_the_generated_code_agree; corpus-try/28_scheduled.takt; crates/takt-conformance/tests/mcu_harness.rs::a_scheduled_output_carries_its_guard; crates/takt-conformance/tests/board_esp32c6.rs::a_schedule_inside_the_guard_is_a_timing_fault
CG-11.2-Goto,Umsetzung,11.2,`->` als Anweisung: Zustandswechsel und Sprung ans Kettenende (11.2); im Entry-Tick wirkungslos (5.2 Regel 4). Teilt `enter_leaf` mit den Uebergaengen,,M4 (Codegen),teilweise,Inventur 2026-10-04: `->` als Anweisung nativ belegt; die Wirkungslosigkeit im Entry-Tick (5.2 Regel 4) hat keinen eigenen Test,crates/takt-conformance/tests/switches.rs::a_fault_after_a_goto_takes_the_fault_path_of_the_new_state; crates/takt-conformance/tests/switches.rs::a_goto_into_a_resume_state_takes_the_saved_path
CG-3.11-Matrizen,Umsetzung,11.2,"Matrizen im erzeugten Code (`takt-llvm::matrix`): dieselben Rechenwege wie `libtaktm::mat`, ausgerollt, `fma`-Ketten ab null, LU mit Laufzeit-Pivotzeile in Temporaerwerten; singulaer springt in den Fault-Pfad, `det` gibt null, `cholesky` `none`; Temporaerwerte als `alloca` (Punkt 19 in plan/m6.md 7)",,M6,fertig,,crates/takt-llvm/tests/matrices.rs::the_matrix_corpus_lowers_completely; crates/takt-conformance/tests/differential.rs::the_interpreter_and_the_generated_code_agree; crates/takt-conformance/tests/differential.rs::qp_box_solves_a_two_by_two_problem
CG-13.3-Monitore,Umsetzung,11.2,"Laufzeitmonitore im erzeugten Code (`takt-llvm::monitor`): je Eigenschaft `takt_monitor_<i>` ueber den Tick-Rand-Snapshot, Ring je Atom, Fenster als Schleifen, Entscheidung der Position `k - F` im Tick `k` wie der Interpreter; `takt_property(arena, i, at)` als ABI; Abnahme `monitors.rs`",,M6,fertig,,crates/takt-conformance/tests/monitors.rs::native_monitors_report_the_same_violations_in_the_same_tick; crates/takt-conformance/tests/monitors.rs::the_monitors_lower_and_the_interpreter_finds_the_violations
CG-8.7-Record_Muster,Umsetzung,11.2,"Record-Muster in Handler und Guard im erzeugten Code: `takt_stream_at` schreibt `t`, Laenge und Bytes — Text in der Sammlungsform, ein Record in der kanonischen Byteform (plan/m6.md 2.2); `decode_canonical` in einen Scratch, Feldvergleich je Musterfeld (`record_hit`); die Bindung traegt `t`, `seq` und `data`/`text` (`bind_element`, 8.7 Wrapper-Regel); Rahmen kodiert Records aus dem Stimulus; Abnahme `49_record_streams.takt`, 14.7 in `examples.rs`",,M6,fertig,,crates/takt-conformance/tests/differential.rs::the_two_implementations_agree_on_record_elements_and_peek; crates/takt-conformance/tests/examples.rs::the_reference_examples_agree_on_both_paths
CG-8.6-peek,Umsetzung,11.2,"`s.peek()` im erzeugten Code (`stream_peek`): erstes Element des Fensters als `E?`, untersucht; `examined + 1` je Strom im Zustand der Maschine (`Role::Examined`), der Cursor rueckt am Ende des Schritts (9.6) — das Fenster bleibt fuer den ganzen Tick dasselbe, ein Handler sieht das gepeekte Element noch",,M6,fertig,,crates/takt-conformance/tests/differential.rs::the_two_implementations_agree_on_record_elements_and_peek; crates/takt-sema/tests/peek.rs::peek_shows_the_element_the_handler_still_gets
CG-8.7-Guard,Umsetzung,11.2,"Muster-Guard in Uebergaengen (`until … matches`): erstes passendes Element im Fenster, `examined` nur bis dorthin (8.7); Record-Muster seit M6 Schritt 23 (`record_hit`)",,M4 (Codegen),fertig,,crates/takt-conformance/tests/differential.rs::the_two_implementations_agree_on_record_elements_and_peek; crates/takt-sema/tests/handlers.rs::a_stream_guard_takes_the_first_match
CG-3.9-Text,Umsetzung,11.2,"Textliterale als Wert und Textvergleich nach Inhalt (3.9): was hinter der Laenge steht, zaehlt nicht",,M4 (Codegen),teilweise,Inventur 2026-10-04: Textliterale als Wert laufen nativ (104_linear_has); der Textvergleich nach Inhalt (text_equal) wird nur in 14.6 uebersetzt und dort ohne Stimulus nie ausgefuehrt,crates/takt-conformance/tests/differential.rs::the_interpreter_and_the_generated_code_agree; corpus-try/104_linear_has.takt; crates/takt-conformance/tests/examples.rs::the_reference_examples_agree_on_both_paths
CG-11.5-Inspect,Umsetzung,11.5,"Messung am erzeugten Objekt (`takt-llvm::inspect`): Abschnitte, Symbole und Stackrahmen ueber die Binutils der jeweiligen Zielkette; ELF und PE/COFF",,M4 (Codegen),fertig,,crates/takt-llvm/src/inspect.rs::the_section_table_reads_names_sizes_and_addresses; crates/takt-llvm/src/inspect.rs::symbols_are_sorted_by_the_section_that_holds_them; crates/takt-conformance/tests/measured.rs::the_step_function_has_a_measurable_frame
CG-11.5-SizeGemessen,Umsetzung,11.5,`takt size` gegen das Objekt geprueft: die DFA-Tabellen stimmen mit `.rodata` ueberein (FB-121),,M4 (Codegen),fertig,,crates/takt-conformance/tests/measured.rs::the_dfa_tables_fit_into_rodata; crates/takt-conformance/tests/measured.rs::the_pattern_tables_are_exactly_the_emitted_ones
CG-11.5-FlashPosten,Umsetzung,11.5,"Der Posten „Flash (Code, Konstanten)"" wird gemessen statt `offen`: braucht ein festes Ziel",,M5 (Embedded),fertig,,crates/takt-conformance/tests/measured.rs::the_flash_share_can_be_measured; crates/takt-conformance/tests/measured.rs::the_report_takes_the_measurement
CG-12.3-StackTiefe,Umsetzung,12.3,"Stacktiefe als laengster Pfad im Aufrufgraphen plus Rahmen je Funktion; die Rahmen schreibt LLVM beim Uebersetzen (`-fstack-usage`, `inspect::stack_usage_of`)",,M5 (Embedded),fertig,M11 Schritt 13 (2026-10-07): Rahmen aus `-fstack-usage` statt aus dem Prolog (FB-454),crates/takt-sema/tests/analysis.rs::the_stack_depth_is_the_longest_path_not_the_sum; crates/takt-sema/tests/analysis.rs::an_unmeasured_frame_leaves_the_depth_unknown; crates/takt-conformance/tests/measured.rs::the_step_function_has_a_measurable_frame; crates/takt-llvm/tests/stack_usage.rs::a_large_frame_counts_whole; crates/takt-llvm/src/inspect.rs::stack_usage_reads_clang_lines
CG-13.4-Objektcode,Umsetzung,13.4,Objektcode gegen Quelle nachvollziehen (Zertifizierung): baut auf `inspect::symbols` auf,,M9 (v2),offen,,""
SEM-12.3,Semantik/Abschnitt,12.3,"MCU (Cortex-M, RISC-V; `no_std`)",,M10 (aus M5),teilweise,"Board-Korpus ohne Abweichung auf Cortex-M4F (F401, `board_stm32f401.rs`) und RV32IMAC (C6, `board_esp32c6.rs`), dazu Watchdog, Ueberlauf, MPU/PMP, Jobs, Schlaf und Journal in denselben Suiten (2026-10-02: F401 15 von 15, C6 21 von 21); ohne Board der MCU-Rahmen auf dem Wirt (`host_board.rs`); Inventur 2026-10-04: FB-367 betrifft die Messung",crates/takt-conformance/tests/board_stm32f401.rs::the_board_agrees_with_the_interpreter; crates/takt-conformance/tests/board_esp32c6.rs::the_board_agrees_with_the_interpreter; crates/takt-conformance/tests/board_stm32f401.rs::the_mpu_turns_a_write_of_the_tcb_into_runtime_hardware; crates/takt-conformance/tests/board_esp32c6.rs::a_missed_kick_begins_the_next_run_after_the_watchdog; crates/takt-conformance/tests/host_board.rs::the_host_board_agrees_with_the_interpreter; crates/takt-conformance/tests/board_esp32c6.rs::a_wake_source_ends_the_sleep; crates/takt-conformance/tests/board_stm32f401.rs::a_wake_source_ends_the_sleep
SEM-12.4,Semantik/Abschnitt,12.4,Sicherheitsmechanismen außerhalb der Sprache,,M10 (aus M5),fertig,"`takt check --hw-export` (`hw_export_cmd.rs`), Pruefung 60 haelt `safe` von Programm und Konfiguration gleich (`a_safe_value_mismatch_is_an_error`), Heartbeat des Geraets nach 12.6 Zeile 6 auf beiden Boards und dem Wirt (`driver_edge_agrees`); auf den Boards ist der Treiber das Geraet: ein stehender Tick endet im Watchdog-Reset, und der naechste Lauf stellt vor dem ersten Commit alle Outputs auf `safe` (`tick_zero_enters_initial_and_commits_safe_outputs`, Watchdog-Tests der Boards)",crates/takt-cli/tests/hw_export_cmd.rs::the_safe_values_land_in_the_configuration; crates/takt-sema/tests/hardware.rs::a_safe_value_mismatch_is_an_error; crates/takt-hal/tests/edge.rs::a_silent_heartbeat_faults_the_owner; crates/takt-conformance/tests/board_esp32c6.rs::the_driver_edge_judges_like_the_interpreter; crates/takt-sema/tests/semantics.rs::tick_zero_enters_initial_and_commits_safe_outputs
SEM-12.5,Semantik/Abschnitt,12.5,Recording und Replay,,M4 (Codegen),fertig,,crates/takt-sema/tests/record.rs::replaying_a_recording_reproduces_the_run; crates/takt-sema/tests/machine_replay.rs::the_source_itself_replays_without_foreign_lines; crates/takt-sema/tests/trace_chain.rs::a_sealed_recording_verifies_its_trace_and_rejects_another; crates/takt-cli/tests/verify_trace_cmd.rs::the_recorded_chain_matches_the_trace_and_catches_a_change
SEM-12.6,Semantik/Abschnitt,12.6,Defensiver Treiberrand,,M10 (aus M5),fertig,"Zeilen 1 bis 7 in allen Runtimes und auf beiden Boards (M10 Schritt 29, FB-285), `driver-test` fuer Treiber in Takt und in Rust (Schritt 11), `malformed` nativ (Schritt 34, FB-361)",crates/takt-hal/tests/edge.rs::a_timestamp_outside_the_window_is_clamped; crates/takt-hal/tests/edge.rs::a_gap_in_seq_breaks_the_contract; crates/takt-hal/tests/edge.rs::a_value_beyond_max_slew_is_implausible; crates/takt-hal/tests/edge.rs::an_unconfirmed_write_faults_the_owner; crates/takt-conformance/tests/driver_edge.rs::the_native_frame_judges_like_the_interpreter; crates/takt-conformance/tests/host_board.rs::the_driver_edge_judges_on_the_host_like_the_interpreter
SEM-12.7,Semantik/Abschnitt,12.7,"Anfang und Ende eines Laufs (System-Channels, v1.1)",v1.1,M6,fertig,"M10 Schritt 33 (FB-360), 2026-10-02: `previous_run` und `next_run`; Board-Tests `a_run_ended_now_begins_the_next_at_once`, `a_run_ended_after_a_delay_begins_the_next_after_it`, `a_missed_kick_begins_the_next_run_after_the_watchdog` auf F401 und C6; Board-Korpus beider Boards ohne Abweichung (mit 32, 34, `sim/12_7`); Suiten F401 14 von 14, C6 21 von 21",crates/takt-sema/tests/theorems.rs::next_run_ends_the_run; crates/takt-sema/tests/theorems.rs::a_run_sees_how_the_previous_one_ended; crates/takt-sema/tests/sys_channels.rs::an_end_on_wake_without_a_wake_source_warns; crates/takt-conformance/tests/board_stm32f401.rs::a_missed_kick_begins_the_next_run_after_the_watchdog
SEM-12.8,Semantik/Abschnitt,12.8,Laufzeitprofile (v1.1),v1.1,M10 (aus M6),teilweise,"`system: target` mit den drei Profilen (`the_target_is_one_of_the_three_profiles`); `linux_rt` (`takt-rt-linux/tests`), `baremetal` (Board-Suiten, `host_board.rs`), `shared` unter RTIC 2 auf dem F401 (`the_board_agrees_with_the_interpreter_under_rtos`); `boot` verworfen 2026-10-02 (FB-360); `rtos` heisst seit 2026-10-02 `shared`, der alte Name ist ein Fehler mit Vorschlag (M11 Schritt 1); das Profil aus der Form fuehrt PAR-12.11-Formen; Inventur 2026-10-04: FB-384 offen: Lints 40/41 sehen das Profil aus der Form der Einbindung nicht",crates/takt-sema/tests/sys_channels.rs::the_target_is_one_of_the_three_profiles; crates/takt-cli/tests/embed_cmd.rs::a_profile_against_the_form_is_refused_with_both_names; crates/takt-conformance/tests/board_stm32f401.rs::the_board_agrees_with_the_interpreter_under_rtos
SEM-12.9,Semantik/Abschnitt,12.9,"Verteilte Ausführung (v2): Regeln, die schon heute gelten",v2,M9 (v2),offen,,""
SEM-12.10,Semantik/Abschnitt,12.10,"Treiberstufe (v1.2): Register, Ports und Gerätemodelle",v1.2,M8 (Treiberstufe),fertig,"M8 Schritte 14-22: `port … @ mmio(…)` nur in `driver machine` (Prüfung 64), Zugriffe sofort und in Programmordnung (`load`/`store volatile`), Zugriffsarten am Bitfeld ohne RMW für `w1c`, Kostenklasse `mem`, Gerätemodell als Sim-Paar `mmio/ADR/r` und `mmio/ADR/w`, Prüfung 59 mit `polling = unchecked`. Abnahme `feedback/test_uart.takt`. M8 Schritt 20: auf Silizium belegt — `driver machine uart0` liest STATUS an 0x6000_001C, prüft `txfifo_cnt < 120` und schreibt zehn Bytes einzeln an 0x6000_0000; die Zeilen erscheinen am CP210x des Boards, lückenlos aufsteigend (`a_driver_machine_writes_uart0_registers`). M10 Schritt 9 (FB-261, FB-307): Auf einem Wirt geht jeder Portzugriff über die Runtime, und der Testrahmen bildet die Adresse auf das Gerätemodell ab; Lesen mit Unit-Delay, Schreibelemente ab dem nächsten Tick, unabhängig von der Schrittfolge",crates/takt-conformance/tests/ports.rs::the_generated_code_maps_ports_like_the_interpreter; crates/takt-conformance/tests/ports.rs::a_w1c_write_sends_only_its_own_bit; crates/takt-conformance/tests/board_esp32c6.rs::a_driver_machine_writes_uart0_registers; corpus-try/checks/SC-64
SEM-13.1,Semantik/Abschnitt,13.1,Referenzinterpreter und differentielles Testen,,M4 (Codegen),teilweise,Inventur 2026-10-04: (c) Mutationstests der Fault-Pfade fehlen (FB-379); Korpusvergleich ohne Eingaben (FB-376),crates/takt-conformance/tests/differential.rs::the_two_implementations_agree_on_recorded_inputs; crates/takt-conformance/tests/fuzz.rs::generated_programs_agree; crates/takt-conformance/tests/fuzz_machines.rs::generated_machines_agree
SEM-13.2,Semantik/Abschnitt,13.2,Coverage aus der Simulation,,M6 (v1.1),fertig,,crates/takt-sema/tests/scenarios.rs::coverage_counts_states_transitions_and_checks; crates/takt-sema/tests/scenarios.rs::every_hit_names_a_site_and_the_gaps_are_listed; crates/takt-cli/tests/test_cmd.rs::every_scenario_runs_and_the_coverage_lands_in_a_file
SEM-13.3,Semantik/Abschnitt,13.3,Eigenschaftsprüfung (v1.1),v1.1,M6,teilweise,"Monitore im Interpreter und nativ (Schritt 19), Kodierung, Export, Solver und Pruefstellen-Klassifikation (Schritte 20-22); Reichweite: Invarianten ohne Zeitoperatoren, kein Job in der Kodierung; gemessen 2026-10-09: 100 von 117 Korpusprogrammen als Gesamtmodell kodierbar (2026-10-03: 38 von 106), Zeitoperatoren seit 2026-10-08 als Monitor im Modell (FB-374), Invariantensuche und Tiefe aus den Fristen (FB-375), Stroeme und Handler (Schritt 27c-1), Text und Textmuster (Schritt 27c-2), Ausgabestroeme (Schritt 27c-3), Funktionen aus `libtaktm`, Einheiten und Bits (Schritt 27a-3), Ergebnisse und Tabellen (Schritt 27a-4), Drahtformat und Ausschnitte (Schritt 27a-5); seit 2026-10-08 Gueltigkeit der Inputs und Tunables im Modell, Ueberlauf, Schiebebetrag, Konversion und Definitionsbereich als Fault-Zweige; das Urteil nennt seine Annahmen, Bericht und Beweisdatei Solver und Version (FB-372, FB-380); M11 Schritte 26, 27",
SEM-13.4,Semantik/Abschnitt,13.4,Zertifizierungspfad,,M10 (aus M5),teilweise,"plan/cert.md: Teilmenge mit erzwingender Pruefung, TCB-Manifest, Rueckverfolgung (`req`, Anforderungen, Gate), Messungen, Zielnormen; qualifizierbarer Codegen bleibt spaetere Investition (13.4); Inventur 2026-10-04: Stabile ID je Pruefstelle (Hash aus Pfad und Text) nicht gefunden; Stellen sind per Versatz geschluesselt (vgl. FB-393)",crates/takt-cli/tests/report.rs::the_gate_says_which_checks_could_not_decide; crates/takt-cli/tests/report.rs::the_report_lists_every_requirement_with_its_sites; crates/takt-conformance/tests/tcb_manifest.rs::the_components_of_11_1_are_the_workspace
SEM-13.4-Anforderungen,Semantik/Abschnitt,13.4,"Anforderungsreferenzen im Report: `takt check --report` listet je `req`-ID ihre Stellen, `takt test` die Szenarien dazu (v1.2)",v1.2,M8,fertig,"`takt-mir::requirements`; `verify` zaehlt fuer die Coverage wie ein `check`; Korpus `61_requirements.takt`, `takt-cli/tests/report.rs`",crates/takt-cli/tests/report.rs::the_report_lists_every_requirement_with_its_sites; crates/takt-cli/tests/report.rs::takt_test_names_the_scenarios_that_ran_each_site; crates/takt-cli/tests/report.rs::a_site_without_a_scenario_is_reported_as_such
SEM-13.5,Semantik/Abschnitt,13.5,"Messwerte, Prüfungen ohne Abbruch, Verdikte",,M4 (Codegen),teilweise,Inventur 2026-10-04: FB-391 compare nur teilweise behoben,crates/takt-sema/tests/semantics.rs::observations_and_verdict_follow_13_5; crates/takt-sema/tests/semantics.rs::verify_failure_makes_the_run_fail; crates/takt-sema/tests/semantics.rs::an_invalid_input_is_logged_measured_and_counted_as_a_violation; crates/takt-cli/tests/test_cmd.rs::an_inconclusive_scenario_fails_the_run
SEM-13.6,Semantik/Abschnitt,13.6,Szenarien (v1.1),v1.1,M6,fertig,,crates/takt-sema/tests/scenarios.rs::a_chosen_scenario_runs_and_ends_the_run_in_its_last_state; crates/takt-sema/tests/scenarios.rs::a_scenario_writes_only_sim_outputs; crates/takt-cli/tests/test_cmd.rs::every_scenario_runs_and_the_coverage_lands_in_a_file
SEM-13.7,Semantik/Abschnitt,13.7,Kampagnen (v1.1),v1.1,M6,fertig,,crates/takt-sema/tests/campaigns.rs::the_run_space_is_the_product_of_the_sweeps_times_repeat; crates/takt-cli/tests/campaign_cmd.rs::every_run_lands_in_the_table_and_replays_from_its_recording; crates/takt-cli/tests/campaign_cmd.rs::stop_on_fail_ends_the_campaign_after_the_first_failure; crates/takt-sema/tests/campaigns.rs::a_sweep_step_below_twice_the_jitter_is_rejected
SEM-13.8,Semantik/Abschnitt,13.8,Treiber- und Native-Konformität,,M10 (aus M5),teilweise,"Kalibrierung und Referenzkerne auf beiden Boards zum Kostenmodell 2 (2026-10-06, Messprogramm als Baustein, M11 Schritt 12), Natives kuratiert (Schritt 21, FB-293), `driver-test` in allen drei Modi mit jeder Zeile aus 12.6 im Bericht (Schritte 11 und 34, 2026-10-02); Inventur 2026-10-04: takt port-test offen (eigene Zeile); offene Befunde FB-364, FB-376, FB-378, FB-379, FB-381, FB-382, FB-391",crates/takt-cli/tests/driver_test_cmd.rs::the_uart_driver_passes_with_every_reaction_triggered; crates/takt-cli/tests/driver_test_cmd.rs::a_driver_crate_is_judged_by_the_edge_on_the_host; crates/takt-conformance/tests/board_stm32f401.rs::the_natives_agree_with_the_host
SEM-13.9,Semantik/Abschnitt,13.9,Migration aus C: `takt import-c` und Orakel-Modus (v1.1),v1.1,M7 (Werkzeuge),offen,,""
SEM-14.1,Semantik/Abschnitt,14.1,Zündablauf eines Triebwerksprüfstands mit Interlocks,,M4 (Codegen),fertig,,corpus-try/sim/14_1/program.takt; crates/takt-sema/tests/golden_sim.rs::golden_traces_match; crates/takt-conformance/tests/examples.rs::the_reference_examples_agree_on_both_paths; crates/takt-prove/tests/against_interpreter.rs::the_hotfire_example_agrees_over_its_scenarios
SEM-14.2,Semantik/Abschnitt,14.2,Batterie-Thermozyklus mit Profil und Plant-Modell,,M4 (Codegen),fertig,,corpus-try/sim/14_2/program.takt; crates/takt-sema/tests/golden_sim.rs::golden_traces_match; crates/takt-conformance/tests/examples.rs::the_reference_examples_agree_on_both_paths
SEM-14.3,Semantik/Abschnitt,14.3,Parametrisierte Maschine mit Instanzen (Ventilregler mit Rückmeldung),,M4 (Codegen),fertig,,corpus-try/sim/14_3/program.takt; crates/takt-sema/tests/golden_sim.rs::golden_traces_match; crates/takt-conformance/tests/examples.rs::the_reference_examples_agree_on_both_paths
SEM-14.4,Semantik/Abschnitt,14.4,Funktionen und Blöcke (Standardbibliothek-Stil),,M4 (Codegen),fertig,,corpus-try/sim/14_4/program.takt; crates/takt-sema/tests/golden_sim.rs::golden_traces_match; crates/takt-conformance/tests/examples.rs::the_reference_examples_agree_on_both_paths
SEM-14.5,Semantik/Abschnitt,14.5,Überwachung eines Thermoelement-Feldes,,M4 (Codegen),fertig,,corpus-try/sim/14_5/program.takt; crates/takt-sema/tests/golden_sim.rs::golden_traces_match; crates/takt-conformance/tests/examples.rs::the_reference_examples_agree_on_both_paths
SEM-14.6,Semantik/Abschnitt,14.6,"Versorgungsunterbrechung mit Live-Log-Auswertung (Streams, Muster, geplante Ausgaben, Verdikte)",,M4 (Codegen),teilweise,"Inventur 2026-10-04: FB-401 offen: 14.6 der Referenz uebersetzt nicht (Einheiten in Zeile 76), die Kopie in corpus-try/sim ist still repariert",corpus-try/sim/14_6/program.takt; crates/takt-sema/tests/golden_sim.rs::golden_traces_match; crates/takt-conformance/tests/examples.rs::the_reference_examples_agree_on_both_paths
SEM-14.7,Semantik/Abschnitt,14.7,"Batteriemanagement mit Selbsttests (MCU; Persistenz, Schlaf, Bit-Operationen, Tabellen)",,M10 (aus M5),fertig,"14.7 auf Board 2 (M10 Schritt 23): Selbsttest, Betrieb, `IDLE_WAIT`, `STANDBY` und `persist`-Journal, 12 500 Ticks gegen den Interpreter; AFE und Ladegeraet als `sim`-Bindungen, das Modell rechnet auf dem Board mit (darum kein Systemschlaf in `STANDBY`, 9.9). Letzter Beleg: AFE-Platine",corpus-try/sim/14_7/program.takt; crates/takt-sema/tests/golden_sim.rs::golden_traces_match; crates/takt-conformance/tests/board_esp32c6.rs::the_battery_manager_of_14_7_runs_on_board_2; crates/takt-conformance/tests/examples.rs::the_reference_examples_agree_on_both_paths
SEM-14.8,Semantik/Abschnitt,14.8,"Image-Auswahl und -Validierung beim Start (Startprofil; Chunk-Hash, Job, Kommando + Status, Persistenz)",,M6 (v1.1),teilweise,"Wortlaut in `corpus-try/sim/14_8/program.takt` mit den kuratierten Namen (FB-166); im Interpreter mit Flash-Modell und Signaturpruefung; Inventur 2026-10-04: FB-401 offen (Referenz ruft Natives ohne Deklaration, Kopie repariert); FB-402 offen: Wirtsrahmen schreibt keys_sim nicht (GAPS in examples.rs)",corpus-try/sim/14_8/program.takt; crates/takt-sema/tests/golden_sim.rs::golden_traces_match; crates/takt-conformance/tests/examples.rs::the_reference_examples_agree_on_both_paths
G-file,Grammatik,2.3,file,,M0 (Parser/MIR-Entwurf),fertig,,crates/takt-syntax/tests/parser_corpus.rs::every_example_parses_as_its_annotations_say; crates/takt-syntax/tests/sexpr_golden.rs::corpus_trees_match_golden_files; crates/takt-sema/tests/checks.rs::check_1_reports_lexer_and_parser_codes
G-import,Grammatik,2.3,import,,M0 (Parser/MIR-Entwurf),teilweise,Testpruefung 2026-10-03: die Sema lehnt Module mit SC-2 ab (FB-400),""
G-system_decl,Grammatik,2.3,system_decl,,M0 (Parser/MIR-Entwurf),fertig,,corpus-try/01_minimal.takt; crates/takt-sema/tests/diagnostics.rs::every_corpus_file_reports_exactly_its_annotated_errors; crates/takt-sema/tests/checks.rs::certification_mode_makes_missing_edition_an_error
G-system_item,Grammatik,2.3,system_item,,M0 (Parser/MIR-Entwurf),fertig,,crates/takt-sema/tests/sys_channels.rs::the_target_is_one_of_the_three_profiles; crates/takt-sema/tests/calibrated.rs::a_missing_tick_source_is_reported; crates/takt-sema/tests/natives.rs::a_project_native_needs_the_tcb_policy_and_lands_in_the_manifest; corpus-try/07_embedded_field.takt
G-type_decl,Grammatik,2.3,type_decl,,M0 (Parser/MIR-Entwurf),teilweise,Inventur 2026-10-04: Alias nur geparst und deklariert (10_nuances); kein Programm und kein Test verwendet einen Typalias,crates/takt-syntax/tests/parser_corpus.rs::every_example_parses_as_its_annotations_say; crates/takt-sema/tests/diagnostics.rs::every_corpus_file_reports_exactly_its_annotated_errors; corpus-try/10_nuances.takt; crates/takt-syntax/tests/format_edges.rs::units_types_and_bit_headers_align
G-unitvec_decl,Grammatik,2.3,unitvec_decl,v1.1,M0 (Parser) / M6,fertig,,crates/takt-sema/tests/matrices.rs::a_dimensioned_kalman_filter_is_unit_checked_and_runs; crates/takt-sema/tests/matrices.rs::unit_tuples_are_checked_by_hart; corpus-try/46_matrices.takt
G-enum_decl,Grammatik,2.3,enum_decl,,M0 (Parser/MIR-Entwurf),fertig,,corpus-try/02_units_and_data.takt; crates/takt-sema/tests/canonical_bytes.rs::the_discriminant_is_eight_bytes_even_with_a_narrow_layout; corpus-try/checks/SC-51; crates/takt-sema/tests/checks.rs::every_check_directory_passes
G-variant,Grammatik,2.3,variant,,M0 (Parser/MIR-Entwurf),teilweise,Inventur 2026-10-04: FB-394 offen: doppelte explizite Diskriminanten werden nicht erkannt,crates/takt-sema/tests/canonical_bytes.rs::an_enum_carries_its_discriminant_not_its_index; crates/takt-sema/tests/canonical_bytes.rs::an_enum_with_fields_encodes_them_after_the_discriminant; corpus-try/80_payload_variants.takt; crates/takt-conformance/tests/differential.rs::the_interpreter_and_the_generated_code_agree
G-record_decl,Grammatik,2.3,record_decl,,M0 (Parser/MIR-Entwurf),fertig,,crates/takt-sema/tests/wire.rs::the_byte_plan_places_fields_in_declaration_order; crates/takt-sema/tests/wire.rs::big_endian_differs_from_little_endian; crates/takt-sema/tests/wire.rs::align_rounds_up_the_total_length; corpus-try/70_padded_record.takt
G-record_field,Grammatik,2.3,record_field,,M0 (Parser/MIR-Entwurf),fertig,,crates/takt-sema/tests/wire.rs::encode_and_decode_round_trip; corpus-try/52_padding_fields.takt; crates/takt-conformance/tests/differential.rs::the_interpreter_and_the_generated_code_agree
G-field,Grammatik,2.3,field,,M0 (Parser/MIR-Entwurf),fertig,,crates/takt-sema/tests/wire.rs::decode_yields_none_when_a_constant_field_does_not_match; crates/takt-sema/tests/wire.rs::overlapping_offsets_are_rejected; corpus-try/52_padding_fields.takt; corpus-try/checks/SC-37; crates/takt-conformance/tests/wire_codec.rs::a_length_prefixed_field_decodes_and_encodes_alike; crates/takt-conformance/tests/wire_codec.rs::two_length_prefixed_fields_shift_what_follows_and_align_rounds; crates/takt-sema/tests/wire.rs::a_length_prefixed_field_is_as_long_as_its_length_field_says
G-bitfield,Grammatik,2.3,bitfield,,M0 (Parser/MIR-Entwurf),fertig,,crates/takt-sema/tests/bitfields.rs::a_named_bit_reads_as_bool_and_a_field_as_its_type; crates/takt-sema/tests/bitfields.rs::writing_a_bitfield_leaves_its_neighbours_alone; corpus-try/12_bitfields.takt; corpus-try/checks/SC-46
G-unit_decl,Grammatik,2.3,unit_decl,,M0 (Parser/MIR-Entwurf),fertig,,corpus-try/02_units_and_data.takt; crates/takt-sema/tests/lower.rs::units_are_nominal_and_affine_rules_hold; crates/takt-sema/tests/lower.rs::prelude_lowers_without_errors; corpus-try/checks/SC-3
G-unit_name,Grammatik,2.3,unit_name,,M0 (Parser/MIR-Entwurf),fertig,,corpus-try/36_int_units.takt; crates/takt-sema/tests/int_units.rs::a_literal_with_a_unit_types_an_integer; corpus-try/86_units.takt
G-const_decl,Grammatik,2.3,const_decl,,M0 (Parser/MIR-Entwurf),fertig,,corpus-try/13_framing.takt; corpus-try/46_matrices.takt; crates/takt-conformance/tests/differential.rs::the_interpreter_and_the_generated_code_agree; crates/takt-sema/tests/matrices.rs::a_dimensioned_kalman_filter_is_unit_checked_and_runs
G-param_decl,Grammatik,2.3,param_decl,v1.1,M0 (Parser) / M6,fertig,,crates/takt-sema/tests/range_boundaries.rs::a_parameter_outside_its_range_is_rejected_on_load; crates/takt-sema/tests/tunables.rs::a_tune_line_holds_from_its_tick_on; corpus-try/01_minimal.takt; examples/rust-host/tests/frame.rs::tunables_reach_the_program_through_the_loop
G-profile_decl,Grammatik,2.3,profile_decl,,M0 (Parser/MIR-Entwurf),fertig,,crates/takt-sema/tests/golden_sim.rs::golden_traces_match; crates/takt-sema/tests/campaigns.rs::the_campaigns_of_the_corpus_lower; corpus-try/sim/14_2/program.takt
G-channel_decl,Grammatik,2.3,channel_decl,,M0 (Parser/MIR-Entwurf),fertig,,crates/takt-sema/tests/semantics.rs::tick_zero_enters_initial_and_commits_safe_outputs; crates/takt-sema/tests/builds.rs::the_binding_table_is_what_may_differ; corpus-try/checks/SC-7; corpus-try/checks/SC-17
G-stream_decl,Grammatik,2.3,stream_decl,,M0 (Parser/MIR-Entwurf),fertig,,crates/takt-sema/tests/handlers.rs::an_internal_stream_has_a_unit_delay; crates/takt-sema/tests/handlers.rs::a_full_internal_stream_faults_its_writer; corpus-try/53_stream_kinds.takt; corpus-try/checks/SC-43
G-port_decl,Grammatik,2.3,port_decl,v1.2,M0 (Parser) / M8,fertig,,crates/takt-conformance/tests/ports.rs::the_generated_code_maps_ports_like_the_interpreter; crates/takt-conformance/tests/ports.rs::three_writes_in_one_tick_arrive_in_order; corpus-try/68_uart_port.takt; corpus-try/checks/SC-64
G-binding,Grammatik,2.3,binding,,M0 (Parser/MIR-Entwurf),fertig,,crates/takt-sema/tests/builds.rs::the_binding_table_is_what_may_differ; crates/takt-sema/tests/builds.rs::an_unbound_channel_in_use_fails_the_hardware_build; corpus-try/checks/SC-13
G-attr,Grammatik,2.3,attr,v1.1,M0 (Parser) / M6,fertig,,crates/takt-sema/tests/semantics.rs::max_age_defaults_to_twice_the_fastest_reader_period; crates/takt-sema/tests/handlers.rs::check_17_rejects_a_consumer_that_cannot_keep_up; crates/takt-sema/tests/operator_metadata.rs::metadata_lands_on_all_six_carriers; corpus-try/checks/SC-62
G-framing,Grammatik,2.3,framing,,M0 (Parser/MIR-Entwurf),teilweise,"Inventur 2026-10-04: FB-400 offen: cobs, length_prefixed, fixed werden geparst und gesenkt, aber kein Bestandteil liest framing",corpus-try/10_nuances.takt; crates/takt-syntax/tests/parser_corpus.rs::every_example_parses_as_its_annotations_say; crates/takt-sema/tests/diagnostics.rs::every_corpus_file_reports_exactly_its_annotated_errors
G-command_decl,Grammatik,2.3,command_decl,,M0 (Parser/MIR-Entwurf),fertig,,corpus-try/01_minimal.takt; crates/takt-prove/tests/against_interpreter.rs::every_program_of_the_prover_suite_agrees; crates/takt-sema/tests/segment_timeout.rs::the_command_in_time_takes_the_sequence_on
G-fn_decl,Grammatik,2.3,fn_decl,,M0 (Parser/MIR-Entwurf),fertig,,crates/takt-interp/tests/values.rs::functions_run_with_frames_loops_and_break; crates/takt-llvm/tests/machines.rs::a_pure_function_becomes_an_llvm_function; crates/takt-syntax/tests/parser_errors.rs::fn_without_return_type_needs_inout; corpus-try/checks/SC-11
G-native_decl,Grammatik,2.3,native_decl,v1.1,M0 (Parser) / M6,fertig,,crates/takt-sema/tests/natives.rs::a_declaration_must_match_the_curated_signature; crates/takt-sema/tests/natives.rs::a_duration_belongs_to_a_job; crates/takt-sema/tests/natives.rs::a_project_native_needs_the_tcb_policy_and_lands_in_the_manifest; corpus-try/20_native.takt
G-cost_spec,Grammatik,2.3,cost_spec,,M0 (Parser/MIR-Entwurf),fertig,,crates/takt-sema/tests/calibrated.rs::a_native_load_needs_the_native_weight; corpus-try/07_embedded_field.takt; corpus-try/20_native.takt
G-cost_class,Grammatik,2.3,cost_class,,M0 (Parser/MIR-Entwurf),fertig,,crates/takt-sema/tests/calibrated.rs::a_native_load_needs_the_native_weight; crates/takt-sema/tests/calibrated.rs::an_incomplete_calibration_names_what_it_misses; corpus-try/07_embedded_field.takt
G-block_decl,Grammatik,2.3,block_decl,,M0 (Parser/MIR-Entwurf),fertig,,crates/takt-interp/tests/values.rs::block_instances_keep_state_between_steps; crates/takt-sema/tests/foreign_code.rs::a_block_without_step_is_usable; corpus-try/18_blocks.takt; crates/takt-conformance/tests/differential.rs::the_interpreter_and_the_generated_code_agree
G-step_decl,Grammatik,2.3,step_decl,,M0 (Parser/MIR-Entwurf),fertig,"seit M6 mit `requires`/`ensures` (5.7, Schritt 22)",crates/takt-sema/tests/block_contracts.rs::contracts_land_on_the_block_with_result_as_a_local; crates/takt-llvm/tests/machines.rs::step_runs_at_most_once_per_activation; corpus-try/48_contracts.takt; corpus-try/checks/SC-11
PAR-5.7-Vertraege_v1.1,Absatz/Regel,5.7,Verträge (v1.1),v1.1,M6,teilweise,"`requires`/`ensures` am `step` als Beweisverpflichtungen: Sema `lower/decl.rs`, Beweis `takt-prove` (Vertragsziel je Block, `requires` als Pruefstelle an der Aufrufstelle); Inventur 2026-10-04: FB-373 offen: ohne Gesamtmodell entfallen Vertraege; FB-386 (64-Bit-Kodierung) offen; Solvertest kehrt ohne z3 still zurueck",crates/takt-sema/tests/block_contracts.rs::contracts_land_on_the_block_with_result_as_a_local; crates/takt-sema/tests/block_contracts.rs::a_contract_must_be_a_condition_and_result_belongs_to_ensures; crates/takt-prove/tests/with_solver.rs::block_contracts_are_proven_and_their_call_sites_classified
G-method_decl,Grammatik,2.3,method_decl,,M0 (Parser/MIR-Entwurf),fertig,,crates/takt-sema/tests/foreign_code.rs::a_block_instance_answers_to_its_own_methods; crates/takt-llvm/tests/machines.rs::a_block_method_takes_its_instance_by_pointer; crates/takt-sema/tests/foreign_code.rs::a_block_without_step_is_usable
G-generic_vars,Grammatik,2.3,generic_vars,v1.1,M0 (Parser) / M6 (const) / M8 (type),fertig,,crates/takt-sema/tests/lower.rs::generics_solve_units_from_arguments; crates/takt-sema/tests/const_generics.rs::an_explicit_constant_instantiates_a_block; crates/takt-sema/tests/type_generics.rs::a_type_variable_is_inferred_from_the_argument; corpus-try/62_type_generics.takt
G-gvar,Grammatik,2.3,gvar,,M0 (Parser) / M6 (const) / M8 (type),fertig,,crates/takt-sema/tests/type_generics.rs::a_type_argument_can_be_given_explicitly; crates/takt-sema/tests/const_generics.rs::the_range_of_a_constant_is_checked_at_instantiation; crates/takt-sema/tests/lower.rs::unsolvable_unit_variable_asks_for_explicit_instantiation; corpus-try/checks/SC-52
G-capability,Grammatik,2.3,capability,,M0 (Parser/MIR-Entwurf),fertig,,crates/takt-sema/tests/type_generics.rs::a_missing_capability_is_refused_at_the_call_site; crates/takt-sema/tests/type_generics.rs::eq_does_not_hold_for_float; corpus-try/checks/SC-52
G-params,Grammatik,2.3,params,,M0 (Parser/MIR-Entwurf),fertig,,crates/takt-interp/tests/values.rs::functions_run_with_frames_loops_and_break; corpus-try/54_inout.takt; crates/takt-conformance/tests/differential.rs::the_interpreter_and_the_generated_code_agree
G-param,Grammatik,2.3,param,,M0 (Parser/MIR-Entwurf),fertig,,crates/takt-sema/tests/inout.rs::the_call_statement_writes_the_parameter_back; crates/takt-sema/tests/range_boundaries.rs::an_argument_outside_its_parameter_range_faults; corpus-try/63_scoped_instances.takt; corpus-try/checks/SC-47
G-machine_decl,Grammatik,2.3,machine_decl,v1.2,M0 (Parser) / M8,fertig,,crates/takt-sema/tests/semantics.rs::multirate_activates_by_countdown; crates/takt-sema/tests/follows.rs::a_follower_reads_the_fresh_value_and_everyone_else_reads_psi; corpus-try/68_uart_port.takt; corpus-try/04_blocks_and_multirate.takt
G-machine_body,Grammatik,2.3,machine_body,,M0 (Parser/MIR-Entwurf),fertig,,crates/takt-syntax/tests/parser_errors.rs::machine_without_initial_reports_position; crates/takt-sema/tests/semantics.rs::published_variables_and_signals_have_unit_delay; corpus-try/72_handler_levels.takt; crates/takt-conformance/tests/differential.rs::the_interpreter_and_the_generated_code_agree; crates/takt-sema/tests/handlers.rs::a_machine_level_handler_listens_in_every_state; corpus-try/106_machine_handler.takt
G-persist_decl,Grammatik,2.3,persist_decl,v1.1,M0 (Parser) / M6,fertig,,crates/takt-sema/tests/persist.rs::a_stored_value_overrides_the_default; crates/takt-conformance/tests/persist_native.rs::the_snapshot_matches_the_interpreter_byte_for_byte; crates/takt-sema/tests/canonical_bytes.rs::the_write_interval_is_the_tightest_declared_one; corpus-try/checks/SC-23
G-signal_decl,Grammatik,2.3,signal_decl,,M0 (Parser/MIR-Entwurf),fertig,,crates/takt-sema/tests/semantics.rs::published_variables_and_signals_have_unit_delay; crates/takt-sema/tests/foreign_code.rs::a_signal_is_visible_before_its_machine_is_declared; corpus-try/37_follows.takt
G-state_decl,Grammatik,2.3,state_decl,v1.1,M0 (Parser) / M6,fertig,,crates/takt-sema/tests/lower.rs::machine_with_states_and_transitions; crates/takt-sema/tests/theorems.rs::theorem_9_9_1_an_idle_step_changes_nothing; crates/takt-conformance/tests/resume.rs::a_resume_state_re_enters_the_saved_child; corpus-try/checks/SC-54; corpus-try/checks/SC-8
G-state_body,Grammatik,2.3,state_body,,M0 (Parser/MIR-Entwurf),fertig,,crates/takt-syntax/tests/parser_errors.rs::state_sections_keep_their_order; crates/takt-conformance/tests/switches.rs::a_state_local_starts_fresh_on_every_entry; crates/takt-sema/tests/step_order.rs::a_scoped_instance_restarts_on_re_entry; corpus-try/17_nested.takt; corpus-try/checks/SC-8
G-fault_clause,Grammatik,2.3,fault_clause,,M0 (Parser/MIR-Entwurf),fertig,,crates/takt-sema/tests/semantics.rs::check_failure_goes_to_the_fault_target_in_the_same_tick; crates/takt-conformance/tests/switches.rs::a_fault_in_an_enter_block_takes_the_fault_path_of_the_new_state; corpus-try/21_fault_targets.takt; corpus-try/checks/SC-9
G-enter_block,Grammatik,2.3,enter_block,,M0 (Parser/MIR-Entwurf),fertig,,crates/takt-sema/tests/semantics.rs::transition_takes_one_tick_and_runs_enter_in_entry_mode; crates/takt-conformance/tests/switches.rs::a_fault_in_an_enter_block_takes_the_fault_path_of_the_new_state
G-exit_block,Grammatik,2.3,exit_block,,M0 (Parser/MIR-Entwurf),fertig,,crates/takt-conformance/tests/switches.rs::transition_actions_run_before_the_exit_blocks; crates/takt-conformance/tests/switches.rs::exit_blocks_see_the_dwell_time_of_the_state_they_leave; crates/takt-sema/tests/semantics.rs::a_fault_in_exit_is_handled_from_the_common_ancestor; corpus-try/99_exit_fault.takt
G-loop_block,Grammatik,2.3,loop_block,,M0 (Parser/MIR-Entwurf),fertig,,crates/takt-llvm/tests/machines.rs::the_loop_body_runs_before_the_transitions; crates/takt-llvm/tests/machines.rs::an_ancestor_loop_runs_in_every_leaf_below_it; corpus-try/72_handler_levels.takt
G-on_handler,Grammatik,2.3,on_handler,,M0 (Parser/MIR-Entwurf),fertig,,crates/takt-sema/tests/handlers.rs::the_first_matching_handler_wins; crates/takt-sema/tests/handlers.rs::a_pattern_handler_binds_its_captures; crates/takt-sema/tests/handler_guard.rs::the_guard_selects_the_handler; crates/takt-conformance/tests/differential.rs::the_two_implementations_agree_on_has_and_send
G-transition,Grammatik,2.3,transition,,M0 (Parser/MIR-Entwurf),fertig,,crates/takt-sema/tests/semantics.rs::transition_takes_one_tick_and_runs_enter_in_entry_mode; crates/takt-sema/tests/semantics.rs::after_fires_never_in_the_entry_tick; corpus-try/checks/SC-14
G-guard,Grammatik,2.3,guard,,M0 (Parser/MIR-Entwurf),fertig,,crates/takt-sema/tests/handlers.rs::a_stream_guard_takes_the_first_match; corpus-try/104_linear_has.takt; corpus-try/76_stream_views.takt; crates/takt-conformance/tests/differential.rs::the_interpreter_and_the_generated_code_agree
G-trans_block,Grammatik,2.3,trans_block,,M0 (Parser/MIR-Entwurf),fertig,,crates/takt-syntax/tests/parser_errors.rs::transition_block_ends_with_goto; crates/takt-conformance/tests/switches.rs::transition_actions_run_before_the_exit_blocks; corpus-try/n02_transition_without_goto.takt
G-sequence_block,Grammatik,2.3,sequence_block,,M0 (Parser/MIR-Entwurf),fertig,,crates/takt-sema/tests/semantics.rs::sequence_runs_through_its_segments; crates/takt-sema/tests/lower.rs::sequence_becomes_states_after_desugaring; crates/takt-sema/tests/segment_timeout.rs::an_until_without_timeout_inherits_the_segment_default
G-seq_item,Grammatik,2.3,seq_item,,M0 (Parser/MIR-Entwurf),fertig,,crates/takt-mir/tests/desugar.rs::until_timeout_goto_and_else; crates/takt-mir/tests/desugar.rs::repeat_counts_with_weak_back_jump; crates/takt-mir/tests/desugar.rs::expect_checks_once_via_flag; corpus-try/03_sequences_and_faults.takt
G-instance_decl,Grammatik,2.3,instance_decl,v1.2,M0 (Parser) / M8 (im Zustand),teilweise,Inventur 2026-10-04: `instance ... resume` nur im Referenzschnipsel ref/5_11_01 geparst; Verhalten ungetestet,crates/takt-sema/tests/step_order.rs::a_scoped_instance_restarts_on_re_entry; crates/takt-conformance/tests/scoped_instances.rs::the_exit_blocks_of_a_scoped_instance_run_in_both; corpus-try/74_instance_index.takt; corpus-try/04_blocks_and_multirate.takt
G-node_decl,Grammatik,2.3,node_decl,v2,M0 (Parser) / M9 (v2),fertig,,corpus-try/checks/SC-58; crates/takt-sema/tests/corpus.rs::later_stages_are_reported_with_their_stage; crates/takt-syntax/tests/parser_corpus.rs::every_example_parses_as_its_annotations_say
G-property_decl,Grammatik,2.3,property_decl,v1.1,M0 (Parser) / M6,fertig,,crates/takt-conformance/tests/monitors.rs::the_monitors_lower_and_the_interpreter_finds_the_violations; crates/takt-sema/tests/properties.rs::a_violation_is_a_fail_finding_at_the_tick_it_is_decided; corpus-try/47_monitors.takt
G-tprop,Grammatik,2.3,tprop,v1.1,M0 (Parser) / M6,fertig,,crates/takt-sema/tests/properties.rs::a_satisfied_property_and_an_open_one_have_their_outcomes; crates/takt-sema/tests/properties.rs::check_56_rejects_unbounded_operators_under_bounded_ones_and_odd_windows; crates/takt-syntax/tests/parser_errors.rs::property_atoms_are_comparisons
G-tprop_implies,Grammatik,2.3,tprop_implies,,M0 (Parser/MIR-Entwurf),fertig,,crates/takt-sema/tests/properties.rs::a_satisfied_property_and_an_open_one_have_their_outcomes; crates/takt-conformance/tests/monitors.rs::native_monitors_report_the_same_violations_in_the_same_tick; crates/takt-syntax/tests/parser_errors.rs::property_atoms_are_comparisons
G-tprop_or,Grammatik,2.3,tprop_or,,M0 (Parser/MIR-Entwurf),teilweise,Inventur 2026-10-04: kein Test und kein Korpusprogramm nutzt `or` in einer Eigenschaft; nur die Existenz von parse_tprop_or wird geprueft,crates/takt-syntax/tests/productions.rs::every_production_has_a_parser_function
G-tprop_and,Grammatik,2.3,tprop_and,,M0 (Parser/MIR-Entwurf),fertig,,crates/takt-syntax/tests/parser_errors.rs::property_atoms_are_comparisons; corpus-try/checks/SC-56; crates/takt-prove/tests/with_solver.rs::a_true_but_not_inductive_property_stays_unproven_with_a_reason
G-tprop_not,Grammatik,2.3,tprop_not,,M0 (Parser/MIR-Entwurf),fertig,,crates/takt-conformance/tests/monitors.rs::native_monitors_report_the_same_violations_in_the_same_tick; crates/takt-sema/tests/properties.rs::a_violation_is_a_fail_finding_at_the_tick_it_is_decided; corpus-try/47_monitors.takt
G-tprop_atom,Grammatik,2.3,tprop_atom,,M0 (Parser/MIR-Entwurf),fertig,,crates/takt-sema/tests/properties.rs::stable_and_once_look_along_the_window; crates/takt-sema/tests/properties.rs::a_violation_is_a_fail_finding_at_the_tick_it_is_decided; crates/takt-syntax/tests/parser_errors.rs::property_atoms_are_comparisons
G-scenario_decl,Grammatik,2.3,scenario_decl,v1.1,M0 (Parser) / M6,fertig,,crates/takt-sema/tests/scenarios.rs::a_chosen_scenario_runs_and_ends_the_run_in_its_last_state; crates/takt-sema/tests/scenarios.rs::a_scenario_may_declare_that_its_fault_is_intended; crates/takt-cli/tests/test_cmd.rs::every_scenario_runs_and_the_coverage_lands_in_a_file; corpus-try/38_scenarios.takt
G-campaign_decl,Grammatik,2.3,campaign_decl,v1.1,M0 (Parser) / M6,fertig,,crates/takt-sema/tests/campaigns.rs::the_campaigns_of_the_corpus_lower; crates/takt-cli/tests/campaign_cmd.rs::every_run_lands_in_the_table_and_replays_from_its_recording; corpus-try/44_campaign.takt
G-campaign_item,Grammatik,2.3,campaign_item,,M0 (Parser/MIR-Entwurf),fertig,,crates/takt-sema/tests/campaigns.rs::the_campaigns_of_the_corpus_lower; crates/takt-sema/tests/campaigns.rs::a_sweep_needs_a_parameter_a_positive_step_and_values_in_range; crates/takt-sema/tests/campaigns.rs::a_sweep_step_below_twice_the_jitter_is_rejected
G-trigger_decl,Grammatik,2.3,trigger_decl,v1.2,M0 (Parser) / M8,fertig,,crates/takt-sema/tests/triggers.rs::the_trigger_fires_at_event_time_plus_delay; crates/takt-conformance/tests/differential.rs::the_two_implementations_agree_on_triggers; corpus-try/65_trigger.takt; corpus-try/checks/SC-55
G-block,Grammatik,2.3,block,,M0 (Parser/MIR-Entwurf),fertig,,crates/takt-syntax/tests/parser_corpus.rs::every_example_parses_as_its_annotations_say; crates/takt-syntax/tests/format_edges.rs::inline_body_does_not_join_alignment_runs; corpus-try/01_minimal.takt
G-action_block,Grammatik,2.3,action_block,,M0 (Parser/MIR-Entwurf),fertig,,corpus-try/checks/SC-8; corpus-try/checks/SC-21; crates/takt-sema/tests/checks.rs::every_check_directory_passes
G-stmt,Grammatik,2.3,stmt,,M0 (Parser/MIR-Entwurf),fertig,,crates/takt-syntax/tests/parser_corpus.rs::every_example_parses_as_its_annotations_say; crates/takt-conformance/tests/steps.rs::every_statement_of_a_tick_appears_with_its_value; crates/takt-conformance/tests/differential.rs::the_interpreter_and_the_generated_code_agree
G-simple_stmt,Grammatik,2.3,simple_stmt,,M0 (Parser/MIR-Entwurf),fertig,,crates/takt-syntax/tests/parser_corpus.rs::every_example_parses_as_its_annotations_say; crates/takt-sema/tests/diagnostics.rs::every_corpus_file_reports_exactly_its_annotated_errors; crates/takt-conformance/tests/differential.rs::the_interpreter_and_the_generated_code_agree
G-assign,Grammatik,2.3,assign,,M0 (Parser/MIR-Entwurf),fertig,,crates/takt-syntax/tests/parser_errors.rs::assignment_target_must_be_an_lvalue; crates/takt-sema/tests/bitfields.rs::a_bitfield_takes_only_plain_assignment; corpus-try/78_length_guards.takt; corpus-try/10_nuances.takt
G-lvalue,Grammatik,2.3,lvalue,,M0 (Parser/MIR-Entwurf),fertig,,crates/takt-sema/tests/semantics.rs::a_byte_can_be_written_through_its_index; crates/takt-sema/tests/bitfields.rs::writing_a_bitfield_leaves_its_neighbours_alone; corpus-try/46_matrices.takt; corpus-try/71_places.takt
G-var_decl,Grammatik,2.3,var_decl,,M0 (Parser/MIR-Entwurf),fertig,,crates/takt-sema/tests/semantics.rs::published_variables_and_signals_have_unit_delay; crates/takt-conformance/tests/switches.rs::a_state_local_starts_fresh_on_every_entry; crates/takt-sema/tests/semantics.rs::a_declaration_takes_the_result_of_a_block_step
G-if_stmt,Grammatik,2.3,if_stmt,,M0 (Parser/MIR-Entwurf),fertig,,crates/takt-conformance/tests/switches.rs::exit_blocks_see_the_dwell_time_of_the_state_they_leave; crates/takt-sema/tests/blocks.rs::a_call_in_the_condition_runs_before_the_body_not_inside_it; corpus-try/02_units_and_data.takt
G-for_stmt,Grammatik,2.3,for_stmt,,M0 (Parser/MIR-Entwurf),fertig,,crates/takt-interp/tests/values.rs::functions_run_with_frames_loops_and_break; crates/takt-sema/tests/maps.rs::iteration_visits_the_slots_in_order; crates/takt-sema/tests/handlers.rs::a_for_loop_walks_the_window_and_consumes_it; corpus-try/checks/SC-11
G-match_stmt,Grammatik,2.3,match_stmt,,M0 (Parser/MIR-Entwurf),fertig,,crates/takt-interp/tests/values.rs::vec_push_respects_capacity_and_match_binds_fields; crates/takt-llvm/tests/machines.rs::match_tests_the_cases_in_source_order; corpus-try/80_payload_variants.takt; corpus-try/checks/SC-19
G-case_pattern,Grammatik,2.3,case_pattern,,M0 (Parser/MIR-Entwurf),fertig,,corpus-try/80_payload_variants.takt; corpus-try/98_last_fault.takt; crates/takt-conformance/tests/differential.rs::the_interpreter_and_the_generated_code_agree; corpus-try/checks/SC-19
G-at_stmt,Grammatik,2.3,at_stmt,,M0 (Parser/MIR-Entwurf),fertig,,corpus-try/28_scheduled.takt; crates/takt-conformance/tests/mcu_harness.rs::a_scheduled_output_carries_its_guard; crates/takt-sema/tests/sleep.rs::a_scheduled_output_keeps_the_system_awake; corpus-try/checks/SC-21
G-every_stmt,Grammatik,2.3,every_stmt,,M0 (Parser/MIR-Entwurf),fertig,,crates/takt-sema/tests/semantics.rs::an_every_in_a_state_never_runs_in_the_entry_tick; crates/takt-sema/tests/semantics.rs::a_machine_wide_every_keeps_its_period_across_state_changes; corpus-try/27_every.takt; corpus-try/checks/SC-27
G-check_stmt,Grammatik,2.3,check_stmt,v1.2,M0 (Parser) / M8,fertig,,crates/takt-sema/tests/semantics.rs::check_failure_goes_to_the_fault_target_in_the_same_tick; crates/takt-sema/tests/semantics.rs::confirmation_time_delays_the_check; crates/takt-cli/tests/report.rs::the_report_lists_every_requirement_with_its_sites; corpus-try/14_latency.takt; crates/takt-conformance/tests/switches.rs::a_check_with_its_own_target_goes_there_from_a_shared_level
G-alert_stmt,Grammatik,2.3,alert_stmt,,M0 (Parser/MIR-Entwurf),fertig,,crates/takt-sema/tests/semantics.rs::alerts_report_only_their_edges; crates/takt-sema/tests/semantics.rs::an_invalid_input_makes_an_alert_fire_with_a_note; corpus-try/93_confirmations.takt; corpus-try/checks/SC-36
G-log_stmt,Grammatik,2.3,log_stmt,,M0 (Parser/MIR-Entwurf),fertig,,crates/takt-sema/tests/semantics.rs::observations_and_verdict_follow_13_5; crates/takt-sema/tests/semantics.rs::an_invalid_input_is_logged_measured_and_counted_as_a_violation; crates/takt-sema/tests/semantics.rs::a_self_transition_leaves_and_reenters_the_state
G-send_stmt,Grammatik,2.3,send_stmt,,M0 (Parser/MIR-Entwurf),fertig,,crates/takt-sema/tests/handlers.rs::an_output_stream_sends_its_bytes; crates/takt-sema/tests/handlers.rs::an_internal_stream_has_a_unit_delay; crates/takt-conformance/tests/differential.rs::the_two_implementations_agree_on_has_and_send; corpus-try/checks/SC-20
G-pulse_stmt,Grammatik,2.3,pulse_stmt,,M0 (Parser/MIR-Entwurf),teilweise,"Inventur 2026-10-04: Nur Uebersetzung belegt (Sema nimmt pulse an, Korpus 05 parst); kein Test fuehrt pulse aus und prueft die beiden Ausgaben (FB-400 offen: nie ausgefuehrt)",crates/takt-sema/tests/foreign_code.rs::pulse_works_in_a_sequence_as_it_does_in_a_loop; corpus-try/05_streams_and_protocol.takt
G-cancel_stmt,Grammatik,2.3,cancel_stmt,,M0 (Parser/MIR-Entwurf),teilweise,"Inventur 2026-10-04: cancel steht nur in Korpus 05 (geparst, gesenkt); kein Test fuehrt cancel aus oder prueft das Verwerfen geplanter Ausgaben (FB-400 offen: nie ausgefuehrt)",corpus-try/05_streams_and_protocol.takt; crates/takt-sema/tests/corpus.rs::no_m2_construct_is_reported_as_a_later_stage
G-measure_stmt,Grammatik,2.3,measure_stmt,,M0 (Parser/MIR-Entwurf),fertig,,crates/takt-sema/tests/semantics.rs::observations_and_verdict_follow_13_5; crates/takt-sema/tests/semantics.rs::an_invalid_input_is_logged_measured_and_counted_as_a_violation
G-job_stmt,Grammatik,2.3,job_stmt,,M0 (Parser/MIR-Entwurf),fertig,,crates/takt-sema/tests/jobs.rs::a_job_completes_after_its_duration; crates/takt-sema/tests/jobs.rs::a_fault_cancels_the_running_job; crates/takt-conformance/tests/mcu_harness.rs::a_job_runs_in_the_context_and_shows_after_its_duration; corpus-try/checks/SC-44
G-arm_stmt,Grammatik,2.3,arm_stmt,v1.2,M0 (Parser) / M8,fertig,,crates/takt-sema/tests/triggers.rs::the_trigger_fires_at_event_time_plus_delay; crates/takt-sema/tests/triggers.rs::a_disarmed_trigger_does_not_fire; crates/takt-conformance/tests/differential.rs::the_two_implementations_agree_on_triggers; corpus-try/checks/SC-55
G-verify_stmt,Grammatik,2.3,verify_stmt,,M0 (Parser/MIR-Entwurf),fertig,,crates/takt-sema/tests/semantics.rs::observations_and_verdict_follow_13_5; crates/takt-sema/tests/semantics.rs::verify_failure_makes_the_run_fail; crates/takt-cli/tests/report.rs::the_report_lists_every_requirement_with_its_sites
G-verdict_stmt,Grammatik,2.3,verdict_stmt,,M0 (Parser/MIR-Entwurf),fertig,,crates/takt-sema/tests/semantics.rs::observations_and_verdict_follow_13_5; crates/takt-sema/tests/golden_sim.rs::golden_traces_match; corpus-try/sim/14_6/program.takt
G-raise_stmt,Grammatik,2.3,raise_stmt,,M0 (Parser/MIR-Entwurf),fertig,,crates/takt-sema/tests/semantics.rs::published_variables_and_signals_have_unit_delay; crates/takt-sema/tests/foreign_code.rs::a_signal_is_visible_before_its_machine_is_declared
G-goto_stmt,Grammatik,2.3,goto_stmt,,M0 (Parser/MIR-Entwurf),fertig,,crates/takt-sema/tests/semantics.rs::transition_takes_one_tick_and_runs_enter_in_entry_mode; crates/takt-syntax/tests/parser_errors.rs::transition_block_ends_with_goto; crates/takt-mir/tests/desugar.rs::goto_inside_a_loop_is_rejected; corpus-try/checks/SC-8
G-abort_stmt,Grammatik,2.3,abort_stmt,,M0 (Parser/MIR-Entwurf),fertig,,crates/takt-sema/tests/semantics.rs::abort_reaches_every_machine_in_the_same_tick; crates/takt-sema/tests/semantics.rs::abort_is_idempotent_until_a_normal_transition; crates/takt-sema/tests/theorems.rs::lemma_9_3_1_holds_in_the_abort_phase
G-return_stmt,Grammatik,2.3,return_stmt,,M0 (Parser/MIR-Entwurf),fertig,,crates/takt-sema/tests/range_boundaries.rs::a_return_outside_its_range_faults; crates/takt-sema/tests/dominance.rs::an_early_return_dominates_the_rest_of_the_block; crates/takt-sema/tests/jobs.rs::a_job_completes_after_its_duration
G-expr,Grammatik,2.3,expr,,M0 (Parser/MIR-Entwurf),fertig,,crates/takt-conformance/tests/fuzz.rs::generated_programs_agree; crates/takt-sema/tests/range_boundaries.rs::a_parameter_outside_its_range_is_rejected_on_load; crates/takt-sema/tests/golden_sim.rs::golden_traces_match; crates/takt-syntax/tests/parser_errors.rs::property_atoms_are_comparisons
G-or_expr,Grammatik,2.3,or_expr,,M0 (Parser/MIR-Entwurf),fertig,,crates/takt-sema/tests/golden_sim.rs::golden_traces_match; corpus-try/sim/14_7/program.takt; crates/takt-conformance/tests/examples.rs::the_reference_examples_agree_on_both_paths; crates/takt-sema/tests/analysis.rs::a_break_under_or_refines_the_rest_of_the_loop
G-and_expr,Grammatik,2.3,and_expr,,M0 (Parser/MIR-Entwurf),fertig,,crates/takt-sema/tests/semantics.rs::a_state_entered_without_its_permissive_faults_before_the_commit; crates/takt-sema/tests/golden_sim.rs::golden_traces_match; corpus-try/sim/14_1/program.takt
G-not_expr,Grammatik,2.3,not_expr,,M0 (Parser/MIR-Entwurf),fertig,,crates/takt-sema/tests/golden_sim.rs::golden_traces_match; corpus-try/sim/14_3/program.takt; crates/takt-llvm/tests/lowering.rs::logical_not_and_bitwise_not_are_different; crates/takt-syntax/tests/pathological.rs::every_kind_of_level_is_bounded_at_64
G-cmp_expr,Grammatik,2.3,cmp_expr,,M0 (Parser/MIR-Entwurf),fertig,,crates/takt-conformance/tests/fuzz.rs::generated_programs_agree; crates/takt-syntax/tests/parser_errors.rs::greater_sign_closes_type_arguments; crates/takt-sema/tests/semantics.rs::a_state_entered_without_its_permissive_faults_before_the_commit
G-bitor_expr,Grammatik,2.3,bitor_expr,,M0 (Parser/MIR-Entwurf),fertig,,crates/takt-sema/tests/natives.rs::the_chunked_digest_equals_the_one_shot; crates/takt-sema/tests/jobs.rs::a_job_completes_after_its_duration; crates/takt-sema/tests/analysis.rs::bitwise_or_and_xor_keep_the_bits_of_their_operands
G-bitxor_expr,Grammatik,2.3,bitxor_expr,,M0 (Parser/MIR-Entwurf),fertig,,crates/takt-conformance/tests/bench_references.rs::every_reference_computes_what_its_kernel_computes; crates/takt-interp/tests/values.rs::bit_operations_and_shifts; crates/takt-sema/tests/analysis.rs::bitwise_or_and_xor_keep_the_bits_of_their_operands
G-bitand_expr,Grammatik,2.3,bitand_expr,,M0 (Parser/MIR-Entwurf),fertig,,crates/takt-interp/tests/values.rs::bit_operations_and_shifts; crates/takt-conformance/tests/bench_references.rs::every_reference_computes_what_its_kernel_computes; crates/takt-sema/tests/journal_campaign.rs::every_cut_leaves_the_old_or_the_new_entry
G-shift_expr,Grammatik,2.3,shift_expr,,M0 (Parser/MIR-Entwurf),fertig,,crates/takt-syntax/tests/parser_errors.rs::shift_right_is_two_joint_greater_signs; crates/takt-interp/tests/values.rs::bit_operations_and_shifts; crates/takt-sema/tests/natives.rs::the_chunked_digest_equals_the_one_shot; crates/takt-conformance/tests/implicit_checks.rs::every_unproven_check_becomes_a_branch_and_every_proven_one_none
G-add_expr,Grammatik,2.3,add_expr,,M0 (Parser/MIR-Entwurf),fertig,,crates/takt-conformance/tests/fuzz.rs::generated_programs_agree; crates/takt-interp/tests/values.rs::integer_arithmetic_is_total; crates/takt-interp/tests/values.rs::durations_follow_3_3
G-mul_expr,Grammatik,2.3,mul_expr,,M0 (Parser/MIR-Entwurf),fertig,,crates/takt-interp/tests/values.rs::integer_arithmetic_is_total; crates/takt-sema/tests/analysis.rs::a_divisor_is_checked_only_where_it_can_be_zero; crates/takt-sema/tests/int_units.rs::the_remainder_needs_equal_units; crates/takt-conformance/tests/fuzz.rs::generated_programs_agree
G-unary,Grammatik,2.3,unary,,M0 (Parser/MIR-Entwurf),teilweise,"Inventur 2026-10-04: FB-406 offen: `~` in keinem uebersetzbaren Korpusprogramm (nur MIR-Test), takt prove kodiert `~` nicht",crates/takt-sema/tests/negative_literals.rs::a_negative_default_lies_in_a_negative_range; crates/takt-llvm/tests/lowering.rs::negation_of_a_float_is_fneg; crates/takt-interp/tests/values.rs::bit_operations_and_shifts; crates/takt-syntax/tests/parser_errors.rs::a_sign_and_an_arrow_still_open_a_line; crates/takt-syntax/tests/pathological.rs::a_tower_of_unary_operators_is_refused
G-cast_expr,Grammatik,2.3,cast_expr,,M0 (Parser/MIR-Entwurf),fertig,,crates/takt-interp/tests/values.rs::casts_are_range_checked; crates/takt-sema/tests/semantics.rs::a_byte_can_be_written_through_its_index; crates/takt-sema/tests/int_units.rs::as_changes_the_width_and_keeps_the_unit; crates/takt-sema/tests/semantics.rs::an_int_to_float32_conversion_rounds_exactly_once
G-postfix,Grammatik,2.3,postfix,,M0 (Parser/MIR-Entwurf),fertig,,crates/takt-sema/tests/semantics.rs::a_byte_can_be_written_through_its_index; crates/takt-sema/tests/analysis.rs::the_protocol_case_keeps_its_implicit_checks_low; crates/takt-sema/tests/matrices.rs::a_dimensioned_kalman_filter_is_unit_checked_and_runs
G-member,Grammatik,2.3,member,,M0 (Parser/MIR-Entwurf),fertig,,crates/takt-sema/tests/semantics.rs::or_and_valid_dominate_the_implicit_check; crates/takt-syntax/tests/keywords.rs::reserved_members_match_reference; corpus-try/checks/SC-50
G-primary,Grammatik,2.3,primary,,M0 (Parser/MIR-Entwurf),fertig,,crates/takt-syntax/tests/parser_corpus.rs::every_example_parses_as_its_annotations_say; crates/takt-syntax/tests/sexpr_golden.rs::corpus_trees_match_golden_files; crates/takt-sema/tests/golden_sim.rs::golden_traces_match
G-generic_args,Grammatik,2.3,generic_args,,M0 (Parser/MIR-Entwurf),fertig,,crates/takt-syntax/tests/parser_errors.rs::generic_arguments_are_classified_by_name_and_next_token; crates/takt-sema/tests/type_generics.rs::a_type_argument_can_be_given_explicitly; crates/takt-sema/tests/const_generics.rs::an_explicit_constant_instantiates_a_block
G-generic_arg,Grammatik,2.3,generic_arg,v1.1,M0 (Parser) / M6,fertig,,crates/takt-syntax/tests/parser_errors.rs::generic_arguments_are_classified_by_name_and_next_token; crates/takt-sema/tests/type_generics.rs::a_type_argument_can_be_given_explicitly; crates/takt-sema/tests/const_generics.rs::an_explicit_constant_instantiates_a_block; crates/takt-sema/tests/lower.rs::generics_solve_units_from_arguments
G-args,Grammatik,2.3,args,,M0 (Parser/MIR-Entwurf),fertig,,crates/takt-sema/tests/range_boundaries.rs::an_argument_outside_its_parameter_range_faults; crates/takt-sema/tests/natives.rs::the_aes_job_decrypts_or_fails; crates/takt-sema/tests/lower.rs::generics_solve_units_from_arguments
G-arg,Grammatik,2.3,arg,,M0 (Parser/MIR-Entwurf),fertig,,crates/takt-sema/tests/natives.rs::the_signature_job_verifies_through_takt_crypto; crates/takt-conformance/tests/differential.rs::the_new_natives_agree_with_the_interpreter; crates/takt-sema/tests/blocks.rs::a_block_with_constructor_parameters_keeps_the_named_form
G-number,Grammatik,2.3,number,,M0 (Parser/MIR-Entwurf),fertig,,crates/takt-syntax/tests/vectors.rs::all_vectors_pass; crates/takt-interp/tests/values.rs::float_arithmetic_has_no_nan_or_inf; crates/takt-sema/tests/negative_literals.rs::the_magnitude_is_not_what_is_checked
G-int_lit,Grammatik,2.3,int_lit,,M0 (Parser/MIR-Entwurf),fertig,,crates/takt-syntax/tests/vectors.rs::all_vectors_pass; crates/takt-sema/tests/natives.rs::the_chunked_digest_equals_the_one_shot; crates/takt-sema/tests/lower.rs::extreme_literals_do_not_break_the_compiler
G-duration_lit,Grammatik,2.3,duration_lit,,M0 (Parser/MIR-Entwurf),fertig,,crates/takt-syntax/tests/vectors.rs::all_vectors_pass; crates/takt-sema/tests/semantics.rs::after_fires_never_in_the_entry_tick; crates/takt-sema/tests/lower.rs::extreme_literals_do_not_break_the_compiler; crates/takt-syntax/tests/pathological.rs::extreme_exponents_of_a_duration_are_errors
G-duration_expr,Grammatik,2.3,duration_expr,,M0 (Parser/MIR-Entwurf),fertig,,crates/takt-sema/tests/semantics.rs::sequence_runs_through_its_segments; crates/takt-sema/tests/triggers.rs::the_trigger_fires_at_event_time_plus_delay; crates/takt-interp/tests/values.rs::durations_follow_3_3
G-pattern,Grammatik,2.3,pattern,,M0 (Parser/MIR-Entwurf),fertig,,crates/takt-sema/tests/handlers.rs::a_pattern_handler_binds_its_captures; crates/takt-conformance/tests/differential.rs::the_two_implementations_agree_on_record_elements_and_peek; corpus-try/checks/SC-18
G-unit_lit,Grammatik,2.3,unit_lit,,M0 (Parser/MIR-Entwurf),fertig,,crates/takt-syntax/tests/parser_errors.rs::unit_literal_ends_at_the_first_space; crates/takt-syntax/tests/parser_errors.rs::contextual_word_after_number_is_not_a_unit; crates/takt-sema/tests/lower.rs::units_are_nominal_and_affine_rules_hold
G-unit_expr,Grammatik,2.3,unit_expr,,M0 (Parser/MIR-Entwurf),fertig,,crates/takt-syntax/tests/parser_errors.rs::dimensionless_one_only_as_numerator; crates/takt-sema/src/units.rs::normal_form_is_commutative_and_cancels; crates/takt-sema/tests/int_units.rs::sums_need_equal_units_and_products_combine_them
G-unit_term,Grammatik,2.3,unit_term,,M0 (Parser/MIR-Entwurf),fertig,,crates/takt-syntax/tests/parser_errors.rs::joint_operator_after_a_unit_literal_is_an_error; crates/takt-sema/src/units.rs::prefixes_scale_factors; crates/takt-syntax/tests/vectors.rs::all_vectors_pass
G-type,Grammatik,2.3,type,v1.1,M0 (Parser) / M6,fertig,,crates/takt-syntax/tests/parser_errors.rs::greater_sign_closes_type_arguments; crates/takt-sema/tests/const_generics.rs::a_buffer_can_be_optional; crates/takt-sema/tests/type_generics.rs::a_type_variable_is_inferred_from_the_argument; corpus-try/checks/SC-45
G-scalar_type,Grammatik,2.3,scalar_type,v1.1,M0 (Parser) / M6,fertig,,crates/takt-llvm/tests/lowering.rs::scalar_types_map_to_their_llvm_widths; crates/takt-sema/tests/int_units.rs::a_literal_with_a_unit_types_an_integer; crates/takt-syntax/tests/parser_errors.rs::duration_type_takes_a_range; crates/takt-sema/tests/canonical_shape.rs::a_string_holds_n_bytes_not_n_characters
G-int_type,Grammatik,2.3,int_type,,M0 (Parser/MIR-Entwurf),fertig,,crates/takt-interp/tests/values.rs::integer_arithmetic_is_total; crates/takt-sema/tests/canonical_bytes.rs::integers_use_their_width_little_endian; crates/takt-sema/tests/foreign_code.rs::the_lowest_value_of_a_signed_width_is_writable
G-unit_tuple,Grammatik,2.3,unit_tuple,,M0 (Parser/MIR-Entwurf),teilweise,"Inventur 2026-10-04: Formen `X` und `1/X` belegt; die Literalform `(U, ...)` in mat[...]/vec[...] hat weder Test noch Korpusprogramm",crates/takt-sema/tests/matrices.rs::unit_tuples_are_checked_by_hart; crates/takt-sema/tests/matrices.rs::a_dimensioned_kalman_filter_is_unit_checked_and_runs; corpus-try/checks/SC-34
G-elem_type,Grammatik,2.3,elem_type,v1.2,M0 (Parser) / M8,fertig,,crates/takt-sema/tests/foreign_code.rs::a_scalar_stream_element_carries_its_value; crates/takt-sema/tests/handlers.rs::a_stream_input_takes_one_element_per_line; crates/takt-conformance/tests/differential.rs::the_two_implementations_agree_on_record_elements_and_peek; crates/takt-sema/tests/canonical_bytes.rs::a_capture_element_round_trips_through_bytes
G-range,Grammatik,2.3,range,,M0 (Parser/MIR-Entwurf),fertig,,crates/takt-sema/tests/range_boundaries.rs::a_return_outside_its_range_faults; crates/takt-sema/tests/range_boundaries.rs::a_parameter_outside_its_range_is_rejected_on_load; crates/takt-syntax/tests/parser_errors.rs::duration_type_takes_a_range
G-const_expr,Grammatik,2.3,const_expr,,M0 (Parser/MIR-Entwurf),fertig,,crates/takt-sema/tests/tunables.rs::a_tunable_is_no_compile_time_constant; crates/takt-sema/tests/const_generics.rs::a_constant_needs_a_constant_argument; corpus-try/checks/SC-35
G-pattern_text,Grammatik,2.3,pattern_text,,M0 (Parser/MIR-Entwurf),fertig,,crates/takt-syntax/tests/vectors.rs::all_vectors_pass; crates/takt-sema/tests/handlers.rs::a_pattern_handler_binds_its_captures; corpus-try/checks/SC-18
G-pattern_kind,Grammatik,2.3,pattern_kind,,M0 (Parser/MIR-Entwurf),fertig,,crates/takt-interp/tests/patterns.rs::int_captures_digits_with_an_optional_sign; crates/takt-interp/tests/patterns.rs::hex_accepts_an_optional_prefix; crates/takt-interp/tests/patterns.rs::float_reads_fraction_and_exponent; crates/takt-interp/tests/patterns.rs::word_stops_at_the_first_character_outside_its_class; crates/takt-interp/tests/patterns.rs::str_respects_its_length_bound
G-format_text,Grammatik,2.3,format_text,,M0 (Parser/MIR-Entwurf),fertig,,crates/takt-syntax/tests/vectors.rs::all_vectors_pass; crates/takt-interp/tests/values.rs::formatting_truncates_and_marks_invalid; crates/takt-sema/tests/analysis.rs::an_error_inside_a_format_string_points_at_the_placeholder
G-format_spec,Grammatik,2.3,format_spec,,M0 (Parser/MIR-Entwurf),fertig,,crates/takt-interp/tests/values.rs::formatting_truncates_and_marks_invalid; crates/takt-conformance/tests/differential.rs::the_format_specs_produce_the_expected_text; corpus-try/checks/SC-16
G-address_text,Grammatik,2.3,address_text,,M0 (Parser/MIR-Entwurf),fertig,,crates/takt-syntax/tests/vectors.rs::all_vectors_pass; crates/takt-sema/tests/hardware.rs::an_address_the_configuration_does_not_know_is_an_error; crates/takt-conformance/tests/mcu_harness.rs::an_address_becomes_a_c_identifier
G-address_segment,Grammatik,2.3,address_segment,,M0 (Parser/MIR-Entwurf),fertig,,crates/takt-syntax/tests/vectors.rs::all_vectors_pass; crates/takt-sema/tests/golden_sim.rs::golden_traces_match; corpus-try/sim/14_5/program.takt
system-Eintrag-tick,system-Eintrag,2.3,"system_item: ""tick""",,M0 (Parser/MIR-Entwurf),fertig,,abgeleitet
system-Eintrag-output_timing,system-Eintrag,2.3,"system_item: ""output_timing""",,M0 (Parser/MIR-Entwurf),fertig,,abgeleitet
system-Eintrag-asap,system-Eintrag,2.3,"system_item: ""asap""",,M0 (Parser/MIR-Entwurf),fertig,,abgeleitet
system-Eintrag-boundary,system-Eintrag,2.3,"system_item: ""boundary""",,M0 (Parser/MIR-Entwurf),fertig,,abgeleitet
system-Eintrag-fault_is_fail,system-Eintrag,2.3,"system_item: ""fault_is_fail""",,M0 (Parser/MIR-Entwurf),fertig,,abgeleitet
system-Eintrag-true,system-Eintrag,2.3,"system_item: ""true""",,M0 (Parser/MIR-Entwurf),fertig,,abgeleitet
system-Eintrag-false,system-Eintrag,2.3,"system_item: ""false""",,M0 (Parser/MIR-Entwurf),fertig,,abgeleitet
system-Eintrag-tick_source,system-Eintrag,2.3,"system_item: ""tick_source""",,M0 (Parser/MIR-Entwurf),fertig,,abgeleitet
system-Eintrag-hw,system-Eintrag,2.3,"system_item: ""hw""",,M0 (Parser/MIR-Entwurf),fertig,,abgeleitet
system-Eintrag-tick_tolerance,system-Eintrag,2.3,"system_item: ""tick_tolerance""",,M0 (Parser/MIR-Entwurf),fertig,,abgeleitet
system-Eintrag-for,system-Eintrag,2.3,"system_item: ""for""",,M0 (Parser/MIR-Entwurf),fertig,,abgeleitet
system-Eintrag-ticks,system-Eintrag,2.3,"system_item: ""ticks""",,M0 (Parser/MIR-Entwurf),fertig,,abgeleitet
system-Eintrag-target,system-Eintrag,2.3,"system_item: ""target""",,M0 (Parser/MIR-Entwurf),fertig,Enum der vier Laufzeitprofile (12.8); ein anderes Wort ist ein Fehler (M6 Schritt 16),abgeleitet
system-Eintrag-float,system-Eintrag,2.3,"system_item: ""float""",,M0 (Parser/MIR-Entwurf),fertig,,abgeleitet
system-Eintrag-f32,system-Eintrag,2.3,"system_item: ""f32""",,M0 (Parser/MIR-Entwurf),fertig,,abgeleitet
system-Eintrag-f64,system-Eintrag,2.3,"system_item: ""f64""",,M0 (Parser/MIR-Entwurf),fertig,,abgeleitet
system-Eintrag-language,system-Eintrag,2.3,"system_item: ""language""",,M0 (Parser/MIR-Entwurf),fertig,,abgeleitet
system-Eintrag-tcb_policy,system-Eintrag,2.3,"system_item: ""tcb_policy""",v1.1,M6,fertig,"curated_only | allowlist(…) | reviewed(…): Projekt-Natives (4.5), TCB-Manifest im Lauf-Header (9.5, 12.5). M8 Schritt 22: `reviewed` verlangt je Native eine Zeile in `natives.review` mit dem SHA-256 der Quelle; `takt tcb review … --native … --by … --date …` schreibt sie, `takt check` lehnt ab, was keine hat oder sich seit dem Review geändert hat. Keine Signaturen — die Datei liegt im Repository, die Historie ist das Audit",abgeleitet
Channel-Attribut-safe,Channel-Attribut,2.3,"attr: ""safe""",,M0 (Parser/MIR-Entwurf),fertig,,abgeleitet
Channel-Attribut-max_age,Channel-Attribut,2.3,"attr: ""max_age""",,M0 (Parser/MIR-Entwurf),fertig,,abgeleitet
Channel-Attribut-rate,Channel-Attribut,2.3,"attr: ""rate""",,M0 (Parser/MIR-Entwurf),fertig,,abgeleitet
Channel-Attribut-max_rate,Channel-Attribut,2.3,"attr: ""max_rate""",,M0 (Parser/MIR-Entwurf),fertig,,abgeleitet
Channel-Attribut-capacity,Channel-Attribut,2.3,"attr: ""capacity""",,M0 (Parser/MIR-Entwurf),fertig,,abgeleitet
Channel-Attribut-framing,Channel-Attribut,2.3,"attr: ""framing""",,M0 (Parser/MIR-Entwurf),teilweise,"Testpruefung 2026-10-03: Attribut ohne Leser in Interpreter, Runtime, HAL und Codegen (FB-400)",""
Channel-Attribut-overflow,Channel-Attribut,2.3,"attr: ""overflow""",,M0 (Parser/MIR-Entwurf),fertig,,abgeleitet
Channel-Attribut-fault,Channel-Attribut,2.3,"attr: ""fault""",,M0 (Parser/MIR-Entwurf),fertig,,abgeleitet
Channel-Attribut-drop_oldest,Channel-Attribut,2.3,"attr: ""drop_oldest""",,M0 (Parser/MIR-Entwurf),fertig,,abgeleitet
Channel-Attribut-drop,Channel-Attribut,2.3,"attr: ""drop""",,M0 (Parser/MIR-Entwurf),fertig,,abgeleitet
Channel-Attribut-wake,Channel-Attribut,2.3,"attr: ""wake""",,M0 (Parser/MIR-Entwurf),fertig,,abgeleitet
Channel-Attribut-true,Channel-Attribut,2.3,"attr: ""true""",,M0 (Parser/MIR-Entwurf),fertig,,abgeleitet
Channel-Attribut-false,Channel-Attribut,2.3,"attr: ""false""",,M0 (Parser/MIR-Entwurf),fertig,,abgeleitet
Channel-Attribut-jitter,Channel-Attribut,2.3,"attr: ""jitter""",,M0 (Parser/MIR-Entwurf),fertig,,abgeleitet
Channel-Attribut-max_slew,Channel-Attribut,2.3,"attr: ""max_slew""",,M0 (Parser/MIR-Entwurf),fertig,,abgeleitet
Channel-Attribut-debounce,Channel-Attribut,2.3,"attr: ""debounce""",,M0 (Parser/MIR-Entwurf),fertig,,abgeleitet
Channel-Attribut-capacity_bytes,Channel-Attribut,2.3,"attr: ""capacity_bytes""",,M0 (Parser/MIR-Entwurf),fertig,,abgeleitet
Channel-Attribut-expect_len,Channel-Attribut,2.3,"attr: ""expect_len""",,M0 (Parser/MIR-Entwurf),fertig,,abgeleitet
Channel-Attribut-irreversible,Channel-Attribut,2.3,"attr: ""irreversible""",,M0 (Parser/MIR-Entwurf),fertig,,abgeleitet
Channel-Attribut-label,Channel-Attribut,2.3,"attr: ""label""",,M0 (Parser/MIR-Entwurf),fertig,,abgeleitet
Channel-Attribut-display,Channel-Attribut,2.3,"attr: ""display""",,M0 (Parser/MIR-Entwurf),teilweise,"Inventur 2026-10-04: nur geparst (08, 10_nuances); kein uebersetzbares Programm und kein Test benutzt es (FB-406)",
Channel-Attribut-group,Channel-Attribut,2.3,"attr: ""group""",,M0 (Parser/MIR-Entwurf),teilweise,"Inventur 2026-10-04: nur geparst (08, 10_nuances); kein uebersetzbares Programm und kein Test benutzt es (FB-406)",
Channel-Attribut-doc,Channel-Attribut,2.3,"attr: ""doc""",,M0 (Parser/MIR-Entwurf),teilweise,"Inventur 2026-10-04: nur geparst (08, 10_nuances); kein uebersetzbares Programm und kein Test benutzt es (FB-406)",
Skalartyp-bool,Skalartyp,2.3,"scalar_type: ""bool""",,M0 (Parser/MIR-Entwurf),fertig,,crates/takt-sema/tests/canonical_bytes.rs::a_bool_is_one_byte; crates/takt-sema/tests/canonical_bytes.rs::a_bool_byte_other_than_zero_or_one_is_rejected; crates/takt-llvm/tests/lowering.rs::scalar_types_map_to_their_llvm_widths
Skalartyp-float,Skalartyp,2.3,"scalar_type: ""float""",,M0 (Parser/MIR-Entwurf),fertig,,crates/takt-interp/tests/values.rs::float_arithmetic_has_no_nan_or_inf; crates/takt-sema/tests/semantics.rs::an_int_to_float32_conversion_rounds_exactly_once; crates/takt-llvm/tests/lowering.rs::float_arithmetic_uses_the_f_instructions
Skalartyp-f32,Skalartyp,2.3,"scalar_type: ""f32""",,M0 (Parser/MIR-Entwurf),fertig,,crates/takt-conformance/tests/differential.rs::the_interpreter_and_the_generated_code_agree; corpus-try/105_subnormals_f32.takt; crates/takt-mir/tests/float_intervals.rs::f32_arithmetic_stays_inside_its_rounded_interval; crates/takt-sema/tests/canonical_shape.rs::the_tcb_reader_judges_like_the_interpreter
Skalartyp-f64,Skalartyp,2.3,"scalar_type: ""f64""",,M0 (Parser/MIR-Entwurf),fertig,,crates/takt-conformance/tests/differential.rs::the_interpreter_and_the_generated_code_agree; corpus-try/91_subnormals.takt; crates/takt-mir/tests/float_intervals.rs::f64_arithmetic_stays_inside_its_interval
Skalartyp-str,Skalartyp,2.3,"scalar_type: ""str""",,M0 (Parser/MIR-Entwurf),fertig,,crates/takt-sema/tests/canonical_shape.rs::a_string_holds_n_bytes_not_n_characters; crates/takt-syntax/tests/parser_errors.rs::greater_sign_closes_type_arguments; crates/takt-sema/tests/last_fault.rs::last_fault_names_kind_message_line_and_tick
Typkonstruktor-bytes,Typkonstruktor,2.3,"type: ""bytes""",,M0 (Parser/MIR-Entwurf),fertig,,crates/takt-sema/tests/semantics.rs::a_byte_can_be_written_through_its_index; crates/takt-sema/tests/canonical_bytes.rs::a_bytes_value_is_length_prefixed; crates/takt-sema/tests/wire.rs::a_frame_is_assembled_from_layout_and_push
Typkonstruktor-vec,Typkonstruktor,2.3,"type: ""vec""",,M0 (Parser/MIR-Entwurf),fertig,,crates/takt-interp/tests/values.rs::vec_push_respects_capacity_and_match_binds_fields; crates/takt-sema/tests/range_boundaries.rs::a_pushed_element_outside_its_range_faults; crates/takt-sema/tests/canonical_bytes.rs::a_vec_is_length_prefixed; crates/takt-sema/tests/matrices.rs::a_dimensioned_kalman_filter_is_unit_checked_and_runs
Typkonstruktor-line,Typkonstruktor,2.3,"type: ""line""",,M0 (Parser/MIR-Entwurf),fertig,,crates/takt-sema/tests/peek.rs::peek_shows_the_element_the_handler_still_gets; crates/takt-sema/tests/handlers.rs::a_stream_input_takes_one_element_per_line; crates/takt-conformance/tests/streams.rs::an_overlong_element_is_truncated_not_dropped
Typkonstruktor-stream,Typkonstruktor,2.3,"type: ""stream""",,M0 (Parser/MIR-Entwurf),fertig,,crates/takt-sema/tests/handlers.rs::an_internal_stream_has_a_unit_delay; crates/takt-interp/tests/streams.rs::lemma_9_6_1_bounds_the_window; crates/takt-conformance/tests/differential.rs::the_two_implementations_agree_on_stream_elements
Typkonstruktor-samples,Typkonstruktor,2.3,"type: ""samples""",,M0 (Parser/MIR-Entwurf),fertig,,crates/takt-sema/tests/samples.rs::a_loop_walks_the_samples; crates/takt-sema/tests/samples.rs::reductions_read_the_tick_array; crates/takt-sema/tests/samples.rs::a_sample_outside_the_range_spoils_the_whole_array
Typkonstruktor-table,Typkonstruktor,2.3,"type: ""table""",,M0 (Parser/MIR-Entwurf),fertig,,crates/takt-interp/tests/values.rs::interp_is_piecewise_linear_and_clamped; crates/takt-llvm/tests/machines.rs::interp_clamps_at_both_ends; crates/takt-sema/tests/golden_sim.rs::golden_traces_match; corpus-try/sim/14_7/program.takt
Typkonstruktor-mat,Typkonstruktor,2.3,"type: ""mat""",,M0 (Parser/MIR-Entwurf),fertig,,crates/takt-sema/tests/matrices.rs::a_kalman_step_computes_through_the_library; crates/takt-sema/tests/matrices.rs::shapes_are_checked_at_compile_time; crates/takt-llvm/tests/matrices.rs::the_matrix_corpus_lowers_completely
Typkonstruktor-map,Typkonstruktor,2.3,"type: ""map""",,M0 (Parser/MIR-Entwurf),fertig,,crates/takt-sema/tests/maps.rs::insert_get_and_remove_behave_like_a_map; crates/takt-sema/tests/maps.rs::iteration_visits_the_slots_in_order; crates/takt-sema/tests/maps.rs::a_float_key_is_refused
Stream-Elementtyp-u8,Stream-Elementtyp,2.3,"elem_type: ""u8""",,M0 (Parser/MIR-Entwurf),fertig,,crates/takt-sema/tests/foreign_code.rs::a_scalar_stream_element_carries_its_value; crates/takt-sema/tests/handlers.rs::an_internal_stream_has_a_unit_delay; crates/takt-conformance/tests/differential.rs::a_full_wake_window_keeps_the_native_system_awake
Stream-Elementtyp-bytes,Stream-Elementtyp,2.3,"elem_type: ""bytes""",,M0 (Parser/MIR-Entwurf),fertig,,crates/takt-sema/tests/handlers.rs::a_text_element_may_stand_in_its_wire_form; crates/takt-interp/tests/streams.rs::byte_len_counts_the_content_of_variable_elements; corpus-try/76_stream_views.takt
Stream-Elementtyp-line,Stream-Elementtyp,2.3,"elem_type: ""line""",,M0 (Parser/MIR-Entwurf),fertig,,crates/takt-sema/tests/handlers.rs::a_stream_input_takes_one_element_per_line; crates/takt-sema/tests/foreign_code.rs::a_line_stream_names_its_content_text; crates/takt-sema/tests/handlers.rs::a_pattern_handler_binds_its_captures
Stream-Elementtyp-capture,Stream-Elementtyp,2.3,"elem_type: ""capture""",,M0 (Parser/MIR-Entwurf),fertig,,crates/takt-sema/tests/canonical_bytes.rs::a_capture_element_round_trips_through_bytes; crates/takt-conformance/tests/differential.rs::the_two_implementations_agree_on_capture_windows; corpus-try/66_capture.takt
Statement-break,Statement,2.3,"simple_stmt: ""break""",,M0 (Parser/MIR-Entwurf),fertig,,crates/takt-sema/tests/break_placement.rs::break_ends_a_for_loop_over_a_stream; crates/takt-sema/tests/break_placement.rs::break_in_a_handler_is_an_error; crates/takt-sema/tests/handlers.rs::a_break_leaves_the_rest_of_the_window; crates/takt-sema/tests/dominance.rs::an_early_break_dominates_the_rest_of_the_loop_body
Statement-pass,Statement,2.3,"simple_stmt: ""pass""",,M0 (Parser/MIR-Entwurf),fertig,,crates/takt-sema/tests/semantics.rs::transition_takes_one_tick_and_runs_enter_in_entry_mode; crates/takt-sema/tests/semantics.rs::observations_and_verdict_follow_13_5; crates/takt-syntax/tests/parser_errors.rs::nesting_is_bounded
Sequenz-Item-wait,Sequenz-Item,2.3,"seq_item: ""wait""",,M0 (Parser/MIR-Entwurf),fertig,,crates/takt-sema/tests/semantics.rs::sequence_runs_through_its_segments; crates/takt-sema/tests/golden_sim.rs::golden_traces_match; corpus-try/sim/14_1/program.takt
Sequenz-Item-until,Sequenz-Item,2.3,"seq_item: ""until""",,M0 (Parser/MIR-Entwurf),fertig,,crates/takt-sema/tests/segment_timeout.rs::the_command_in_time_takes_the_sequence_on; crates/takt-mir/tests/desugar.rs::until_timeout_goto_and_else; crates/takt-sema/tests/lower.rs::sequence_becomes_states_after_desugaring
Sequenz-Item-timeout,Sequenz-Item,2.3,"seq_item: ""timeout""",,M0 (Parser/MIR-Entwurf),fertig,,crates/takt-sema/tests/segment_timeout.rs::an_own_timeout_wins_over_the_default; crates/takt-sema/tests/segment_timeout.rs::an_until_without_timeout_inherits_the_segment_default; corpus-try/checks/SC-14
Sequenz-Item-else,Sequenz-Item,2.3,"seq_item: ""else""",,M0 (Parser/MIR-Entwurf),fertig,,crates/takt-mir/tests/desugar.rs::until_timeout_goto_and_else; corpus-try/checks/SC-25; corpus-try/sim/14_6/program.takt
Sequenz-Item-expect,Sequenz-Item,2.3,"seq_item: ""expect""",,M0 (Parser/MIR-Entwurf),fertig,,crates/takt-sema/tests/semantics.rs::an_assignment_after_a_failed_expect_is_not_committed; crates/takt-mir/tests/desugar.rs::expect_checks_once_via_flag; crates/takt-conformance/tests/switches.rs::the_sequence_kernel_re_arms_its_expectation
Sequenz-Item-repeat,Sequenz-Item,2.3,"seq_item: ""repeat""",,M0 (Parser/MIR-Entwurf),fertig,,crates/takt-mir/tests/desugar.rs::repeat_counts_with_weak_back_jump; crates/takt-sema/tests/golden_sim.rs::golden_traces_match; corpus-try/sim/14_2/program.takt
Sequenz-Item-step,Sequenz-Item,2.3,"seq_item: ""step""",,M0 (Parser/MIR-Entwurf),fertig,,crates/takt-mir/tests/desugar.rs::repeat_counts_with_weak_back_jump; crates/takt-sema/tests/analysis.rs::a_sequence_var_always_carries_an_initialiser; crates/takt-sema/tests/golden_sim.rs::golden_traces_match; corpus-try/sim/14_2/program.takt
Temporaloperator-implies,Temporaloperator,2.3,"tprop: ""implies""",,M0 (Parser/MIR-Entwurf),fertig,,crates/takt-sema/tests/properties.rs::a_satisfied_property_and_an_open_one_have_their_outcomes; crates/takt-conformance/tests/monitors.rs::the_monitors_lower_and_the_interpreter_finds_the_violations; crates/takt-syntax/tests/parser_errors.rs::property_atoms_are_comparisons
Temporaloperator-or,Temporaloperator,2.3,"tprop: ""or""",,M0 (Parser/MIR-Entwurf),teilweise,"Inventur 2026-10-04: Kein Test und kein Korpusprogramm benutzt `or` zwischen Eigenschaften; Parser, Sema, Monitor und Codegen haben den Zweig, belegt ist nur der MIR-Rundlauf des Beispielprogramms",crates/takt-mir/tests/roundtrip.rs::full_program_round_trips
Temporaloperator-and,Temporaloperator,2.3,"tprop: ""and""",,M0 (Parser/MIR-Entwurf),fertig,,crates/takt-prove/tests/with_solver.rs::a_true_but_not_inductive_property_stays_unproven_with_a_reason; corpus-try/checks/SC-56; crates/takt-syntax/tests/parser_errors.rs::property_atoms_are_comparisons
Temporaloperator-not,Temporaloperator,2.3,"tprop: ""not""",,M0 (Parser/MIR-Entwurf),fertig,,crates/takt-sema/tests/properties.rs::a_violation_is_a_fail_finding_at_the_tick_it_is_decided; crates/takt-conformance/tests/monitors.rs::the_monitors_lower_and_the_interpreter_finds_the_violations
Temporaloperator-always,Temporaloperator,2.3,"tprop: ""always""",,M0 (Parser/MIR-Entwurf),fertig,,crates/takt-sema/tests/properties.rs::a_violation_is_a_fail_finding_at_the_tick_it_is_decided; crates/takt-prove/tests/with_solver.rs::an_inductive_invariant_is_proven; crates/takt-conformance/tests/monitors.rs::native_monitors_report_the_same_violations_in_the_same_tick
Temporaloperator-never,Temporaloperator,2.3,"tprop: ""never""",,M0 (Parser/MIR-Entwurf),fertig,,crates/takt-sema/tests/properties.rs::a_violation_is_a_fail_finding_at_the_tick_it_is_decided; crates/takt-prove/tests/with_solver.rs::a_true_but_not_inductive_property_stays_unproven_with_a_reason
Temporaloperator-eventually,Temporaloperator,2.3,"tprop: ""eventually""",,M0 (Parser/MIR-Entwurf),teilweise,"Inventur 2026-10-04: Monitor in Interpreter und Codegen belegt; als Beweisziel von takt prove nicht kodiert (FB-374 offen, 13.3)",crates/takt-sema/tests/properties.rs::a_satisfied_property_and_an_open_one_have_their_outcomes; crates/takt-conformance/tests/monitors.rs::native_monitors_report_the_same_violations_in_the_same_tick; crates/takt-sema/tests/properties.rs::check_56_rejects_unbounded_operators_under_bounded_ones_and_odd_windows
Temporaloperator-stable,Temporaloperator,2.3,"tprop: ""stable""",,M0 (Parser/MIR-Entwurf),teilweise,"Inventur 2026-10-04: Nur der erfuellte Fall im Interpreter; kein Verletzungsfall, nativer Monitor fuer stable nicht ausgefuehrt; als Beweisziel nicht kodiert (FB-374 offen)",crates/takt-sema/tests/properties.rs::stable_and_once_look_along_the_window; corpus-try/checks/SC-56
Temporaloperator-once,Temporaloperator,2.3,"tprop: ""once""",,M0 (Parser/MIR-Entwurf),teilweise,"Inventur 2026-10-04: Monitor in Interpreter und Codegen belegt; als Beweisziel von takt prove nicht kodiert (FB-374 offen, 13.3)",crates/takt-sema/tests/properties.rs::stable_and_once_look_along_the_window; crates/takt-conformance/tests/monitors.rs::native_monitors_report_the_same_violations_in_the_same_tick
Generics-Fähigkeit-pod,Generics-Fähigkeit,2.3,"capability: ""pod""",,M0 (Parser/MIR-Entwurf),teilweise,Inventur 2026-10-04: pod nur beilaeufig im Zyklustest angenommen; kein Test lehnt einen Nicht-POD-Typ ab oder nutzt pod positiv,crates/takt-sema/tests/type_generics.rs::an_instantiation_cycle_is_refused; corpus-try/checks/SC-52
Generics-Fähigkeit-eq,Generics-Fähigkeit,2.3,"capability: ""eq""",,M0 (Parser/MIR-Entwurf),fertig,,crates/takt-sema/tests/type_generics.rs::eq_does_not_hold_for_float; corpus-try/62_type_generics.takt; crates/takt-conformance/tests/differential.rs::the_interpreter_and_the_generated_code_agree
Generics-Fähigkeit-ord,Generics-Fähigkeit,2.3,"capability: ""ord""",,M0 (Parser/MIR-Entwurf),fertig,,crates/takt-sema/tests/type_generics.rs::a_type_variable_is_inferred_from_the_argument; crates/takt-sema/tests/type_generics.rs::each_type_gets_its_own_instance; corpus-try/checks/SC-52
Generics-Fähigkeit-numeric,Generics-Fähigkeit,2.3,"capability: ""numeric""",,M0 (Parser/MIR-Entwurf),fertig,,crates/takt-sema/tests/type_generics.rs::a_missing_capability_is_refused_at_the_call_site; corpus-try/checks/SC-52
Generics-Fähigkeit-integer,Generics-Fähigkeit,2.3,"capability: ""integer""",,M0 (Parser/MIR-Entwurf),teilweise,Inventur 2026-10-04: Kein Test und kein Korpusprogramm benutzt `integer`; nur Parser- und Sema-Zweig vorhanden,""
Generics-Fähigkeit-float,Generics-Fähigkeit,2.3,"capability: ""float""",,M0 (Parser/MIR-Entwurf),teilweise,Inventur 2026-10-04: Kein Test und kein Korpusprogramm benutzt die Faehigkeit `float`; nur Parser- und Sema-Zweig vorhanden,""
Rahmung-raw,Rahmung,2.3,"framing: ""raw""",,M0 (Parser/MIR-Entwurf),teilweise,"Inventur 2026-10-04: framing wird geparst und gesenkt, aber kein Bestandteil (Interpreter, Rahmen, Treiber) liest die Rahmung; die Elemente kommen fertig aus dem Stimulus (FB-400 offen)",corpus-try/13_protocol_analysis.takt; crates/takt-sema/tests/analysis.rs::the_protocol_case_keeps_its_implicit_checks_low
Rahmung-lines,Rahmung,2.3,"framing: ""lines""",,M0 (Parser/MIR-Entwurf),teilweise,"Inventur 2026-10-04: framing wird geparst und gesenkt, aber kein Bestandteil (Interpreter, Rahmen, Treiber) liest die Rahmung; die Elemente kommen fertig aus dem Stimulus (FB-400 offen)",crates/takt-sema/tests/peek.rs::peek_shows_the_element_the_handler_still_gets; crates/takt-sema/src/lower/import.rs::a_channel_with_a_maximum_rate_is_a_stream; corpus-try/sim/14_6/program.takt
Rahmung-cobs,Rahmung,2.3,"framing: ""cobs""",,M0 (Parser/MIR-Entwurf),teilweise,"Testpruefung 2026-10-03: geparst und gesenkt, aber kein Bestandteil liest `framing` (FB-400)",""
Rahmung-length_prefixed,Rahmung,2.3,"framing: ""length_prefixed""",,M0 (Parser/MIR-Entwurf),teilweise,"Testpruefung 2026-10-03: geparst und gesenkt, aber kein Bestandteil liest `framing` (FB-400)",""
Rahmung-fixed,Rahmung,2.3,"framing: ""fixed""",,M0 (Parser/MIR-Entwurf),teilweise,"Testpruefung 2026-10-03: geparst und gesenkt, aber kein Bestandteil liest `framing` (FB-400)",""
Bindung-hw,Bindung,2.3,"binding: ""hw""",,M0 (Parser/MIR-Entwurf),fertig,,crates/takt-sema/tests/builds.rs::an_unbound_channel_in_use_fails_the_hardware_build; crates/takt-sema/tests/builds.rs::the_binding_table_is_what_may_differ; crates/takt-conformance/tests/mcu_harness.rs::a_hardware_path_becomes_a_driver_call; corpus-try/checks/SC-7
Bindung-sim,Bindung,2.3,"binding: ""sim""",,M0 (Parser/MIR-Entwurf),fertig,,crates/takt-sema/tests/builds.rs::the_plant_model_is_an_ordinary_machine; crates/takt-sema/tests/golden_sim.rs::golden_traces_match; corpus-try/sim/14_2/program.takt; crates/takt-conformance/tests/mcu_harness.rs::a_simulated_input_is_fed_before_tick_0; corpus-try/checks/SC-13; crates/takt-cli/tests/test_cmd.rs::an_unsimulated_input_is_an_error_under_test_and_a_warning_under_sim
Bindung-none,Bindung,2.3,"binding: ""none""",,M0 (Parser/MIR-Entwurf),fertig,,crates/takt-sema/tests/builds.rs::an_unbound_channel_in_use_fails_the_hardware_build
Kampagnen-Item-program,Kampagnen-Item,2.3,"campaign_item: ""program""",,M0 (Parser/MIR-Entwurf),fertig,,crates/takt-sema/tests/campaigns.rs::the_campaigns_of_the_corpus_lower; crates/takt-cli/tests/campaign_cmd.rs::every_run_lands_in_the_table_and_replays_from_its_recording
Kampagnen-Item-profile,Kampagnen-Item,2.3,"campaign_item: ""profile""",,M0 (Parser/MIR-Entwurf),fertig,,crates/takt-sema/tests/campaigns.rs::the_campaigns_of_the_corpus_lower; crates/takt-sema/tests/campaigns.rs::a_sweep_needs_a_parameter_a_positive_step_and_values_in_range; crates/takt-cli/tests/campaign_cmd.rs::every_run_lands_in_the_table_and_replays_from_its_recording
Kampagnen-Item-sweep,Kampagnen-Item,2.3,"campaign_item: ""sweep""",,M0 (Parser/MIR-Entwurf),fertig,,crates/takt-sema/tests/campaigns.rs::the_run_space_is_the_product_of_the_sweeps_times_repeat; crates/takt-sema/tests/campaigns.rs::a_sweep_needs_a_parameter_a_positive_step_and_values_in_range; crates/takt-cli/tests/campaign_cmd.rs::every_run_lands_in_the_table_and_replays_from_its_recording
Kampagnen-Item-step,Kampagnen-Item,2.3,"campaign_item: ""step""",,M0 (Parser/MIR-Entwurf),fertig,,crates/takt-sema/tests/campaigns.rs::the_run_space_is_the_product_of_the_sweeps_times_repeat; crates/takt-sema/tests/campaigns.rs::a_sweep_needs_a_parameter_a_positive_step_and_values_in_range; crates/takt-sema/tests/campaigns.rs::a_sweep_step_below_twice_the_jitter_is_rejected
Kampagnen-Item-repeat,Kampagnen-Item,2.3,"campaign_item: ""repeat""",,M0 (Parser/MIR-Entwurf),fertig,,crates/takt-sema/tests/campaigns.rs::the_run_space_is_the_product_of_the_sweeps_times_repeat; crates/takt-cli/tests/campaign_cmd.rs::every_run_lands_in_the_table_and_replays_from_its_recording
Kampagnen-Item-stop_on,Kampagnen-Item,2.3,"campaign_item: ""stop_on""",,M0 (Parser/MIR-Entwurf),fertig,,crates/takt-cli/tests/campaign_cmd.rs::stop_on_fail_ends_the_campaign_after_the_first_failure; crates/takt-sema/tests/campaigns.rs::the_campaigns_of_the_corpus_lower
Kampagnen-Item-fail,Kampagnen-Item,2.3,"campaign_item: ""fail""",,M0 (Parser/MIR-Entwurf),fertig,,crates/takt-cli/tests/campaign_cmd.rs::stop_on_fail_ends_the_campaign_after_the_first_failure
Kampagnen-Item-never,Kampagnen-Item,2.3,"campaign_item: ""never""",,M0 (Parser/MIR-Entwurf),fertig,,crates/takt-sema/tests/campaigns.rs::the_campaigns_of_the_corpus_lower; crates/takt-cli/tests/campaign_cmd.rs::every_run_lands_in_the_table_and_replays_from_its_recording
Generics-Klasse-type,Generics-Klasse,2.3,"gvar: ""type""",,M0 (Parser/MIR-Entwurf),fertig,,crates/takt-sema/tests/type_generics.rs::a_type_variable_is_inferred_from_the_argument; crates/takt-sema/tests/type_generics.rs::a_missing_capability_is_refused_at_the_call_site; crates/takt-sema/tests/type_generics.rs::each_type_gets_its_own_instance
Generics-Klasse-const,Generics-Klasse,2.3,"gvar: ""const""",,M0 (Parser/MIR-Entwurf),fertig,,crates/takt-sema/tests/const_generics.rs::a_constant_is_inferred_from_the_capacity_of_the_argument; crates/takt-sema/tests/const_generics.rs::the_range_of_a_constant_is_checked_at_instantiation; crates/takt-sema/tests/const_generics.rs::an_explicit_constant_instantiates_a_block
KW-system,Schlüsselwort,2.2,system,,M0 (Parser/MIR-Entwurf),fertig,,abgeleitet
KW-import,Schlüsselwort,2.2,import,,M0 (Parser/MIR-Entwurf),teilweise,Testpruefung 2026-10-03: die Sema lehnt Module mit SC-2 ab (FB-400),""
KW-type,Schlüsselwort,2.2,type,,M0 (Parser/MIR-Entwurf),fertig,,abgeleitet
KW-enum,Schlüsselwort,2.2,enum,,M0 (Parser/MIR-Entwurf),fertig,,abgeleitet
KW-record,Schlüsselwort,2.2,record,,M0 (Parser/MIR-Entwurf),fertig,,abgeleitet
KW-unit,Schlüsselwort,2.2,unit,,M0 (Parser/MIR-Entwurf),fertig,,abgeleitet
KW-const,Schlüsselwort,2.2,const,,M0 (Parser/MIR-Entwurf),fertig,,abgeleitet
KW-param,Schlüsselwort,2.2,param,,M0 (Parser/MIR-Entwurf),fertig,,abgeleitet
KW-profile,Schlüsselwort,2.2,profile,,M0 (Parser/MIR-Entwurf),fertig,,abgeleitet
KW-stream,Schlüsselwort,2.2,stream,,M0 (Parser/MIR-Entwurf),fertig,,abgeleitet
KW-port,Schlüsselwort,2.2,port,,M0 (Parser/MIR-Entwurf),fertig,,abgeleitet
KW-node,Schlüsselwort,2.2,node,,M0 (Parser/MIR-Entwurf),fertig,,abgeleitet
KW-unitvec,Schlüsselwort,2.2,unitvec,,M0 (Parser/MIR-Entwurf),fertig,,abgeleitet
KW-property,Schlüsselwort,2.2,property,,M0 (Parser/MIR-Entwurf),fertig,,abgeleitet
KW-assumption,Schlüsselwort,2.2,assumption,,M0 (Parser/MIR-Entwurf),fertig,,abgeleitet
KW-input,Schlüsselwort,2.2,input,,M0 (Parser/MIR-Entwurf),fertig,,abgeleitet
KW-output,Schlüsselwort,2.2,output,,M0 (Parser/MIR-Entwurf),fertig,,abgeleitet
KW-command,Schlüsselwort,2.2,command,,M0 (Parser/MIR-Entwurf),fertig,,abgeleitet
KW-fn,Schlüsselwort,2.2,fn,,M0 (Parser/MIR-Entwurf),fertig,,abgeleitet
KW-native,Schlüsselwort,2.2,native,,M0 (Parser/MIR-Entwurf),fertig,,abgeleitet
KW-block,Schlüsselwort,2.2,block,,M0 (Parser/MIR-Entwurf),fertig,,abgeleitet
KW-machine,Schlüsselwort,2.2,machine,,M0 (Parser/MIR-Entwurf),fertig,,abgeleitet
KW-instance,Schlüsselwort,2.2,instance,,M0 (Parser/MIR-Entwurf),fertig,,abgeleitet
KW-scenario,Schlüsselwort,2.2,scenario,,M0 (Parser/MIR-Entwurf),fertig,,abgeleitet
KW-campaign,Schlüsselwort,2.2,campaign,,M0 (Parser/MIR-Entwurf),fertig,,abgeleitet
KW-trigger,Schlüsselwort,2.2,trigger,,M0 (Parser/MIR-Entwurf),fertig,,abgeleitet
KW-var,Schlüsselwort,2.2,var,,M0 (Parser/MIR-Entwurf),fertig,,abgeleitet
KW-pub,Schlüsselwort,2.2,pub,,M0 (Parser/MIR-Entwurf),fertig,,abgeleitet
KW-persist,Schlüsselwort,2.2,persist,,M0 (Parser/MIR-Entwurf),fertig,,abgeleitet
KW-signal,Schlüsselwort,2.2,signal,,M0 (Parser/MIR-Entwurf),fertig,,abgeleitet
KW-tunable,Schlüsselwort,2.2,tunable,,M0 (Parser/MIR-Entwurf),fertig,,abgeleitet
KW-driver,Schlüsselwort,2.2,driver,,M0 (Parser/MIR-Entwurf),fertig,,abgeleitet
KW-initial,Schlüsselwort,2.2,initial,,M0 (Parser/MIR-Entwurf),fertig,,abgeleitet
KW-state,Schlüsselwort,2.2,state,,M0 (Parser/MIR-Entwurf),fertig,,abgeleitet
KW-enter,Kontextuelles Wort,2.2,enter,,M6,fertig,"seit Schritt 25 kontextuell (FB-92): leitet nur im Maschinen- oder Zustandsrumpf eine Klausel ein, sonst ein Bezeichner (`50_clause_words.takt`)",abgeleitet
KW-loop,Kontextuelles Wort,2.2,loop,,M6,fertig,"seit Schritt 25 kontextuell (FB-92): leitet nur im Maschinen- oder Zustandsrumpf eine Klausel ein, sonst ein Bezeichner (`50_clause_words.takt`)",abgeleitet
KW-exit,Kontextuelles Wort,2.2,exit,,M6,fertig,"seit Schritt 25 kontextuell (FB-92): leitet nur im Maschinen- oder Zustandsrumpf eine Klausel ein, sonst ein Bezeichner (`50_clause_words.takt`)",abgeleitet
KW-on,Kontextuelles Wort,2.2,on,,M6,fertig,"seit Schritt 25 kontextuell (FB-92): leitet nur im Maschinen- oder Zustandsrumpf eine Klausel ein, sonst ein Bezeichner (`50_clause_words.takt`)",abgeleitet
KW-when,Kontextuelles Wort,2.2,when,,M6,fertig,"seit Schritt 25 kontextuell (FB-92): leitet nur im Maschinen- oder Zustandsrumpf eine Klausel ein, sonst ein Bezeichner (`50_clause_words.takt`)",abgeleitet
KW-after,Kontextuelles Wort,2.2,after,,M6,fertig,"seit Schritt 25 kontextuell (FB-92): leitet nur im Maschinen- oder Zustandsrumpf eine Klausel ein, sonst ein Bezeichner (`50_clause_words.takt`)",abgeleitet
KW-fault,Schlüsselwort,2.2,fault,,M0 (Parser/MIR-Entwurf),fertig,,abgeleitet
KW-sequence,Schlüsselwort,2.2,sequence,,M0 (Parser/MIR-Entwurf),fertig,,abgeleitet
KW-wait,Schlüsselwort,2.2,wait,,M0 (Parser/MIR-Entwurf),fertig,,abgeleitet
KW-until,Schlüsselwort,2.2,until,,M0 (Parser/MIR-Entwurf),fertig,,abgeleitet
KW-expect,Schlüsselwort,2.2,expect,,M0 (Parser/MIR-Entwurf),fertig,,abgeleitet
KW-repeat,Schlüsselwort,2.2,repeat,,M0 (Parser/MIR-Entwurf),fertig,,abgeleitet
KW-step,Schlüsselwort,2.2,step,,M0 (Parser/MIR-Entwurf),fertig,,abgeleitet
KW-every,Schlüsselwort,2.2,every,,M0 (Parser/MIR-Entwurf),fertig,,abgeleitet
KW-check,Schlüsselwort,2.2,check,,M0 (Parser/MIR-Entwurf),fertig,,abgeleitet
KW-alert,Schlüsselwort,2.2,alert,,M0 (Parser/MIR-Entwurf),fertig,,abgeleitet
KW-log,Schlüsselwort,2.2,log,,M0 (Parser/MIR-Entwurf),fertig,,abgeleitet
KW-abort,Schlüsselwort,2.2,abort,,M0 (Parser/MIR-Entwurf),fertig,,abgeleitet
KW-measure,Schlüsselwort,2.2,measure,,M0 (Parser/MIR-Entwurf),fertig,,abgeleitet
KW-verify,Schlüsselwort,2.2,verify,,M0 (Parser/MIR-Entwurf),fertig,,abgeleitet
KW-verdict,Schlüsselwort,2.2,verdict,,M0 (Parser/MIR-Entwurf),fertig,,abgeleitet
KW-send,Schlüsselwort,2.2,send,,M0 (Parser/MIR-Entwurf),fertig,,abgeleitet
KW-at,Schlüsselwort,2.2,at,,M0 (Parser/MIR-Entwurf),fertig,,abgeleitet
KW-pulse,Schlüsselwort,2.2,pulse,,M0 (Parser/MIR-Entwurf),fertig,,abgeleitet
KW-cancel,Schlüsselwort,2.2,cancel,,M0 (Parser/MIR-Entwurf),fertig,,abgeleitet
KW-raise,Schlüsselwort,2.2,raise,,M0 (Parser/MIR-Entwurf),fertig,,abgeleitet
KW-job,Schlüsselwort,2.2,job,,M0 (Parser/MIR-Entwurf),fertig,,abgeleitet
KW-arm,Schlüsselwort,2.2,arm,,M0 (Parser/MIR-Entwurf),fertig,,abgeleitet
KW-disarm,Schlüsselwort,2.2,disarm,,M0 (Parser/MIR-Entwurf),fertig,,abgeleitet
KW-then,Schlüsselwort,2.2,then,,M0 (Parser/MIR-Entwurf),fertig,,abgeleitet
KW-bound,Schlüsselwort,2.2,bound,,M0 (Parser/MIR-Entwurf),fertig,,abgeleitet
KW-program,Schlüsselwort,2.2,program,,M0 (Parser/MIR-Entwurf),fertig,,abgeleitet
KW-sweep,Schlüsselwort,2.2,sweep,,M0 (Parser/MIR-Entwurf),fertig,,abgeleitet
KW-stop_on,Schlüsselwort,2.2,stop_on,,M0 (Parser/MIR-Entwurf),fertig,,abgeleitet
KW-match,Schlüsselwort,2.2,match,,M0 (Parser/MIR-Entwurf),fertig,,abgeleitet
KW-case,Schlüsselwort,2.2,case,,M0 (Parser/MIR-Entwurf),fertig,,abgeleitet
KW-if,Schlüsselwort,2.2,if,,M0 (Parser/MIR-Entwurf),fertig,,abgeleitet
KW-elif,Schlüsselwort,2.2,elif,,M0 (Parser/MIR-Entwurf),fertig,,abgeleitet
KW-else,Schlüsselwort,2.2,else,,M0 (Parser/MIR-Entwurf),fertig,,abgeleitet
KW-for,Schlüsselwort,2.2,for,,M0 (Parser/MIR-Entwurf),fertig,,abgeleitet
KW-in,Schlüsselwort,2.2,in,,M0 (Parser/MIR-Entwurf),fertig,,abgeleitet
KW-range,Schlüsselwort,2.2,range,,M0 (Parser/MIR-Entwurf),fertig,,abgeleitet
KW-break,Schlüsselwort,2.2,break,,M0 (Parser/MIR-Entwurf),fertig,,abgeleitet
KW-return,Schlüsselwort,2.2,return,,M0 (Parser/MIR-Entwurf),fertig,,abgeleitet
KW-pass,Schlüsselwort,2.2,pass,,M0 (Parser/MIR-Entwurf),fertig,,abgeleitet
KW-and,Schlüsselwort,2.2,and,,M0 (Parser/MIR-Entwurf),fertig,,abgeleitet
KW-or,Schlüsselwort,2.2,or,,M0 (Parser/MIR-Entwurf),fertig,,abgeleitet
KW-not,Schlüsselwort,2.2,not,,M0 (Parser/MIR-Entwurf),fertig,,abgeleitet
KW-as,Schlüsselwort,2.2,as,,M0 (Parser/MIR-Entwurf),fertig,,abgeleitet
KW-matches,Schlüsselwort,2.2,matches,,M0 (Parser/MIR-Entwurf),fertig,,abgeleitet
KW-has,Schlüsselwort,2.2,has,,M0 (Parser/MIR-Entwurf),fertig,,abgeleitet
KW-implies,Schlüsselwort,2.2,implies,,M0 (Parser/MIR-Entwurf),fertig,,abgeleitet
KW-always,Schlüsselwort,2.2,always,,M0 (Parser/MIR-Entwurf),fertig,,abgeleitet
KW-never,Schlüsselwort,2.2,never,,M0 (Parser/MIR-Entwurf),fertig,,abgeleitet
KW-eventually,Schlüsselwort,2.2,eventually,,M0 (Parser/MIR-Entwurf),fertig,,abgeleitet
KW-stable,Schlüsselwort,2.2,stable,,M0 (Parser/MIR-Entwurf),fertig,,abgeleitet
KW-once,Schlüsselwort,2.2,once,,M0 (Parser/MIR-Entwurf),fertig,,abgeleitet
KW-true,Schlüsselwort,2.2,true,,M0 (Parser/MIR-Entwurf),fertig,,abgeleitet
KW-false,Schlüsselwort,2.2,false,,M0 (Parser/MIR-Entwurf),fertig,,abgeleitet
KW-none,Schlüsselwort,2.2,none,,M0 (Parser/MIR-Entwurf),fertig,,abgeleitet
KW-default,Schlüsselwort,2.2,default,,M0 (Parser/MIR-Entwurf),fertig,,abgeleitet
KW-with,Schlüsselwort,2.2,with,,M0 (Parser/MIR-Entwurf),fertig,,abgeleitet
KW-reserviert-region,Reserviertes Wort,2.2/2.5,region,,M0 (Parser/MIR-Entwurf),fertig,,abgeleitet
KW-reserviert-while,Reserviertes Wort,2.2/2.5,while,,M0 (Parser/MIR-Entwurf),fertig,,abgeleitet
KW-reserviert-yield,Reserviertes Wort,2.2/2.5,yield,,M0 (Parser/MIR-Entwurf),fertig,,abgeleitet
KW-reserviert-await,Reserviertes Wort,2.2/2.5,await,,M0 (Parser/MIR-Entwurf),fertig,,abgeleitet
KW-reserviert-async,Reserviertes Wort,2.2/2.5,async,,M0 (Parser/MIR-Entwurf),fertig,,abgeleitet
KW-reserviert-spawn,Reserviertes Wort,2.2/2.5,spawn,,M0 (Parser/MIR-Entwurf),fertig,,abgeleitet
KW-reserviert-select,Reserviertes Wort,2.2/2.5,select,,M0 (Parser/MIR-Entwurf),fertig,,abgeleitet
KW-reserviert-where,Reserviertes Wort,2.2/2.5,where,,M0 (Parser/MIR-Entwurf),fertig,,abgeleitet
KW-reserviert-impl,Reserviertes Wort,2.2/2.5,impl,,M0 (Parser/MIR-Entwurf),fertig,,abgeleitet
KW-reserviert-trait,Reserviertes Wort,2.2/2.5,trait,,M0 (Parser/MIR-Entwurf),fertig,,abgeleitet
KW-reserviert-module,Reserviertes Wort,2.2/2.5,module,,M0 (Parser/MIR-Entwurf),fertig,,abgeleitet
KW-reserviert-export,Reserviertes Wort,2.2/2.5,export,,M0 (Parser/MIR-Entwurf),fertig,,abgeleitet
KW-reserviert-extern,Reserviertes Wort,2.2/2.5,extern,,M0 (Parser/MIR-Entwurf),fertig,,abgeleitet
KW-reserviert-unsafe,Reserviertes Wort,2.2/2.5,unsafe,,M0 (Parser/MIR-Entwurf),fertig,,abgeleitet
KW-reserviert-try,Reserviertes Wort,2.2/2.5,try,,M0 (Parser/MIR-Entwurf),fertig,,abgeleitet
KW-reserviert-catch,Reserviertes Wort,2.2/2.5,catch,,M0 (Parser/MIR-Entwurf),fertig,,abgeleitet
KW-reserviert-throw,Reserviertes Wort,2.2/2.5,throw,,M0 (Parser/MIR-Entwurf),fertig,,abgeleitet
KW-reserviert-class,Reserviertes Wort,2.2/2.5,class,,M0 (Parser/MIR-Entwurf),fertig,,abgeleitet
KW-reserviert-struct,Reserviertes Wort,2.2/2.5,struct,,M0 (Parser/MIR-Entwurf),fertig,,abgeleitet
KW-reserviert-union,Reserviertes Wort,2.2/2.5,union,,M0 (Parser/MIR-Entwurf),fertig,,abgeleitet
KW-reserviert-static,Reserviertes Wort,2.2/2.5,static,,M0 (Parser/MIR-Entwurf),fertig,,abgeleitet
KW-reserviert-global,Reserviertes Wort,2.2/2.5,global,,M0 (Parser/MIR-Entwurf),fertig,,abgeleitet
KW-reserviert-volatile,Reserviertes Wort,2.2/2.5,volatile,,M0 (Parser/MIR-Entwurf),fertig,,abgeleitet
KW-reserviert-defer,Reserviertes Wort,2.2/2.5,defer,,M0 (Parser/MIR-Entwurf),fertig,,abgeleitet
MEM-valid,Reservierter Membername,2.5,valid,,M0 (Parser/MIR-Entwurf),fertig,,abgeleitet
MEM-suspect,Reservierter Membername,2.5,suspect,,M0 (Parser/MIR-Entwurf),fertig,,abgeleitet
MEM-stale,Reservierter Membername,2.5,stale,,M0 (Parser/MIR-Entwurf),fertig,,abgeleitet
MEM-age,Reservierter Membername,2.5,age,,M0 (Parser/MIR-Entwurf),fertig,,crates/takt-sema/tests/semantics.rs::a_fresh_sample_is_read_with_age_zero
MEM-reason,Reservierter Membername,2.5,reason,,M0 (Parser/MIR-Entwurf),fertig,,abgeleitet
MEM-or,Reservierter Membername,2.5,or,,M0 (Parser/MIR-Entwurf),fertig,,abgeleitet
MEM-ok,Reservierter Membername,2.5,ok,,M0 (Parser/MIR-Entwurf),fertig,,abgeleitet
MEM-err,Reservierter Membername,2.5,err,,M0 (Parser/MIR-Entwurf),fertig,,abgeleitet
MEM-t,Reservierter Membername,2.5,t,,M0 (Parser/MIR-Entwurf),fertig,,abgeleitet
MEM-seq,Reservierter Membername,2.5,seq,,M0 (Parser/MIR-Entwurf),fertig,,abgeleitet
MEM-text,Reservierter Membername,2.5,text,,M0 (Parser/MIR-Entwurf),fertig,,abgeleitet
MEM-data,Reservierter Membername,2.5,data,,M0 (Parser/MIR-Entwurf),fertig,,abgeleitet
MEM-len,Reservierter Membername,2.5,len,,M0 (Parser/MIR-Entwurf),fertig,,abgeleitet
MEM-count,Reservierter Membername,2.5,count,,M0 (Parser/MIR-Entwurf),fertig,,abgeleitet
MEM-dropped,Reservierter Membername,2.5,dropped,,M0 (Parser/MIR-Entwurf),fertig,,abgeleitet
MEM-malformed,Reservierter Membername,2.5,malformed,,M0 (Parser/MIR-Entwurf),fertig,,crates/takt-conformance/tests/streams.rs::the_counters_of_a_stream_are_the_interpreters; crates/takt-hal/tests/edge.rs::a_malformed_element_is_counted
MEM-overflowed,Reservierter Membername,2.5,overflowed,,M0 (Parser/MIR-Entwurf),fertig,,crates/takt-conformance/tests/streams.rs::the_counters_of_a_stream_are_the_interpreters; crates/takt-interp/tests/streams.rs::overflow_with_fault_rejects_the_surplus_element
MEM-free,Reservierter Membername,2.5,free,,M0 (Parser/MIR-Entwurf),teilweise,"Inventur 2026-10-04: `.free` nur uebersetzt (crates/takt-sema/tests/corpus.rs), kein Lauf liest es (FB-406)",
MEM-jitter,Reservierter Membername,2.5,jitter,,M0 (Parser/MIR-Entwurf),fertig,,crates/takt-conformance/tests/differential.rs::the_jitter_of_an_output_is_zero_without_a_configuration; crates/takt-conformance/tests/mcu_harness.rs::the_jitter_of_an_output_comes_from_the_configuration
MEM-time_warped,Reservierter Membername,2.5,time_warped,,M0 (Parser/MIR-Entwurf),teilweise,Inventur 2026-10-04: die Sema meldet `.time_warped` mit Stufe v1.1; den Zaehler fuehrt der Rand (takt-hal),
MEM-done,Reservierter Membername,2.5,done,,M0 (Parser/MIR-Entwurf),fertig,,abgeleitet
MEM-result,Reservierter Membername,2.5,result,,M0 (Parser/MIR-Entwurf),fertig,,abgeleitet
MEM-state,Reservierter Membername,2.5,state,,M0 (Parser/MIR-Entwurf),fertig,,abgeleitet
MEM-to,Reservierter Membername,2.5,to,,M0 (Parser/MIR-Entwurf),fertig,,abgeleitet
MEM-to_float,Reservierter Membername,2.5,to_float,,M0 (Parser/MIR-Entwurf),fertig,,abgeleitet
MEM-as,Reservierter Membername,2.5,as,,M0 (Parser/MIR-Entwurf),fertig,,abgeleitet
MEM-bit,Reservierter Membername,2.5,bit,,M0 (Parser/MIR-Entwurf),fertig,,abgeleitet
MEM-bits,Reservierter Membername,2.5,bits,,M0 (Parser/MIR-Entwurf),teilweise,"Inventur 2026-10-04: `.bits(hi, lo)`: kein uebersetzbares Programm und kein Test benutzt es (FB-406)",
MEM-with_bit,Reservierter Membername,2.5,with_bit,,M0 (Parser/MIR-Entwurf),fertig,,abgeleitet
MEM-wrap_*,Reservierter Membername,2.5,wrap_*,,M0 (Parser/MIR-Entwurf),fertig,,abgeleitet
MEM-min,Reservierter Membername,2.5,min,,M0 (Parser/MIR-Entwurf),fertig,,abgeleitet
MEM-max,Reservierter Membername,2.5,max,,M0 (Parser/MIR-Entwurf),fertig,,abgeleitet
MEM-mean,Reservierter Membername,2.5,mean,,M0 (Parser/MIR-Entwurf),fertig,,abgeleitet
MEM-rms,Reservierter Membername,2.5,rms,,M0 (Parser/MIR-Entwurf),fertig,,abgeleitet
MEM-last,Reservierter Membername,2.5,last,,M0 (Parser/MIR-Entwurf),teilweise,Inventur 2026-10-04: `.last`: kein uebersetzbares Programm und kein Test benutzt es (FB-406),
MEM-transpose,Reservierter Membername,2.5,transpose,,M0 (Parser/MIR-Entwurf),fertig,,abgeleitet
MEM-inv,Reservierter Membername,2.5,inv,,M0 (Parser/MIR-Entwurf),fertig,,abgeleitet
MEM-det,Reservierter Membername,2.5,det,,M0 (Parser/MIR-Entwurf),fertig,,abgeleitet
MEM-solve,Reservierter Membername,2.5,solve,,M0 (Parser/MIR-Entwurf),fertig,,abgeleitet
MEM-cholesky,Reservierter Membername,2.5,cholesky,,M0 (Parser/MIR-Entwurf),fertig,,abgeleitet
MEM-decode,Reservierter Membername,2.5,decode,,M0 (Parser/MIR-Entwurf),fertig,,abgeleitet
MEM-encode,Reservierter Membername,2.5,encode,,M0 (Parser/MIR-Entwurf),fertig,,abgeleitet
MEM-default,Reservierter Membername,2.5,default,,M0 (Parser/MIR-Entwurf),teilweise,Inventur 2026-10-04: `.default`: kein uebersetzbares Programm und kein Test benutzt es (FB-406),
MEM-push,Reservierter Membername,2.5,push,,M0 (Parser/MIR-Entwurf),fertig,,abgeleitet
MEM-append,Reservierter Membername,2.5,append,,M3,fertig,,abgeleitet
MEM-get,Reservierter Membername,2.5,get,,M0 (Parser/MIR-Entwurf),fertig,,abgeleitet
MEM-insert,Reservierter Membername,2.5,insert,,M0 (Parser/MIR-Entwurf),fertig,,abgeleitet
MEM-remove,Reservierter Membername,2.5,remove,,M0 (Parser/MIR-Entwurf),fertig,,abgeleitet
MEM-clear,Reservierter Membername,2.5,clear,,M0 (Parser/MIR-Entwurf),fertig,,abgeleitet
MEM-skip,Reservierter Membername,2.5,skip,,M0 (Parser/MIR-Entwurf),fertig,,crates/takt-interp/tests/streams.rs::skip_moves_the_cursor_past_everything; crates/takt-sema/tests/handlers.rs::skip_discards_the_window
MEM-starts_with,Reservierter Membername,2.5,starts_with,,M0 (Parser/MIR-Entwurf),teilweise,Inventur 2026-10-04: `.starts_with`: kein uebersetzbares Programm und kein Test benutzt es (FB-406),
MEM-contains,Reservierter Membername,2.5,contains,,M0 (Parser/MIR-Entwurf),teilweise,Inventur 2026-10-04: `.contains`: kein uebersetzbares Programm und kein Test benutzt es (FB-406),
MEM-armed,Reservierter Membername,2.5,armed,,M0 (Parser/MIR-Entwurf),fertig,`ExprKind::Armed`; Flag in `Layout::trigger_flags` der armierenden Maschine (7.5),crates/takt-sema/tests/triggers.rs::armed_falls_when_the_trigger_fires
MEM-fired,Reservierter Membername,2.5,fired,,M0 (Parser/MIR-Entwurf),fertig,interner Strom je Trigger; Element ist der Record aus Captures und `.t` (7.5),abgeleitet
MEM-pre,Reservierter Membername,2.5,pre,,M0 (Parser/MIR-Entwurf),fertig,,abgeleitet
MEM-post,Reservierter Membername,2.5,post,,M0 (Parser/MIR-Entwurf),fertig,,abgeleitet
MEM-samples,Reservierter Membername,2.5,samples,,M0 (Parser/MIR-Entwurf),fertig,,abgeleitet
MEM-rate,Reservierter Membername,2.5,rate,,M0 (Parser/MIR-Entwurf),fertig,,abgeleitet
MEM-remaining,Reservierter Membername,2.5,remaining,,M0 (Parser/MIR-Entwurf),fertig,,abgeleitet
MEM-truncated,Reservierter Membername,2.5,truncated,,M0 (Parser/MIR-Entwurf),teilweise,Inventur 2026-10-04: `.truncated`: kein uebersetzbares Programm und kein Test benutzt es (FB-406),
MEM-reset,Reservierter Membername,2.5,reset,,M0 (Parser/MIR-Entwurf),fertig,,abgeleitet
SC-1,Statische Prüfung,10,"Tokenizer/Parser (Einrückung, Grammatik)",F,M3 (Gate),fertig,,crates/takt-sema/tests/checks.rs::check_1_reports_lexer_and_parser_codes; crates/takt-syntax/tests/parser_corpus.rs::every_example_parses_as_its_annotations_say
SC-2,Statische Prüfung,10,"Namensauflösung, Modul-Linking, Namenskonventionen",F / W,M3 (Gate),teilweise,"Testpruefung 2026-10-03: Modul-Linking nicht umgesetzt, `import` wird abgelehnt (FB-400)",""
SC-3,Statische Prüfung,10,"Typ- und Einheiteninferenz, affine Regeln, Duration-Regeln",F,M3 (Gate),fertig,,abgeleitet
SC-4,Statische Prüfung,10,"Intervallanalyse: Ranges, Division, Overflow, Index; implizite Prüfungen","W bei jeder eingefügten Laufzeitprüfung (außer i64-Overflow und `NonFinite`, die an fast jeder Rechnung ohne Range stehen); Zertifizierungsmodus: F für jede unbewiesene",M3 (Gate),fertig,,corpus-try/checks/SC-4; crates/takt-sema/tests/analysis.rs::only_a_check_in_a_loop_warns; crates/takt-sema/tests/analysis.rs::certification_turns_every_unproven_check_into_an_error
SC-5,Statische Prüfung,10,Validitäts-Dominanz für Channel-Lesen,— (impliziter Check ist Default),M3 (Gate),fertig,,crates/takt-sema/tests/semantics.rs::invalid_input_is_a_sensor_fault_unless_dominated; crates/takt-sema/tests/lower.rs::validity_dominance_shows_in_the_mir_not_in_a_code
SC-6,Statische Prüfung,10,Definite Assignment,F,M3 (Gate),fertig,,abgeleitet
SC-7,Statische Prüfung,10,Single-Writer für Outputs und `pub var`; Channel-Richtung; jede `hw`-Adresse höchstens einmal gebunden,F,M3 (Gate),fertig,,abgeleitet
SC-8,Statische Prüfung,10,"Maschinen: eindeutige Zustandsnamen, `initial` vorhanden, Ziele existieren, Transitionsblöcke enden mit `->`, Aktionsblock-Einschränkungen (5.5); `break` nur in `for` (4.4)",F,M3 (Gate),fertig,,corpus-try/checks/SC-8
SC-9,Statische Prüfung,10,Fault-Wald azyklisch; `FAULTED` erreichbar; Guards der Transitionen aus `FAULTED` ohne implizite Prüfungen,F,M3 (Gate),fertig,,corpus-try/checks/SC-9
SC-10,Statische Prüfung,10,Erreichbarkeit von Zuständen; tote Transitionen (Guard statisch false); Zustände ohne Ausgang außer `FAULTED`/`DONE`-artige,W,M3 (Gate),fertig,,corpus-try/checks/SC-10
SC-11,Statische Prüfung,10,"Terminierung: Aufrufgraph azyklisch; Block-`step` nicht in `for`-Schleifen und Handlern (außer ein Instanz-Array über die Laufvariable) und nicht zweimal derselben Instanz in einem Block (5.7); dass `for`-Schranken konstant sind, prüft die Konstantenauswertung (Prüfung 3)",F,M3 (Gate),fertig,,corpus-try/checks/SC-11; crates/takt-sema/tests/blocks.rs::a_step_in_a_handler_is_rejected_like_one_in_a_loop; crates/takt-sema/tests/blocks.rs::an_instance_array_steps_in_a_for_loop_over_its_index
SC-12,Statische Prüfung,10,Kostenbudget je Maschine (9.4.3) und Schedulability (7.2); Stack-Schranke,F mit Vorschlag,M10 (aus M5),fertig,"positiv `a_generous_wcet_passes`, negativ `a_declared_wcet_is_checked_against_the_calibration`, nicht entscheidbar `a_declared_wcet_learns_why_it_cannot_be_judged` (`calibrated.rs`, `analysis.rs`), Gate `the_gate_names_what_it_could_not_decide`; Kalibrierung beider Boards zum Kostenmodell 2 (FB-281, FB-293, FB-295 behoben)",crates/takt-sema/tests/calibrated.rs::a_declared_wcet_is_checked_against_the_calibration; crates/takt-sema/tests/analysis.rs::without_a_declared_wcet_check_twelve_stays_quiet
SC-13,Statische Prüfung,10,Simulation: jeder `hw`-Input hat im Sim-Build eine `sim`-Quelle,F,M3 (Gate),fertig,,abgeleitet
SC-14,Statische Prüfung,10,Zeit: `after`/`wait` nicht Vielfaches der Periode; `until` ohne Timeout,W,M3 (Gate),fertig,,abgeleitet
SC-15,Statische Prüfung,10,"Outputs ohne Schreiber in irgendeinem Zustand; Inputs, die nie gelesen werden; interne Ströme ohne Konsumenten (9.6)",W,M3 (Gate),fertig,,abgeleitet
SC-16,Statische Prüfung,10,"Format-Strings: Platzhalter existieren, Typen formatierbar, Puffergröße",F,M3 (Gate),fertig,,abgeleitet
SC-17,Statische Prüfung,10,Streams: `MAXPT * n_m <= CAP` je Konsument; Konsumentenmenge statisch; Elementtyp zulässig; `wake`-Attribute,F,M3 (Gate),fertig,,abgeleitet
SC-18,Statische Prüfung,10,"Muster: Wohlgeformtheit, Mehrdeutigkeitsregel (8.7), Capture-Typen; Record-Muster nur mit konstanten Feldwerten",F,M3 (Gate),fertig,,abgeleitet
SC-19,Statische Prüfung,10,`match` erschöpfend; Variantenfelder vollständig gebunden,F,M3 (Gate),fertig,,abgeleitet
SC-20,Statische Prüfung,10,`send`: statische Summe der Höchstlängen je Aktivierung ≤ `capacity`,F,M3 (Gate),fertig,,abgeleitet
SC-21,Statische Prüfung,10,`at`/`pulse`: Block enthält nur Zuweisungen an skalare Outputs; `T` vom Typ Duration; K_o,F,M3 (Gate),fertig,,abgeleitet
SC-22,Statische Prüfung,10,"`idle`: keine `loop:`/Handler in Zustand und Vorfahren; Guards nur über Wake-Quellen, Konstanten, Params, Maschinenvariablen",F,M5 (Embedded),fertig,,abgeleitet
SC-23,Statische Prüfung,10,"`persist`: POD-Typ, Maschinenebene, nicht in Szenarien; Typ-Hash stabil",F,M5 (Embedded),fertig,,abgeleitet
SC-24,Statische Prüfung,10,"Shift-Beträge, `as`-Konversionen, `vec`-Indizes, Slices: Range beweisbar oder impliziter Check",W (Zertifizierungsmodus: F),M3 (Gate),fertig,,corpus-try/checks/SC-24
SC-25,Statische Prüfung,10,"Zustandslokale und gehobene Variablen (Sequenz-`var`, Captures): Definite Assignment je Eintritt",F,M10 (aus M3),fertig,,abgeleitet
SC-26,Statische Prüfung,10,Szenarien schreiben nur `sim`-Outputs; Single-Writer gegenüber Modellmaschinen,F,M3 (Gate),fertig,,abgeleitet
SC-27,Statische Prüfung,10,`every d:` nur in `loop:`; `on`-Handler nur auf deklarierten Streams,F,M3 (Gate),fertig,,abgeleitet
SC-28,Statische Prüfung,10,"`at` auf einen Output mit gemessenem `jitter >= T0` („tick-granular"", 7.5); deklarierte `jitter`-Anforderung größer als gemessener Wert erfüllt, sonst Fehler (8.1)",W / F,M10 (aus M6),fertig,"positiv und negativ `a_jitter_requirement_above_the_measurement_passes_and_below_fails`, `a_tick_granular_output_adds_the_tick_to_its_jitter` (`hardware.rs`), Gate und CLI (`the_gate_says_which_checks_could_not_decide`); `jitter` beider Boards gemessen (C6 2026-09-28, F401 2026-10-02)",crates/takt-sema/tests/hardware.rs::a_jitter_requirement_above_the_measurement_passes_and_below_fails
SC-29,Statische Prüfung,10,Kampagne: Sweep-Schritt eines in `at` verwendeten Parameters ≥ `2 * jitter` (13.7),F,M6 (mit 8.10),fertig,Rechnung in `calibrated.rs` (`check_bindings`); Urteil mit gemessenem `jitter` der Hardware-Konfiguration (8.10),crates/takt-sema/tests/campaigns.rs::a_sweep_step_below_twice_the_jitter_is_rejected
SC-30,Statische Prüfung,10,"`mat`: Formprüfung bei `+ - *`, `inv`/`solve` nur quadratisch, R, C ≤ 16, Indizes in Range (3.11)",F,M3 (Gate),fertig,"Form bei `+ - *`, `inv`/`det`/`cholesky`/`solve` quadratisch, Indizes statisch vom Typ `int in 0..R-1`; keine Obergrenze, ab 16 Lint SC-42",abgeleitet
SC-31,Statische Prüfung,10,"Native Funktionen: nur die kuratierte Menge (v1), `cost`, `stack` und `total` deklariert, Argumente fester Größe (4.5)",F,M3 (Gate),fertig,,abgeleitet
SC-32,Statische Prüfung,10,"Schedulability mit Abort-Phase, klassenweise: `Σ_c (Peak_c + Σ F_m,c) · c_target[c] ≤ T₀ − T_IO` (7.2); `tick_source` existiert in der Hardware-Konfiguration. Blockierendes NVM (12.3): ein `persist`-Schreibvorgang kostet `⌈(nvm_erase_ns + 2·nvm_program_ns) / T₀⌉` Perioden — unter `overrun = fault` ohne `idle`-Zustand ein Fehler, mit `idle` ein Hinweis (Schreiben im Schlaf), unter `alert` eine Warnung; fehlt `nvm_blocking` auf einem Ziel mit `iram`, ist die Prüfung nicht entscheidbar",F,M10 (aus M5),fertig,"positiv `a_program_that_fits_produces_no_diagnostic`, negativ `a_program_that_does_not_fit_is_an_error` und `a_blocking_journal_under_fault_without_idle_is_an_error`, nicht entscheidbar `a_missing_nvm_blocking_on_a_xip_target_is_undecidable`, `an_incomplete_calibration_names_what_it_misses` (`calibrated.rs`), Gate und CLI (`report.rs`)",crates/takt-sema/tests/calibrated.rs::a_program_that_does_not_fit_is_an_error; crates/takt-sema/tests/calibrated.rs::a_missing_tick_source_is_reported
SC-33,Statische Prüfung,10,"`follows`: Kanten azyklisch; Follower liest nur gefolgte Maschinen frisch; keine frischen Lesevorgänge in Aktionsblöcken der Abort-Phase (7.2). **Warnung**, wenn ein Follower eine gefolgte Größe liest, die auch auf seinem Fault-Pfad vorkommt: Dort gilt Ψ_k statt des frischen Werts, die Bedeutung wechselt also still zwischen Schritt- und Abort-Phase (5.4)",F / W,M3 (Gate),fertig,,abgeleitet
SC-34,Statische Prüfung,10,"Dimensionierte Matrizen: Einheitentupel passen (Produkt, Addition, Inverse), Literale bilden ein äußeres Produkt, variable Indizes nur bei gleichen Einheiten (3.11)",F,M3 (Gate),fertig,"`lower/matrix.rs`: Produkt, Addition, Inverse, Cholesky, `solve`, Literale, variable Indizes",abgeleitet
SC-35,Statische Prüfung,10,"`tunable param` nicht in Compile-Zeit-Konstanten (Array-Größen, Kapazitäten, `repeat`) (8.4)",F,M3 (Gate),fertig,,abgeleitet
SC-36,Statische Prüfung,10,`check … for d` / `alert … for d`: `d >= P_m`; Rundung auf Perioden mit effektivem Wert (5.6),W,M3 (Gate),fertig,,abgeleitet
SC-37,Statische Prüfung,10,"`len_field`: verweist auf ein vorangehendes Integer-Feld, das jede Länge bis zur Obergrenze fasst; nur an `bytes<N>`; dahinter kein `offset`; ein Record damit steht in keinem anderen (3.7)",F,M3 (Gate),fertig,,corpus-try/checks/SC-37
SC-38,Statische Prüfung,10,"Einheiten auf Integern: `.to()` nur bei ganzzahligem Faktor, sonst `.to_float()` (3.2)",F,M6 (frueh),fertig,,abgeleitet
SC-39,Statische Prüfung,10,"Speicherbudget unter `baremetal` und `shared`: `takt size` (11.5) ≤ `ram`/`flash`/`iram` der Hardware-Konfiguration, aufgeschlüsselt; auf Targets mit XIP-Flash zusätzlich RAM-Residenz von Code und tick-gelesenen Konstanten (12.3); `debounce`-Haltedauer im Report",F,M6 (mit 8.10),fertig,"`takt size --hardware` prueft RAM, Flash und `iram` (12.3); teilen sich Daten und RAM-residenter Code denselben Bereich, zaehlt die Summe gegen die eine Grenze. `debounce` fehlt noch.",crates/takt-sema/tests/hardware.rs::the_memory_budget_is_judged_against_the_target
SC-40,Statische Prüfung,10,"Performance-Lint: `int` ohne Range in Schleifen und Regelpfaden auf 32-Bit-Zielen, mit Kostenanteil (3.4)",W,M3 (Gate),fertig,,abgeleitet
SC-41,Statische Prüfung,10,"Performance-Lint: `float = f64` auf Zielen ohne f64-Hardware, mit Kostenanteil der f64-Operationen; Vorschlag `system: float = f32` (4.2)",W,M3 (Gate),fertig,,abgeleitet
SC-42,Statische Prüfung,10,"Lint: Matrizen über 16×16 (Kosten n³, Temporärwerte n²·8 Byte) (3.11); `expect_len < N` schwächt Lemma 9.6.1 zur deklarierten Annahme (8.6)",W,M3 (Gate),fertig,"Matrix-Lint in `lower/types.rs`, `expect_len` in `checks.rs`",abgeleitet
SC-43,Statische Prüfung,10,Interne Streams: genau ein Schreiber; `send` nur aus dessen Maschine; Kapazitäten wie 17 mit MAXPT = statische Höchstzahl von `send` je Aktivierung des Schreibers (8.6),F,M3 (Gate),fertig,,abgeleitet
SC-44,Statische Prüfung,10,"Jobs: höchstens K_j je Maschine, Argumente fester Größe, Handle zustandslokal oder Maschinenvariable; `duration` deklariert (4.5)",F,M3 (Gate),fertig,,abgeleitet
SC-45,Statische Prüfung,10,"`T!E`: Dominanz durch `.ok` oder `check r.ok`; `match` über `OK`/`ERR` erschöpfend (3.8); ein früher Ausstieg unter `not x.valid` (`return`, `break`, `abort`) dominiert den Rest des Blocks (3.5)",F,M3 (Gate),fertig,FB-185,abgeleitet
SC-46,Statische Prüfung,10,"`layout`: Offsets überlappen nicht, Bitfelder innerhalb ihres Trägerfelds, Diskriminanten eindeutig und in der Drahtbreite (3.7); die Breite eines Konstantenfelds prüft die Typisierung (Prüfung 3)",F,M3 (Gate),fertig,,corpus-try/checks/SC-46
SC-47,Statische Prüfung,10,"`inout`: kein Aliasing (ein Argument höchstens einmal, nicht zugleich als weiteres Argument); die Stelle trägt die Range des Parameters (3.4, 3.9)",F,M3 (Gate),fertig,,abgeleitet
SC-48,Statische Prüfung,10,`irreversible`-Outputs: Zuweisung nur in Sequenzen unmittelbar nach `expect`; Szenario-Abdeckung Pflicht (12.7),F,M3 (Gate),fertig,,abgeleitet
SC-49,Statische Prüfung,10,Edition fehlt (2.5),W (Zertifizierungsmodus: F),M3 (Gate),fertig,,abgeleitet
SC-50,Statische Prüfung,10,Reservierte Wörter als Bezeichner; reservierte Membernamen als Feld- oder Variantennamen (2.5),F,M3 (Gate),fertig,,abgeleitet
SC-51,Statische Prüfung,10,`match` über offene Enums ohne `case _` (2.5),F,M3 (Gate),fertig,,abgeleitet
SC-52,Statische Prüfung,10,Generics: genau eine Fähigkeit je Typvariable; Instanziierungsgraph azyklisch; `const`-Variablen nur in Typen und `range` (3.12),F,M3 (Gate),fertig,"Faehigkeit als Vorbedingung an der Aufrufstelle (`takt-mir::capability`); Zyklus ueber die Tiefe des Memo-Stapels; `checks/SC-52/` mit ok_type, bad_capability, bad_type_cycle",abgeleitet
SC-53,Statische Prüfung,10,Gescopte Instanzen: Single-Writer global; keine Instanzen in `idle`-Zuständen; kein (mittelbares) Selbst-Scoping (5.11),F,M3 (Gate),fertig,"Selbst-Scoping in `collect.rs::scoped_cycles` (vor dem Lowern, sonst meldet der Namenskonflikt zuerst); Single-Writer deckt Pruefung 7 ab, `idle` deckt Pruefung 22 ab; `checks/SC-53/`, `SC-7/bad_scoped_shared_output`, `SC-22/bad_idle_scope`",abgeleitet
SC-54,Statische Prüfung,10,`resume` nur an Zuständen mit Kindern; Fault-Ziele werden über `initial` betreten (5.12),F,M3 (Gate),fertig,"`checks.rs::check_resume_states`: `resume` nur mit `initial`-Kind und nicht an `idle`; Fault-Uebergang betritt `initial` (Interpreter `switch`, Codegen `fault_path`)",abgeleitet
SC-55,Statische Prüfung,10,Trigger: Guard und Outputs knotenlokal; `arm`/`disarm` nur aus der deklarierenden Maschine (7.5),F,M3 (Gate),fertig,"`checks.rs::check_triggers`: `bound > 0`, `d >= bound`, `then` nur Outputs, `when` ohne Zustand, ein Armierer; die Guardform prueft `trigger_decl`. `checks/SC-55/`",abgeleitet
SC-56,Statische Prüfung,10,"`property`: nur lesend, alle Zeitoperatoren beschränkt (13.3)",F,M3 (Gate),fertig,"`lower/property.rs`: Fenster positiv und Vielfaches des Ticks, `always`/`never` nicht unter beschraenkten Operatoren, Atome `bool`",abgeleitet
SC-57,Statische Prüfung,10,`map`: Schlüssel POD mit Gleichheit (3.9),F,M3 (Gate),fertig,,abgeleitet
SC-58,Statische Prüfung,10,Knoten (12.9): `follows` knotenlokal; `hops` aus der Topologie berechenbar; Knotentick Vielfaches von `system.tick`,F,M9 (v2),definiert,,""
SC-59,Statische Prüfung,10,"Treiberstufe (12.10, v1.2): Ein gepolltes Gerät läuft zwischen zwei Ticks nicht über — `fifo_depth[d] / byte_rate[d] >= P_m + jitter[tick_source] + wcet_poll[d]`, alle vier Größen aus der Hardware-Konfiguration (8.10) beziehungsweise der Konformitätsmessung (13.8). Fehlt eine, ist die Prüfung nicht entscheidbar: Sie verlangt die Messung oder die ausdrückliche Freigabe `with polling = unchecked`, die im Lauf-Header erscheint. Verletzung nennt drei Auswege: Periode senken, Gerät in die TCB geben (12.6), oder DMA statt Polling",F,M8 (mit port),fertig,"M8 Schritt 18: `takt_sema::calibrated::polling`; Zuordnung Treiber zu Gerät über den Portkanal `mmio/ADR/r` und dessen `device` (8.10) — kein zweiter Bindungsweg; fehlende Größe ist ein Fehler, `with polling = unchecked` der ausdrückliche Verzicht; `checks/SC-59/` mit `hardware.hw`, `tests/polling.rs`. Auf Board 2 mit `polling = unchecked`, weil dem C6 die Kalibrierung fehlt (M7)",abgeleitet
SC-60,Statische Prüfung,10,"Channel-Bindung gegen die Hardware-Konfiguration (8.10): Einheit, Skalierung und Range eines `@ hw(…)`-Channels stimmen mit der Konfiguration überein. Ein Programm, das `float[bar]` bindet, während die Konfiguration `psi` führt, ist sonst unentdeckt — die Einheitenrechnung aus 3.2 endet am Channel-Rand. Fehlt die Konfiguration, entfällt die Prüfung (keine Eingabe, kein Urteil)",F,M6 (mit 8.10),fertig,,crates/takt-sema/tests/hardware.rs::a_program_range_outside_the_device_range_is_an_error; crates/takt-sema/tests/hardware.rs::a_direction_mismatch_is_an_error
SC-61,Statische Prüfung,10,"`check c, ""…"" within d`: Die gerechnete Safe-State-Latenz (Satz 9.4.5) hält die geforderte Frist ein. Verglichen wird in Ticks (`d / T₀`); die Meldung nennt die Aufschlüsselung nach Erkennung, Bestätigung, Fault-Pfad und Commit, weil die Zahl sonst nicht zu verbessern ist",F,M3 (Gate),fertig,,abgeleitet
SC-62,Statische Prüfung,10,"`machine … with budget = {ram = …}`: Der gerechnete Speicher der Maschine (11.5, mit Overlay) liegt im deklarierten Budget. `wcet` braucht die Kalibrierung (13.8) und meldet bis dahin seine Stufe",F,M3 (Gate),fertig,,abgeleitet
SC-63,Statische Prüfung,10,"Zwei Lints ohne eigene Syntax: (a) `alert` und `check` mit **derselben** Bedingung im selben Block — die Polaritaet ist entgegengesetzt gemeint (5.6), und weil beide Zeilen gleich aussehen, faellt die Verwechslung sonst niemandem auf; (b) ein `profile`, das einen `param` nicht nennt — er nimmt still seinen Default, und das ist beim Lesen nicht von der Absicht zu unterscheiden (4.6)",W,M3 (Gate),fertig,,abgeleitet
SC-64,Statische Prüfung,10,"Treiberstufe (12.10, v1.2): Ein `port` darf nur in einer `driver machine` gelesen oder geschrieben werden. Wer Register anfasst, sagt es in der Deklaration; damit ist die Treiberstufe eines Programms an seinen Köpfen ablesbar","F / W: F für einen Port außerhalb einer `driver machine`, W für eine `driver machine`, die keinen anfasst",M8 (mit port),fertig,,corpus-try/checks/SC-64
OBL-T1,Beweisverpflichtung,9.4.2,T1,,M1/M2 (Interpreter),rationale,,""
OBL-T2,Beweisverpflichtung,9.4.2,T2,,M1/M2 (Interpreter),fertig,,crates/takt-interp/tests/values.rs::integer_arithmetic_is_total; crates/takt-interp/tests/values.rs::float_arithmetic_has_no_nan_or_inf; crates/takt-native/tests/no_panic.rs::no_input_makes_a_function_panic
OBL-T3,Beweisverpflichtung,9.4.2,T3,,M1/M2 (Interpreter),fertig,,corpus-try/checks/SC-11; crates/takt-sema/tests/blocks.rs::an_anonymous_instance_is_rejected_in_a_for_loop; crates/takt-llvm/tests/machines.rs::step_runs_at_most_once_per_activation; crates/takt-conformance/tests/block_steps.rs::a_self_transition_reruns_the_loop_with_the_first_result
OBL-T4,Beweisverpflichtung,9.4.2,T4,,M1/M2 (Interpreter),fertig,,crates/takt-sema/tests/theorems.rs::lemma_9_3_1_resolve_terminates_in_a_deep_fault_forest; corpus-try/checks/SC-9
OBL-T5,Beweisverpflichtung,9.4.2,T5,,M1/M2 (Interpreter),fertig,,crates/takt-sema/tests/overlay.rs::the_budget_is_the_peak_over_configurations_not_the_sum; crates/takt-sema/tests/analysis.rs::the_stack_depth_is_the_longest_path_not_the_sum; crates/takt-sema/tests/natives.rs::a_stack_below_the_measured_need_is_refused
OBL-T6,Beweisverpflichtung,9.4.2,T6,,M1/M2 (Interpreter),fertig,,corpus-try/checks/SC-6; corpus-try/checks/SC-25; crates/takt-conformance/tests/switches.rs::a_state_local_starts_fresh_on_every_entry
OBL-T7,Beweisverpflichtung,9.4.2,T7,,M1/M2 (Interpreter),fertig,,crates/takt-sema/tests/theorems.rs::a_fault_never_escapes_to_the_caller; crates/takt-sema/tests/theorems.rs::theorem_9_4_2_no_input_stream_produces_an_internal_error; crates/takt-interp/tests/values.rs::checked_nodes_fault_by_kind
OBL-T8,Beweisverpflichtung,9.4.2,T8,,M1/M2 (Interpreter),fertig,,corpus-try/checks/SC-7; crates/takt-sema/tests/semantics.rs::order_of_steps_does_not_change_the_trace; crates/takt-sema/tests/theorems.rs::theorem_9_4_1_order_independence_under_random_stimuli
OBL-T9,Beweisverpflichtung,9.4.2,T9,,M1/M2 (Interpreter),fertig,,crates/takt-interp/tests/streams.rs::lemma_9_6_1_bounds_the_window; crates/takt-interp/tests/streams.rs::overflow_with_fault_rejects_the_surplus_element; crates/takt-sema/tests/analysis.rs::a_handler_runs_once_per_element_of_the_window; corpus-try/checks/SC-17
OBL-T10,Beweisverpflichtung,9.4.2,T10,,M1/M2 (Interpreter),fertig,,crates/takt-sema/tests/semantics.rs::every_fault_kind_of_the_corpus_arrives_at_its_tick; corpus-try/checks/SC-21
OBL-T11,Beweisverpflichtung,9.4.2,T11,,M1/M2 (Interpreter),fertig,,corpus-try/checks/SC-19; crates/takt-interp/tests/patterns.rs::a_pattern_never_faults_on_any_input
OBL-T12,Beweisverpflichtung,9.4.2,T12,,M10 (aus M6),fertig,,crates/takt-sema/tests/theorems.rs::theorem_9_9_1_an_idle_step_changes_nothing; crates/takt-conformance/tests/differential.rs::virtual_sleep_is_invisible
OBL-T13,Beweisverpflichtung,9.4.2,T13,,M1/M2 (Interpreter),fertig,,crates/takt-sema/tests/break_placement.rs::break_ends_a_for_loop_over_a_stream; crates/takt-sema/tests/break_placement.rs::break_in_a_handler_is_an_error; crates/takt-interp/tests/values.rs::functions_run_with_frames_loops_and_break
OBL-T14,Beweisverpflichtung,9.4.2,T14,,M1/M2 (Interpreter),fertig,,crates/takt-sema/tests/theorems.rs::lemma_9_3_1_holds_in_the_abort_phase; crates/takt-sema/tests/semantics.rs::abort_reaches_every_machine_in_the_same_tick
OBL-T15,Beweisverpflichtung,9.4.2,T15,,M1/M2 (Interpreter),fertig,,crates/takt-sema/tests/semantics.rs::the_driver_edge_enforces_declared_channel_ranges; crates/takt-hal/tests/edge.rs::a_value_outside_the_range_is_bad; crates/takt-sema/tests/range_boundaries.rs::a_parameter_outside_its_range_is_rejected_on_load
OBL-T16,Beweisverpflichtung,9.4.2,T16,,M10 (aus M6),fertig,,crates/takt-sema/tests/jobs.rs::a_machine_has_at_most_two_handles; corpus-try/checks/SC-44; crates/takt-sema/tests/semantics.rs::every_fault_kind_of_the_corpus_arrives_at_its_tick
PAR-1.4-Inputs,Absatz/Regel,1.4,Inputs,,M0 (Parser/MIR-Entwurf),fertig,,crates/takt-sema/tests/semantics.rs::a_fresh_sample_is_read_with_age_zero; crates/takt-sema/tests/semantics.rs::a_suspect_sample_also_becomes_stale; crates/takt-sema/tests/semantics.rs::max_age_defaults_to_twice_the_fastest_reader_period
PAR-1.4-Outputs,Absatz/Regel,1.4,Outputs,,M0 (Parser/MIR-Entwurf),teilweise,"Inventur 2026-10-04: Latch und Commit belegt; `output_timing = boundary` wirkt nur in der Latenzanalyse (Interp `output_timing()` ohne Aufrufer, kein Commit am naechsten Tick-Anfang in Rahmen/Runtime), kein Test",crates/takt-sema/tests/semantics.rs::a_state_entered_without_its_permissive_faults_before_the_commit; crates/takt-sema/tests/semantics.rs::an_assignment_after_a_failed_expect_is_not_committed; crates/takt-rt-core/tests/loop.rs::the_latch_is_committed_before_the_sleep
PAR-1.4-Veröffentlichte_Variablen,Absatz/Regel,1.4,Veröffentlichte Variablen,,M0 (Parser/MIR-Entwurf),fertig,,crates/takt-sema/tests/semantics.rs::published_variables_and_signals_have_unit_delay; crates/takt-sema/tests/machine_replay.rs::a_watcher_reads_with_unit_delay_from_the_slice
PAR-1.4-Commands,Absatz/Regel,1.4,Commands,,M0 (Parser/MIR-Entwurf),fertig,,crates/takt-sema/tests/blocks.rs::an_anonymous_instance_detects_each_rising_edge_once; crates/takt-sema/tests/semantics.rs::transition_takes_one_tick_and_runs_enter_in_entry_mode
PAR-1.4-Ereignisströme,Absatz/Regel,1.4,Ereignisströme,,M0 (Parser/MIR-Entwurf),fertig,,crates/takt-interp/tests/streams.rs::the_window_starts_at_the_cursor; crates/takt-sema/tests/handlers.rs::an_output_stream_sends_its_bytes; crates/takt-conformance/tests/differential.rs::the_two_implementations_agree_on_stream_elements; crates/takt-interp/tests/ring_agreement.rs::an_element_larger_than_the_byte_ring_overflows_without_dropping; crates/takt-interp/tests/ring_agreement.rs::drop_oldest_with_variable_lengths_agrees
PAR-1.4-Geplante_Ausgaben,Absatz/Regel,1.4,Geplante Ausgaben,,M0 (Parser/MIR-Entwurf),fertig,,crates/takt-sema/tests/semantics.rs::every_fault_kind_of_the_corpus_arrives_at_its_tick; crates/takt-sema/tests/triggers.rs::the_trigger_fires_at_event_time_plus_delay; crates/takt-conformance/tests/differential.rs::the_interpreter_and_the_generated_code_agree
PAR-1.4-Abort_Phase,Absatz/Regel,1.4,Abort-Phase,,M0 (Parser/MIR-Entwurf),fertig,,crates/takt-sema/tests/semantics.rs::abort_reaches_every_machine_in_the_same_tick; crates/takt-sema/tests/semantics.rs::an_operator_abort_reaches_an_inactive_machine_in_the_same_tick; crates/takt-sema/tests/theorems.rs::lemma_9_3_1_holds_in_the_abort_phase
PAR-1.4-Defensiver_Treiberrand,Absatz/Regel,1.4,Defensiver Treiberrand,,M0 (Parser/MIR-Entwurf),fertig,,crates/takt-hal/tests/edge.rs::a_value_outside_the_range_is_bad; crates/takt-hal/tests/edge.rs::a_contract_violation_degrades_every_channel_of_the_driver; crates/takt-hal/tests/edge.rs::an_unconfirmed_write_faults_the_owner; crates/takt-conformance/tests/driver_edge.rs::a_degraded_driver_takes_all_its_inputs_down
PAR-1.4-follows,Absatz/Regel,1.4,`follows`,,M0 (Parser/MIR-Entwurf),fertig,,crates/takt-sema/tests/follows.rs::a_follower_reads_the_fresh_value_and_everyone_else_reads_psi; crates/takt-sema/tests/follows.rs::a_cycle_is_an_error
PAR-1.4-Tunables,Absatz/Regel,1.4,Tunables,,M0 (Parser/MIR-Entwurf),fertig,,crates/takt-sema/tests/tunables.rs::a_tune_line_holds_from_its_tick_on; crates/takt-rt-linux/tests/tunables.rs::a_tick_delivers_its_set_in_order; crates/takt-conformance/tests/differential.rs::a_tunable_changes_the_parameter_vector_at_its_tick; examples/rust-host/tests/frame.rs::tunables_reach_the_program_through_the_loop
PAR-2.2-Regel,Absatz/Regel,2.2,Regel,,M0 (Parser/MIR-Entwurf),fertig,,crates/takt-syntax/tests/keywords.rs::contextual_words_match_grammar; crates/takt-syntax/tests/parser_errors.rs::contextual_word_after_number_is_not_a_unit; corpus-try/50_clause_words.takt
PAR-2.5-Edition,Absatz/Regel,2.5,Edition,,M0 (Parser/MIR-Entwurf),teilweise,"Inventur 2026-10-04: fehlend/unbekannt/Zertifizierung und Logik-Hash belegt; `takt fmt --edition` (insert_edition) ohne Test, `takt migrate` nicht umgesetzt (CLI: geplant), Module mit eigener Edition fehlen (import, FB-400)",crates/takt-sema/tests/checks.rs::certification_mode_makes_missing_edition_an_error; corpus-try/checks/SC-49; crates/takt-mir/tests/roundtrip.rs::logic_hash_ignores_bindings_metadata_and_positions
PAR-2.5-Reservierte_Wörter,Absatz/Regel,2.5,Reservierte Wörter,,M0 (Parser/MIR-Entwurf),fertig,,corpus-try/checks/SC-50; crates/takt-syntax/tests/keywords.rs::keywords_match_reference; crates/takt-syntax/tests/vectors.rs::all_vectors_pass
PAR-2.5-Reservierte_Membernamen,Absatz/Regel,2.5,Reservierte Membernamen,,M0 (Parser/MIR-Entwurf),fertig,,corpus-try/checks/SC-50; crates/takt-syntax/tests/keywords.rs::reserved_members_match_reference; crates/takt-mir/tests/roundtrip.rs::accessor_names_are_reserved_members
PAR-2.5-Offene_Enums,Absatz/Regel,2.5,Offene Enums,,M0 (Parser/MIR-Entwurf),fertig,,corpus-try/checks/SC-51
PAR-2.5-Verdeckung_und_Additivität,Absatz/Regel,2.5,Verdeckung und Additivität,,M0 (Parser/MIR-Entwurf),teilweise,Inventur 2026-10-04: Verdecken erlaubt und Bibliothek bleibt intakt belegt; die Warnung selbst wird nicht geprueft; Fehler fuer unbekannte `with`-Attribute und `system:`-Eintraege ohne Test,crates/takt-sema/tests/lower.rs::shadowing_rules_follow_2_5; crates/takt-sema/tests/stdlib.rs::the_library_uses_its_own_helpers
PAR-2.5-Operator_Metadaten_v1.1,Absatz/Regel,2.5,Operator-Metadaten (v1.1),v1.1,M6,fertig,"Parser, MIR (`Meta`) und Hash-Trennung standen seit M0/M5; Schritt 25 prueft alle sechs Traeger und die Hashes (`takt-sema/tests/operator_metadata.rs`)",crates/takt-sema/tests/operator_metadata.rs::metadata_lands_on_all_six_carriers; crates/takt-sema/tests/operator_metadata.rs::metadata_changes_the_program_hash_but_not_the_logic_hash
PAR-3.2-Modell,Absatz/Regel,3.2,Modell,,M10 (aus M1),fertig,,crates/takt-sema/src/units.rs::normal_form_is_commutative_and_cancels; crates/takt-sema/src/units.rs::rationals_from_text; crates/takt-interp/tests/values.rs::unit_conversions_use_rational_factors
PAR-3.2-Nominale_Semantik_Entscheidung,Absatz/Regel,3.2,Nominale Semantik (Entscheidung),,M10 (aus M1),fertig,,crates/takt-sema/tests/lower.rs::units_are_nominal_and_affine_rules_hold; corpus-try/checks/SC-3; crates/takt-sema/tests/int_units.rs::sums_need_equal_units_and_products_combine_them
PAR-3.2-Vordefinierte_Einheiten,Absatz/Regel,3.2,Vordefinierte Einheiten,,M10 (aus M1),fertig,,corpus-try/checks/SC-2; corpus-try/checks/SC-3; crates/takt-sema/src/units.rs::prefixes_scale_factors
PAR-3.2-Entdimensionieren,Absatz/Regel,3.2,Entdimensionieren,,M1 (Kernsemantik),fertig,,crates/takt-sema/tests/int_units.rs::dividing_by_a_unit_literal_yields_the_raw_value
PAR-3.2-Einheiten_auf_Integern_v1.1,Absatz/Regel,3.2,Einheiten auf Integern (v1.1),v1.1,M6,fertig,,crates/takt-sema/tests/int_units.rs::to_multiplies_by_the_integral_factor_and_overflow_is_a_fault; crates/takt-sema/tests/int_units.rs::a_fractional_factor_needs_to_float; corpus-try/checks/SC-38
PAR-3.2-Unit_Polymorphie_in_Funktionen_und_Blöcken,Absatz/Regel,3.2,Unit-Polymorphie in Funktionen und Blöcken,,M10 (aus M1),fertig,,crates/takt-sema/tests/lower.rs::generics_solve_units_from_arguments; crates/takt-sema/tests/lower.rs::unsolvable_unit_variable_asks_for_explicit_instantiation; crates/takt-sema/src/units.rs::substitution_binds_variables
PAR-3.2-Affine_Einheiten,Absatz/Regel,3.2,Affine Einheiten,,M10 (aus M1),fertig,,crates/takt-sema/tests/lower.rs::units_are_nominal_and_affine_rules_hold; corpus-try/checks/SC-3; crates/takt-interp/tests/values.rs::unit_conversions_use_rational_factors
PAR-3.3-Lexikalische_Regel,Absatz/Regel,3.3,Lexikalische Regel,,M1 (Kernsemantik),fertig,,crates/takt-syntax/tests/vectors.rs::all_vectors_pass; crates/takt-syntax/tests/parser_errors.rs::unit_literal_ends_at_the_first_space; crates/takt-syntax/tests/parser_errors.rs::joint_operator_after_a_unit_literal_is_an_error; crates/takt-syntax/tests/pathological.rs::extreme_exponents_of_a_duration_are_errors
PAR-3.4-Ranges_sind_Tick_Rand_Invarianten,Absatz/Regel,3.4,Ranges sind Tick-Rand-Invarianten,,M10 (aus M1),fertig,,crates/takt-sema/tests/analysis.rs::narrowing_after_widening_finds_the_loop_invariant; crates/takt-sema/tests/analysis.rs::a_length_guard_before_break_proves_the_index; crates/takt-sema/tests/analysis.rs::the_metric_names_the_cause
PAR-3.4-Warnpolitik_und_Idiom,Absatz/Regel,3.4,Warnpolitik und Idiom,,M10 (aus M1),fertig,,crates/takt-sema/tests/analysis.rs::only_a_check_in_a_loop_warns; crates/takt-sema/tests/analysis.rs::a_check_in_an_action_block_warns; crates/takt-sema/tests/analysis.rs::a_range_typed_intermediate_checks_once_and_proves_what_follows; corpus-try/checks/SC-4; corpus-try/checks/SC-24
PAR-3.4-Oktagone_v1.1,Absatz/Regel,3.4,Oktagone (v1.1),v1.1,M10 (aus M6),rationale,"M6 Schritt 27, FB-175: nicht bauen, solange die Kennzahl (`davon relational`) es nicht traegt",""
PAR-3.4-Darstellungsverengung,Absatz/Regel,3.4,Darstellungsverengung,,M1 (Kernsemantik),teilweise,Inventur 2026-10-04: Lemma und Verengung belegt; FB-384 offen: Lint 40 sieht das Profil der Einbindung nicht (ohne `system: target` kein Hinweis),crates/takt-sema/tests/theorems.rs::lemma_3_4_narrowing_does_not_change_the_trace; crates/takt-sema/tests/analysis.rs::a_proven_expression_is_narrowed_to_i32; corpus-try/checks/SC-40
PAR-3.5-Implizite_Validitätsprüfung_Entscheidung,Absatz/Regel,3.5,Implizite Validitätsprüfung (Entscheidung),,M10 (aus M1),fertig,,crates/takt-sema/tests/semantics.rs::invalid_input_is_a_sensor_fault_unless_dominated; crates/takt-sema/tests/semantics.rs::or_and_valid_dominate_the_implicit_check; crates/takt-sema/tests/semantics.rs::an_invalid_input_is_logged_measured_and_counted_as_a_violation
PAR-3.5-Rand_Durchsetzung,Absatz/Regel,3.5,Rand-Durchsetzung,,M1 (Kernsemantik),fertig,,crates/takt-sema/tests/semantics.rs::the_driver_edge_enforces_declared_channel_ranges; crates/takt-hal/tests/edge.rs::a_value_beyond_max_slew_is_implausible; crates/takt-hal/tests/edge.rs::an_out_of_range_value_is_not_clamped
PAR-3.5-Entprellte_Qualität,Absatz/Regel,3.5,Entprellte Qualität,,M1 (Kernsemantik),fertig,,crates/takt-hal/tests/edge.rs::debounce_holds_three_deliveries_then_gives_up; crates/takt-hal/tests/edge.rs::without_debounce_a_violation_is_immediate; crates/takt-sema/tests/semantics.rs::a_suspect_sample_also_becomes_stale
PAR-3.7-Drahtformat_Details,Absatz/Regel,3.7,Drahtformat-Details,,M1 (Kernsemantik),fertig,,crates/takt-sema/tests/wire.rs::decode_yields_none_when_a_constant_field_does_not_match; crates/takt-sema/tests/wire.rs::align_rounds_up_the_total_length; crates/takt-sema/tests/bitfields.rs::a_bit_survives_encode_and_decode; corpus-try/checks/SC-46
PAR-3.7-default,Absatz/Regel,3.7,`default`,,M10 (aus M1),fertig,,corpus-try/checks/SC-3; crates/takt-sema/tests/negative_literals.rs::a_negative_default_lies_in_a_negative_range; crates/takt-conformance/tests/differential.rs::the_interpreter_and_the_generated_code_agree
PAR-3.7-Records_als_Konstanten_Arrays_von_Records_als_Gerätetabellen,Absatz/Regel,3.7,"Records als Konstanten, Arrays von Records als Gerätetabellen",,M1 (Kernsemantik),teilweise,Inventur 2026-10-04: nur geparst (corpus-try/ref/3_7_03.takt); kein Programm in Korpus oder Tests uebersetzt oder fuehrt eine Record-Konstante bzw. indizierte Geraetetabelle aus,crates/takt-syntax/tests/parser_corpus.rs::reference_snippets_parse
PAR-3.8-Ergebnis_mit_Fehlercode_T_E,Absatz/Regel,3.8,Ergebnis mit Fehlercode `T!E`,,M1 (Kernsemantik),fertig,,corpus-try/checks/SC-45; crates/takt-llvm/tests/machines.rs::a_result_matches_on_its_flag; crates/takt-conformance/tests/differential.rs::the_interpreter_and_the_generated_code_agree
PAR-3.9-inout_Parameter,Absatz/Regel,3.9,`inout`-Parameter,,M1 (Kernsemantik),fertig,,crates/takt-sema/tests/inout.rs::the_call_statement_writes_the_parameter_back; crates/takt-sema/tests/inout.rs::a_return_type_next_to_inout_is_rejected; corpus-try/checks/SC-47
PAR-3.9-Backpatching_einen_Rahmen_zusammensetzen,Absatz/Regel,3.9,Backpatching: einen Rahmen zusammensetzen,,M1 (Kernsemantik),fertig,,crates/takt-sema/tests/semantics.rs::a_byte_can_be_written_through_its_index; crates/takt-sema/tests/semantics.rs::writing_a_byte_beyond_the_length_faults; crates/takt-sema/tests/wire.rs::a_frame_is_assembled_from_layout_and_push
PAR-3.11-Uniforme_Form_v1,Absatz/Regel,3.11,Uniforme Form (v1),,M6 (v1.1),fertig,"`lower/matrix.rs`, `takt-interp/src/matrix.rs`, Numerik in `libtaktm::mat`",crates/takt-sema/tests/matrices.rs::shapes_are_checked_at_compile_time; crates/takt-sema/tests/matrices.rs::a_kalman_step_computes_through_the_library; crates/takt-sema/tests/matrices.rs::large_matrices_get_a_lint_and_singular_ones_fault
PAR-3.11-Dimensionierte_Form_v1.1,Absatz/Regel,3.11,Dimensionierte Form (v1.1),v1.1,M6,fertig,"`unitvec` als `Entity::Unitvec`, Tupel in `lower/matrix.rs` (kanonische Form `c_1 = 1`), zur Laufzeit ein `mat<m, n>`",crates/takt-sema/tests/matrices.rs::a_dimensioned_kalman_filter_is_unit_checked_and_runs; crates/takt-sema/tests/matrices.rs::unit_tuples_are_checked_by_hart; crates/takt-sema/tests/matrices.rs::units_multiply_through_matrices
PAR-4.2-Breite_von_float,Absatz/Regel,4.2,Breite von `float`,,M1 (Kernsemantik),teilweise,Inventur 2026-10-04: Breite im Logik-Hash und f32-Rechnung belegt; FB-384 offen: Lint 41 sieht das Profil der Einbindung nicht,crates/takt-mir/tests/roundtrip.rs::logic_hash_ignores_bindings_metadata_and_positions; crates/takt-sema/tests/semantics.rs::an_int_to_float32_conversion_rounds_exactly_once; corpus-try/checks/SC-41
PAR-4.2-FPU_im_IEEE_Modus,Absatz/Regel,4.2,FPU im IEEE-Modus,,M10 (aus M1),fertig,seit M11 Schritt 6 an jedem Einstieg statt einmal beim Start (12.11),crates/takt-conformance/tests/embed.rs::a_hostile_floating_point_environment_changes_nothing; crates/takt-conformance/tests/mcu_harness.rs::every_entry_computes_in_the_ieee_environment; crates/takt-conformance/tests/board_stm32f401.rs::a_hostile_fpu_changes_nothing_on_the_board
PAR-4.2-fma,Absatz/Regel,4.2,`fma`,,M1 (Kernsemantik),fertig,,crates/takt-llvm/tests/against_llvm.rs::llvm_does_not_contract_a_multiply_and_add_into_an_fma; crates/libtaktm/tests/vectors.rs::every_vector_holds; crates/takt-llvm/tests/strict_fp.rs::no_float_instruction_carries_a_fast_math_flag
PAR-4.2-Reduktionen,Absatz/Regel,4.2,Reduktionen,,M1 (Kernsemantik),fertig,,crates/takt-llvm/tests/matrices.rs::the_matrix_corpus_lowers_completely; crates/takt-conformance/tests/fuzz_machines.rs::generated_machines_agree; crates/takt-sema/tests/samples.rs::reductions_read_the_tick_array
PAR-4.2-Subnormale_in_Zuständen,Absatz/Regel,4.2,Subnormale in Zuständen,,M10 (aus M1),fertig,,crates/takt-sema/tests/stdlib.rs::a_decaying_lowpass_stops_at_zero_before_the_subnormals
PAR-4.4-Das_Ergebnisziel_ist_optional,Absatz/Regel,4.4,Das Ergebnisziel ist optional,,M1 (Kernsemantik),fertig,,crates/takt-sema/tests/semantics.rs::a_declaration_can_take_the_result_of_a_mutating_method; crates/takt-sema/tests/semantics.rs::a_mutating_method_stays_out_of_expressions; corpus-try/13_framing.takt
PAR-4.5-Chunk_Natives,Absatz/Regel,4.5,Chunk-Natives,,M1 (Kernsemantik),fertig,,crates/takt-sema/tests/natives.rs::the_chunked_digest_equals_the_one_shot; crates/takt-native/tests/sha256.rs::the_cut_does_not_change_the_digest; crates/takt-native/tests/sha256.rs::a_context_survives_the_byte_form
PAR-4.5-Jobs,Absatz/Regel,4.5,Jobs,,M6 (v1.1),fertig,,crates/takt-sema/tests/jobs.rs::a_job_completes_after_its_duration; crates/takt-sema/tests/jobs.rs::a_fault_cancels_the_running_job; crates/takt-conformance/tests/mcu_harness.rs::a_job_runs_in_the_context_and_shows_after_its_duration
PAR-5.1-Richtlinie_für_Regelkreise,Absatz/Regel,5.1,Richtlinie für Regelkreise,,M10 (aus M6),rationale,Richtlinie; Vorbild `11_foc_drive.takt` mit `sin_fast`/`cos_fast` im Differential,""
PAR-5.3-Statische_Regel,Absatz/Regel,5.3,Statische Regel:,,M1 (Kernsemantik),fertig,,corpus-try/checks/SC-9; corpus-try/checks/SC-9; crates/takt-conformance/tests/switches.rs::a_chain_of_check_targets_runs_to_its_end
PAR-5.6-Interlock,Absatz/Regel,5.6,Interlock,,M1 (Kernsemantik),fertig,,crates/takt-sema/tests/golden_sim.rs::golden_traces_match; crates/takt-llvm/tests/machines.rs::an_ancestor_loop_runs_in_every_leaf_below_it
PAR-5.6-Permissive,Absatz/Regel,5.6,Permissive,,M10 (aus M6),fertig,,crates/takt-sema/tests/semantics.rs::a_state_entered_without_its_permissive_faults_before_the_commit
PAR-5.6-Alert,Absatz/Regel,5.6,Alert,,M1 (Kernsemantik),fertig,,crates/takt-sema/tests/semantics.rs::alerts_report_only_their_edges; crates/takt-sema/tests/semantics.rs::an_invalid_input_makes_an_alert_fire_with_a_note; crates/takt-sema/tests/sleep.rs::every_wake_up_reports_stream_paused
PAR-5.6-Alerts_in_Schleifen,Absatz/Regel,5.6,Alerts in Schleifen,,M1 (Kernsemantik),fertig,,crates/takt-sema/tests/semantics.rs::an_alert_in_a_loop_reports_every_element
PAR-5.6-Bestätigungszeit,Absatz/Regel,5.6,Bestätigungszeit,,M1 (Kernsemantik),fertig,,crates/takt-sema/tests/semantics.rs::confirmation_time_delays_the_check; crates/takt-sema/tests/semantics.rs::a_confirmation_counter_in_a_loop_counts_per_element; corpus-try/checks/SC-36
PAR-5.6-Geforderte_Latenz,Absatz/Regel,5.6,Geforderte Latenz,,M10 (aus M6),fertig,,corpus-try/checks/SC-61; crates/takt-sema/tests/theorems.rs::theorem_9_4_5_the_latency_bound_holds_in_the_run; crates/takt-mir/tests/latency.rs::the_sample_program_has_a_bound
PAR-5.6-Beobachtung_und_Steuerung,Absatz/Regel,5.6,Beobachtung und Steuerung,,M1 (Kernsemantik),fertig,,crates/takt-sema/tests/semantics.rs::an_invalid_input_is_logged_measured_and_counted_as_a_violation; crates/takt-sema/tests/semantics.rs::an_invalid_input_makes_an_alert_fire_with_a_note; crates/takt-sema/tests/semantics.rs::observations_and_verdict_follow_13_5
PAR-5.9-Journal_Anforderungen,Absatz/Regel,5.9,Journal-Anforderungen,,M5 (Embedded),fertig,"in der Simulation geprueft: `corpus-try/45_journal_cut.takt`, Kampagne `power_cut` ueber jede Stelle (M6 Schritt 14); im Flash des ESP32-C6 (nvm.rs, FB-197); Log je Slot seit Version 2 (plan/nvm.md Schritt 4)",crates/takt-rt-core/tests/journal.rs::a_power_cut_leaves_either_the_old_or_the_new_entry; crates/takt-rt-core/tests/journal.rs::a_dirty_tail_forces_a_slot_switch; crates/takt-sema/tests/journal_campaign.rs::every_cut_leaves_the_old_or_the_new_entry
PAR-5.10-Statische_Regeln,Absatz/Regel,5.10,Statische Regeln,,M5 (Embedded),fertig,,corpus-try/checks/SC-22
PAR-5.10-Nicht_Wake_Streams_in_idle,Absatz/Regel,5.10,Nicht-Wake-Streams in `idle`,,M5 (Embedded),fertig,,crates/takt-sema/tests/theorems.rs::a_sleeping_machine_drops_non_waking_streams; crates/takt-sema/tests/theorems.rs::a_sleeping_machine_counts_what_it_missed; crates/takt-sema/tests/sleep.rs::every_wake_up_reports_stream_paused
PAR-5.10-Systemschlaf,Absatz/Regel,5.10,Systemschlaf,,M5 (Embedded),fertig,,crates/takt-sema/tests/sleep.rs::a_scheduled_output_keeps_the_system_awake; crates/takt-sema/tests/sleep.rs::an_operator_abort_wakes_the_sleeping_system; crates/takt-conformance/tests/differential.rs::virtual_sleep_is_invisible; crates/takt-conformance/tests/host_board.rs::a_wake_source_ends_the_sleep_on_the_host; crates/takt-rt-core/tests/wake.rs::a_wake_source_of_the_program_ends_the_sleep_at_the_next_boundary
PAR-7.1-Tick_Quelle,Absatz/Regel,7.1,Tick-Quelle,,M1 (Kernsemantik),fertig,,crates/takt-rt-core/tests/period.rs::a_period_off_for_n_ticks_is_a_hardware_fault; crates/takt-rt-core/tests/period.rs::an_outlier_or_jitter_within_tolerance_is_no_fault; crates/takt-sema/tests/calibrated.rs::a_missing_tick_source_is_reported
PAR-7.2-follows_v1.1,Absatz/Regel,7.2,`follows` (v1.1),v1.1,M6,fertig,,crates/takt-sema/tests/follows.rs::a_follower_reads_the_fresh_value_and_everyone_else_reads_psi; crates/takt-sema/tests/follows.rs::a_cycle_is_an_error; crates/takt-sema/tests/follows.rs::a_fresh_read_on_the_fault_path_warns
PAR-7.2-Budget_je_Maschine,Absatz/Regel,7.2,Budget je Maschine,,M1 (Kernsemantik),fertig,,crates/takt-sema/tests/calibrated.rs::a_declared_wcet_is_checked_against_the_calibration; crates/takt-sema/tests/analysis.rs::a_declared_wcet_learns_why_it_cannot_be_judged; corpus-try/checks/SC-62
PAR-7.5-Zeitgestempelte_Eingaben,Absatz/Regel,7.5,Zeitgestempelte Eingaben,,M1 (Kernsemantik),fertig,,crates/takt-sema/tests/golden_sim.rs::golden_traces_match; crates/takt-hal/tests/edge.rs::the_window_places_a_timestamp; crates/takt-interp/tests/trace_roundtrip.rs::driver_lines_and_timestamped_deliveries_read_back
PAR-7.5-Geplante_Ausgaben,Absatz/Regel,7.5,Geplante Ausgaben,,M1 (Kernsemantik),teilweise,"Inventur 2026-10-04: `at` belegt; `pulse` nur uebersetzt, nie ausgefuehrt; `cancel` nur in 05_streams_and_protocol, das nicht uebersetzt (FB-400)",crates/takt-sema/tests/semantics.rs::every_fault_kind_of_the_corpus_arrives_at_its_tick; crates/takt-sema/tests/triggers.rs::the_trigger_fires_at_event_time_plus_delay; crates/takt-sema/tests/foreign_code.rs::pulse_works_in_a_sequence_as_it_does_in_a_loop
PAR-7.5-Latenzformel,Absatz/Regel,7.5,Latenzformel,,M1 (Kernsemantik),teilweise,Inventur 2026-10-04: nur `guard` -> TimingFault belegt (Board-Test mit --ignored); D_min <= P_m + W_m + guard rechnet und prueft kein Werkzeug,crates/takt-conformance/tests/mcu_harness.rs::a_scheduled_output_carries_its_guard; crates/takt-conformance/tests/board_esp32c6.rs::a_schedule_inside_the_guard_is_a_timing_fault
PAR-7.5-Präzision,Absatz/Regel,7.5,Präzision,,M10 (aus M5),fertig,"Gemessen auf beiden Boards mit `takt driver-test --board` (C6 GPIO7-GPIO17, F401 PA0-PA1 2026-10-02), eingetragen in `corpus-try/hw/*.hw`; `guard` wirkt im Rahmen, `a_schedule_inside_the_guard_is_a_timing_fault` auf beiden Boards (FB-331)",crates/takt-conformance/tests/mcu_harness.rs::the_jitter_of_an_output_comes_from_the_configuration; crates/takt-sema/tests/hardware.rs::a_tick_granular_output_adds_the_tick_to_its_jitter; crates/takt-sema/tests/campaigns.rs::a_sweep_step_below_twice_the_jitter_is_rejected
PAR-7.5-Trigger_v1.2_Regeln_auf_dem_I_O_Knoten,Absatz/Regel,7.5,Trigger (v1.2): Regeln auf dem I/O-Knoten,v1.2,M8,fertig,"Sema, Interpreter und Codegen (M8 Schritte 9 bis 11): Trigger-Phase vor den Schritten, eigener Cursor je Trigger, `event` als Bindungsrecord, Ausgabe fuer `event.t + d` geplant; `<besitzer>_triggers` im erzeugten Code, Differential gruen. MCU-Rahmen noch ohne Phase",crates/takt-sema/tests/triggers.rs::the_trigger_fires_at_event_time_plus_delay; crates/takt-sema/tests/triggers.rs::a_fault_disarms_the_triggers_of_its_machine; crates/takt-conformance/tests/differential.rs::the_two_implementations_agree_on_triggers
PAR-8.3-Sim_Build,Absatz/Regel,8.3,Sim-Build:,,M2 (Ströme),fertig,,corpus-try/checks/SC-13; crates/takt-sema/tests/golden_sim.rs::golden_traces_match; crates/takt-cli/tests/test_cmd.rs::an_unsimulated_input_is_an_error_under_test_and_a_warning_under_sim
PAR-8.3-Plant_Modelle,Absatz/Regel,8.3,Plant-Modelle,,M2 (Ströme),teilweise,Inventur 2026-10-04: Modell als gewoehnliche Maschine mit Unit-Delay belegt; 'im Hardware-Build nicht gelinkt' setzt der Compiler nicht um (builds.rs haelt fest: beide Builds tragen alle Maschinen),crates/takt-sema/tests/builds.rs::the_plant_model_is_an_ordinary_machine; crates/takt-sema/tests/sent.rs::a_model_reads_what_the_driver_took_one_tick_later; crates/takt-sema/tests/golden_sim.rs::golden_traces_match
PAR-8.3-HIL_Umschaltung,Absatz/Regel,8.3,HIL-Umschaltung:,,M10 (aus M2),fertig,,crates/takt-sema/tests/builds.rs::both_builds_share_the_same_logic; crates/takt-sema/tests/builds.rs::the_binding_table_is_what_may_differ; crates/takt-conformance/tests/reproducible.rs::the_simulation_and_the_hardware_build_yield_the_same_ir
PAR-8.3-Sim_Ausführung,Absatz/Regel,8.3,Sim-Ausführung,,M2 (Ströme),fertig,,crates/takt-rt-core/tests/loop.rs::logical_time_does_not_follow_the_clock; crates/takt-rt-core/tests/loop.rs::reported_boundaries_run_the_same_ticks_as_waiting; crates/takt-conformance/tests/board_stm32f401.rs::the_board_agrees_with_the_interpreter
PAR-8.4-Tunables_v1.1,Absatz/Regel,8.4,Tunables (v1.1),v1.1,M6,fertig,,examples/rust-host/tests/frame.rs::tunables_reach_the_program_through_the_loop
PAR-8.6-Motivation,Absatz/Regel,8.6,Motivation,,M2 (Ströme),fertig,,crates/takt-interp/tests/streams.rs::a_consumer_that_keeps_up_never_overflows; crates/takt-interp/tests/streams.rs::a_consumer_that_falls_behind_overflows; crates/takt-rt-core/tests/stream.rs::eviction_waits_for_the_slowest_consumer; crates/takt-interp/tests/ring_agreement.rs::an_element_larger_than_the_byte_ring_overflows_without_dropping; crates/takt-interp/tests/ring_agreement.rs::drop_oldest_with_variable_lengths_agrees
PAR-8.6-Deklaration,Absatz/Regel,8.6,Deklaration,,M2 (Ströme),teilweise,"Inventur 2026-10-04: Elementtypen, Wrapper .t/.seq/.data/.text und max_rate-Pflicht belegt; FB-400: framing cobs, length_prefixed, fixed werden gesenkt, aber von keinem Bestandteil gelesen",crates/takt-sema/tests/foreign_code.rs::a_protocol_field_is_not_shadowed_by_the_stream_metadata; crates/takt-sema/tests/foreign_code.rs::a_line_stream_names_its_content_text; corpus-try/checks/SC-17
PAR-8.6-Semantik_ASCII_formal_in_9.6,Absatz/Regel,8.6,"Semantik (ASCII, formal in 9.6)",,M2 (Ströme),fertig,,crates/takt-interp/tests/streams.rs::the_window_starts_at_the_cursor; crates/takt-interp/tests/streams.rs::overflow_with_fault_rejects_the_surplus_element; crates/takt-interp/tests/streams.rs::overflow_with_drop_oldest_makes_room; crates/takt-interp/tests/streams.rs::eviction_removes_what_no_consumer_can_see; crates/takt-sema/tests/handlers.rs::examining_an_element_consumes_it; crates/takt-conformance/tests/streams.rs::a_reader_that_falls_behind_overflows_the_ring
PAR-8.6-Statische_Prüfung,Absatz/Regel,8.6,Statische Prüfung,,M2 (Ströme),fertig,,crates/takt-sema/tests/handlers.rs::check_17_rejects_a_consumer_that_cannot_keep_up; corpus-try/checks/SC-17
PAR-8.6-Byte_Ring_für_Elemente_variabler_Länge,Absatz/Regel,8.6,Byte-Ring für Elemente variabler Länge,,M2 (Ströme),teilweise,Inventur 2026-10-04: Warnung zu expect_len (SC-42) ohne Testfall,crates/takt-interp/tests/streams.rs::the_byte_bound_triggers_the_same_overflow; crates/takt-interp/tests/streams.rs::byte_len_counts_the_content_of_variable_elements; crates/takt-rt-core/tests/stream.rs::the_byte_ring_bounds_independently; crates/takt-rt-core/tests/stream.rs::an_oversized_element_never_empties_the_ring; crates/takt-interp/tests/ring_agreement.rs::an_element_larger_than_the_byte_ring_overflows_without_dropping; crates/takt-interp/tests/ring_agreement.rs::drop_oldest_with_variable_lengths_agrees
PAR-8.6-Garantien,Absatz/Regel,8.6,Garantien,,M2 (Ströme),fertig,,crates/takt-interp/tests/streams.rs::lemma_9_6_1_bounds_the_window; crates/takt-rt-core/tests/stream.rs::the_bounds_hold_under_pressure; crates/takt-sema/tests/analysis.rs::a_handler_runs_once_per_element_of_the_window
PAR-8.6-Interne_Streams_Warteschlangen_zwischen_Maschinen,Absatz/Regel,8.6,Interne Streams (Warteschlangen zwischen Maschinen),,M2 (Ströme),fertig,,crates/takt-sema/tests/handlers.rs::an_internal_stream_has_a_unit_delay; crates/takt-sema/tests/handlers.rs::a_full_internal_stream_faults_its_writer; crates/takt-sema/tests/handlers.rs::check_43_rejects_two_writers
PAR-8.7-Motivation,Absatz/Regel,8.7,Motivation,,M2 (Ströme),fertig,,crates/takt-interp/tests/patterns.rs::a_pattern_never_faults_on_any_input; crates/takt-interp/tests/dfa_agreement.rs::every_pattern_agrees_on_every_short_text; crates/takt-interp/tests/scan.rs::the_automaton_finds_the_earliest_start_of_the_interpreter
PAR-8.7-Musterliterale,Absatz/Regel,8.7,Musterliterale,,M2 (Ströme),fertig,,crates/takt-interp/tests/patterns.rs::int_captures_digits_with_an_optional_sign; crates/takt-interp/tests/patterns.rs::hex_accepts_an_optional_prefix; crates/takt-interp/tests/patterns.rs::float_reads_fraction_and_exponent; crates/takt-interp/tests/patterns.rs::str_ends_at_the_first_occurrence_of_the_next_literal; corpus-try/checks/SC-18
PAR-8.7-Record_Muster,Absatz/Regel,8.7,Record-Muster,,M2 (Ströme),fertig,,crates/takt-conformance/tests/differential.rs::the_two_implementations_agree_on_record_elements_and_peek
PAR-8.7-Operatoren,Absatz/Regel,8.7,Operatoren,,M2 (Ströme),fertig,,crates/takt-interp/tests/patterns.rs::has_finds_the_pattern_anywhere; crates/takt-interp/tests/patterns.rs::has_binds_captures_from_the_leftmost_occurrence; crates/takt-sema/tests/handlers.rs::a_pattern_handler_binds_its_captures; crates/takt-conformance/tests/differential.rs::the_two_implementations_agree_on_has_and_send
PAR-8.7-Handler,Absatz/Regel,8.7,Handler,,M2 (Ströme),fertig,,crates/takt-sema/tests/handlers.rs::the_first_matching_handler_wins; crates/takt-sema/tests/handlers.rs::a_catch_all_handler_sees_what_no_pattern_matched; crates/takt-sema/tests/handlers.rs::a_transition_from_a_handler_leaves_the_rest_in_the_buffer; crates/takt-conformance/tests/differential.rs::the_product_automaton_dispatches_like_the_interpreter
PAR-8.7-Sequenzen_und_Übergänge,Absatz/Regel,8.7,Sequenzen und Übergänge,,M2 (Ströme),fertig,,crates/takt-sema/tests/handlers.rs::a_stream_guard_takes_the_first_match; crates/takt-sema/tests/handlers.rs::a_for_loop_walks_the_window_and_consumes_it; crates/takt-sema/tests/break_placement.rs::break_ends_a_for_loop_over_a_stream; corpus-try/sim/14_6/program.takt
PAR-8.7-Garantien_und_Budget,Absatz/Regel,8.7,Garantien und Budget,,M2 (Ströme),fertig,,crates/takt-interp/tests/patterns.rs::a_pattern_never_faults_on_any_input; crates/takt-sema/tests/analysis.rs::a_handler_runs_once_per_element_of_the_window; crates/takt-sema/tests/analysis.rs::has_costs_like_matches_only_in_a_handler
PAR-8.7-Bindung_als_Wrapper,Absatz/Regel,8.7,"Bindung als Wrapper (Entscheidung, v0.2.9)",,M2 (Stroeme),fertig,,crates/takt-sema/tests/foreign_code.rs::a_protocol_field_is_not_shadowed_by_the_stream_metadata; crates/takt-sema/tests/foreign_code.rs::element_fields_are_reached_through_the_content; crates/takt-sema/tests/foreign_code.rs::the_content_of_a_binding_passes_to_a_function; crates/takt-sema/tests/foreign_code.rs::a_line_stream_names_its_content_text
THM-Lemma-9.3.1,Satz/Lemma,9.3.1,Lemma 9.3.1,,M1/M2 (Interpreter),fertig,,crates/takt-sema/tests/theorems.rs::lemma_9_3_1_resolve_terminates_in_a_deep_fault_forest; crates/takt-sema/tests/theorems.rs::lemma_9_3_1_holds_in_the_abort_phase; crates/takt-conformance/tests/switches.rs::a_chain_of_check_targets_runs_to_its_end
THM-Satz-9.4.1,Satz/Lemma,9.4.1,Satz 9.4.1,,M1/M2 (Interpreter),fertig,,crates/takt-sema/tests/theorems.rs::theorem_9_4_1_order_independence_under_random_stimuli; crates/takt-sema/tests/semantics.rs::order_of_steps_does_not_change_the_trace; crates/takt-sema/tests/follows.rs::theorem_9_4_1_holds_over_the_linear_extensions
THM-Satz-9.4.2,Satz/Lemma,9.4.2,Satz 9.4.2,,M1/M2 (Interpreter),fertig,,crates/takt-sema/tests/theorems.rs::theorem_9_4_2_holds_for_a_long_run; crates/takt-sema/tests/theorems.rs::theorem_9_4_2_no_input_stream_produces_an_internal_error; crates/takt-sema/tests/theorems.rs::a_fault_never_escapes_to_the_caller
THM-Satz-9.4.3,Satz/Lemma,9.4.3,Satz 9.4.3,,M1/M2 (Interpreter),fertig,"FB-278, FB-281 (2026-09-25): Ruempfe, Ketten, Waechter, Wechsel, Fault-Pfad, Fenster, Muster, Senden, Einheitsvektoren aus dem Codegen",crates/takt-sema/tests/analysis.rs::every_machine_gets_a_cost_budget; crates/takt-sema/tests/analysis.rs::the_cost_budget_separates_activation_from_fault_path; crates/takt-sema/tests/analysis.rs::a_nested_state_costs_its_whole_chain
PAR-9.4-Bemerkung_Loop_Sprache,Absatz/Regel,9.4,Bemerkung (Loop-Sprache),,M1/M2 (Interpreter),rationale,,""
THM-Satz-9.4.4,Satz/Lemma,9.4.4,Satz 9.4.4,,M4 (Codegen),teilweise,Inventur 2026-10-04: FB-376 offen: Vergleich ueber den Korpus ohne Eingaben; FB-391 und FB-377 nur teilweise behoben,crates/takt-conformance/tests/differential.rs::the_interpreter_and_the_generated_code_agree; crates/takt-conformance/tests/targets.rs::x86_64_and_aarch64_agree; crates/takt-conformance/tests/board_stm32f401.rs::the_board_agrees_with_the_interpreter
THM-Satz-9.4.5,Satz/Lemma,9.4.5,Satz 9.4.5,,M1/M2 (Interpreter),fertig,,crates/takt-sema/tests/theorems.rs::theorem_9_4_5_the_latency_bound_holds_in_the_run; crates/takt-mir/tests/latency.rs::the_sample_program_has_a_bound
PAR-9.4-Was_der_Satz_nicht_sagt,Absatz/Regel,9.4,Was der Satz nicht sagt,,M1/M2 (Interpreter),rationale,,""
PAR-9.4-Auszahlung,Absatz/Regel,9.4,Auszahlung,,M1/M2 (Interpreter),fertig,,crates/takt-cli/tests/stages.rs::latency_reports_ticks_and_its_caveat; corpus-try/checks/SC-61; crates/takt-mir/tests/latency.rs::the_sample_program_has_a_bound
THM-Lemma-9.6.1.,Satz/Lemma,9.6.1,Lemma 9.6.1.,,M1/M2 (Interpreter),fertig,,crates/takt-interp/tests/streams.rs::lemma_9_6_1_bounds_the_window; crates/takt-interp/tests/streams.rs::a_consumer_that_keeps_up_never_overflows; crates/takt-rt-core/tests/stream_invariants.rs::a_consumer_that_keeps_up_never_overflows; crates/takt-interp/tests/ring_agreement.rs::an_element_larger_than_the_byte_ring_overflows_without_dropping; crates/takt-interp/tests/ring_agreement.rs::drop_oldest_with_variable_lengths_agrees
THM-Satz-9.9.1,Satz/Lemma,9.9.1,"Satz 9.9.1: `takt-rt-linux/tests/sleep.rs` — der Interpreter als Programm der Schleife (`takt_interp::Run`, `runtime.rs`), Profil `linux_rt` mit `may_sleep` an und aus, Traces byteidentisch; Frist = frueheste `after`-Frist, naechste Stimuluszeile, Veralten einer Wake-Quelle",,M6,fertig,,crates/takt-rt-linux/tests/sleep.rs::the_trace_with_sleep_is_the_trace_without; crates/takt-rt-linux/tests/sleep.rs::a_stale_wake_source_wakes_the_loop; crates/takt-sema/tests/theorems.rs::theorem_9_9_1_an_idle_step_changes_nothing; crates/takt-conformance/tests/differential.rs::virtual_sleep_is_invisible; crates/takt-conformance/tests/host_board.rs::a_wake_source_ends_the_sleep_on_the_host; crates/takt-rt-core/tests/wake.rs::a_wake_source_of_the_program_ends_the_sleep_at_the_next_boundary
PAR-11.2-Große_Werte,Absatz/Regel,11.2,Große Werte,,M1-M4 (Lowering),fertig,,crates/takt-llvm/tests/lowering.rs::the_pointer_threshold_follows_the_reference; crates/takt-conformance/tests/differential.rs::the_interpreter_and_the_generated_code_agree; corpus-try/71_places.takt
PAR-11.2-Temporärwerte,Absatz/Regel,11.2,Temporärwerte,,M1-M4 (Lowering),fertig,,crates/takt-llvm/tests/ir_invariants.rs::no_large_aggregate_is_an_ssa_value; crates/takt-llvm/tests/ir_invariants.rs::no_place_ends_without_having_started; crates/takt-cli/tests/stages.rs::temporaries_of_successive_statements_share_their_place; crates/takt-conformance/tests/examples.rs::the_reference_examples_run_clean_under_address_sanitizer
PAR-11.2-Overlay_exklusiver_Zustandsspeicher,Absatz/Regel,11.2,Overlay exklusiver Zustandsspeicher,,M1-M4 (Lowering),fertig,,crates/takt-sema/tests/overlay.rs::exclusive_instances_share_memory; crates/takt-llvm/tests/machines.rs::sibling_states_overlay_their_variables; crates/takt-conformance/tests/switches.rs::siblings_sharing_the_overlay_keep_their_own_initial_values
PAR-11.2-DFA_Tabellen,Absatz/Regel,11.2,DFA-Tabellen,,M4 (Codegen),fertig,,crates/takt-mir/tests/dfa.rs::the_alphabet_is_smaller_than_the_byte_range; crates/takt-mir/tests/dfa.rs::one_automaton_answers_several_patterns; crates/takt-interp/tests/dfa_agreement.rs::the_product_answers_each_pattern; crates/takt-conformance/tests/measured.rs::the_dfa_tables_fit_into_rodata
PAR-11.3-Compile_Zeit_Auswertung,Absatz/Regel,11.3,Compile-Zeit-Auswertung,,M4 (Codegen),teilweise,Inventur 2026-10-04: eval_const ueber den Interpreter mit reiner fn und Schleife belegt; kein Test mit einer const-Deklaration aus einem fn-Aufruf (CRC-Tabelle),crates/takt-interp/tests/values.rs::functions_run_with_frames_loops_and_break
PAR-11.3-Versionierte_Formate,Absatz/Regel,11.3,Versionierte Formate,,M4 (Codegen),fertig,,crates/takt-mir/tests/roundtrip.rs::a_reader_accepts_an_older_format_version; crates/takt-interp/tests/recording_versions.rs::version_one_still_reads_without_a_parameter_vector; crates/takt-sema/tests/hardware.rs::an_older_file_still_reads; crates/takt-conformance/src/report.rs::a_newer_version_is_refused; crates/takt-sema/tests/mir_versions.rs::every_format_version_reads_and_runs_like_today
PAR-11.3-Reproduzierbare_Builds,Absatz/Regel,11.3,Reproduzierbare Builds,,M4 (Codegen),teilweise,Inventur 2026-10-04: Hash des Binaries im Image-Header weder gefunden noch getestet,crates/takt-conformance/tests/reproducible.rs::the_same_source_yields_the_same_binary; crates/takt-conformance/tests/reproducible.rs::every_target_builds_reproducibly; crates/takt-llvm/tests/strict_fp.rs::the_module_header_carries_no_timestamp_or_path
PAR-12.3-Speicherschutz,Absatz/Regel,12.3,Speicherschutz,,M10 (aus M5),fertig,"M10 Schritt 18: F401 mit MPU (Programmzustand nur im Schritt beschreibbar, auch fuer ISRs; Waechter unter Haupt- und Job-Stack), vier Pruefzugriffe im Boardtest; C6 mit Daten-Watchpoints unter beiden Stacks (gesperrte PMP im Maschinenmodus); M11 Schritt 13 (2026-10-07): jeder Boardlauf meldet die Hochwassermarke von Schritt- und Job-Stack mit `TICK_STACK_BYTES` und `JOB_STACK_BYTES`, und der Wirt prueft sie (`board::complete`); der Linker prueft, dass der Hauptstack beider Boards `TICK_STACK_BYTES` fasst",crates/takt-conformance/tests/board_stm32f401.rs::the_mpu_turns_a_write_of_the_tcb_into_runtime_hardware; crates/takt-conformance/tests/board_esp32c6.rs::the_stack_guard_of_board_2_stops_a_write_of_the_tcb; crates/takt-rt-baremetal/src/protect.rs::the_state_is_open_only_while_the_program_writes_it; crates/takt-rt-baremetal/src/protect.rs::a_violation_becomes_runtime_hardware_in_the_next_tick
PAR-12.3-Targets_mit_XIP_Flash_und_Cache_Stall_Profilfamilie_xip_flash,Absatz/Regel,12.3,Targets mit XIP-Flash und Cache-Stall (Profilfamilie `xip_flash`),,M5 (Embedded),fertig,"ESP32-C6 (plan/esp32c6.md Schritt 7): RAM-Residenz von Tick-ISR, Wartepfad und erzeugtem Code (`#[ram]`; seit M11 Schritt 11 das erzeugte Fragment `P_ram.x` und `takt check-image`, FB-449); `esp-storage` ohne `critical-section`; `takt size` weist `iram` aus; `idle` als Light-Sleep (Schritt 6). Die Sektorloeschung kostet trotzdem Perioden — sie ist unteilbar und laenger als der Tick (FB-197); die Semantik bleibt unberuehrt. Seit plan/nvm.md: Kosten in 8.10, Pruefung 32, Schreiben im Schlaffenster, Log-Journal, Residenznachweis in `takt size`.",crates/takt-llvm/src/inspect.rs::ram_resident_code_counts_as_iram_not_as_text; crates/takt-mir/tests/size_baseline.rs::iram_items_appear_only_for_xip_targets; crates/takt-conformance/tests/board_esp32c6.rs::the_journal_writes_in_sleep_windows; crates/takt-sema/tests/calibrated.rs::a_missing_nvm_blocking_on_a_xip_target_is_undecidable; crates/takt-cli/tests/check_image.rs::a_driver_in_flash_is_a_finding
PAR-12.7-Das_Ende_eines_Laufs,Absatz/Regel,12.7,Das Ende eines Laufs,,M10,fertig,"M10 Schritt 33 (FB-360), 2026-10-02; Board-Tests `a_run_ended_now_begins_the_next_at_once`, `a_run_ended_after_a_delay_begins_the_next_after_it`, `a_missed_kick_begins_the_next_run_after_the_watchdog` auf F401 und C6; Board-Korpus beider Boards ohne Abweichung (mit 32, 34, `sim/12_7`); Suiten F401 14 von 14, C6 21 von 21",crates/takt-sema/tests/theorems.rs::next_run_ends_the_run; crates/takt-sema/tests/theorems.rs::an_end_leaves_the_outputs_safe; crates/takt-sema/tests/theorems.rs::every_value_but_none_names_when_the_next_run_begins; crates/takt-conformance/tests/board_stm32f401.rs::a_run_ended_now_begins_the_next_at_once; corpus-try/sim/12_7/program.takt
PAR-12.7-Der_Anfang_eines_Laufs,Absatz/Regel,12.7,Der Anfang eines Laufs,,M10,fertig,"M10 Schritt 33 (FB-360), 2026-10-02; Board-Tests `a_run_ended_now_begins_the_next_at_once`, `a_run_ended_after_a_delay_begins_the_next_after_it`, `a_missed_kick_begins_the_next_run_after_the_watchdog` auf F401 und C6; Board-Korpus beider Boards ohne Abweichung (mit 32, 34, `sim/12_7`); Suiten F401 14 von 14, C6 21 von 21",crates/takt-sema/tests/theorems.rs::a_run_sees_how_the_previous_one_ended; crates/takt-conformance/tests/board_esp32c6.rs::a_missed_kick_begins_the_next_run_after_the_watchdog; crates/takt-board-support/src/platform.rs::the_previous_run_is_ended_only_after_an_orderly_end
PAR-12.7-Irreversible_Outputs,Absatz/Regel,12.7,Irreversible Outputs,,M6 (v1.1),teilweise,Inventur 2026-10-04: Lauf-Header-Zeile `#! irreversibel` (record.rs) ohne Test,crates/takt-sema/tests/scenarios.rs::an_irreversible_output_is_covered_by_a_scenario; corpus-try/checks/SC-48; crates/takt-sema/tests/semantics.rs::an_assignment_after_a_failed_expect_is_not_committed
PAR-12.8-Zielklassen,Absatz/Regel,12.8,Zielklassen,,M10 (aus M5),fertig,"Codegen fuer alle vier Klassen aus 12.8 mit einer IR (`every_target_gets_the_same_ir`), Ziel `armv7` fuer 32 Bit mit f64-FPU seit 2026-10-02 (`the_corpus_compiles_for_the_32_bit_class_with_f64`, Fliesskomma ueber VFP); Lauf und Kalibrierung auf Cortex-M4F (F401) und RV32IMAC (C6); letzter Beleg: ein aarch64-Linux und ein Cortex-A7 fuer Lauf und Messung",crates/takt-conformance/tests/mcu_codegen.rs::every_target_gets_the_same_ir; crates/takt-conformance/tests/mcu_codegen.rs::the_corpus_compiles_for_the_32_bit_class_with_f64; crates/takt-conformance/tests/mcu_codegen.rs::the_mcu_targets_are_in_different_classes
PAR-13.3-Sprache,Absatz/Regel,13.3,Sprache,,M6 (v1.1),fertig,"`TProp` aus dem AST (`lower/property.rs`); Inventur 2026-10-04: Monitor und `takt prove` (FB-374, seit 2026-10-08) belegt",crates/takt-sema/tests/properties.rs::stable_and_once_look_along_the_window; crates/takt-sema/tests/properties.rs::check_56_rejects_unbounded_operators_under_bounded_ones_and_odd_windows; crates/takt-sema/tests/properties.rs::a_violation_is_a_fail_finding_at_the_tick_it_is_decided; crates/takt-prove/tests/temporal.rs::never_negates_its_formula
PAR-13.3-Semantik,Absatz/Regel,13.3,Semantik,,M6 (v1.1),fertig,"`takt-interp/src/property.rs`: Tick-Rand-Snapshots, dreiwertig auf dem endlichen Lauf, Entscheidung bei geschlossenem Fenster",crates/takt-sema/tests/properties.rs::a_violation_is_a_fail_finding_at_the_tick_it_is_decided; crates/takt-sema/tests/properties.rs::a_satisfied_property_and_an_open_one_have_their_outcomes; crates/takt-conformance/tests/monitors.rs::native_monitors_report_the_same_violations_in_the_same_tick
PAR-13.3-Verwendung,Absatz/Regel,13.3,Verwendung,,M6 (v1.1),fertig,"Monitor in `takt test`/`RunResult.properties`, nativ mit `with monitor = true`; `takt prove` mit Export und Solver (k-Induktion/BMC), Gegenbeispiel als Stimulus; seit 2026-10-08 Zeitoperatoren als Monitor im Modell (FB-374); Invariantensuche fuer offene Induktion (FB-375)",crates/takt-prove/tests/temporal.rs::a_response_is_a_counter_of_the_oldest_open_obligation; crates/takt-prove/tests/temporal.rs::a_general_formula_is_a_ring_of_its_atoms
PAR-13.3-Umgebungsannahmen_assumption,Absatz/Regel,13.3,Umgebungsannahmen (`assumption`),,M6 (v1.1),fertig,"derselbe Monitor, Verletzung ist FAIL-Befund (`assumption <name> violated <tick>`); Monitor und FAIL-Befund belegt; im Beweiser beschraenkt sie die Eigenschaften, nicht die Pruefstellen, und wird selbst ohne Annahmen geprueft (FB-466)",crates/takt-sema/tests/properties.rs::a_violation_is_a_fail_finding_at_the_tick_it_is_decided; crates/takt-conformance/tests/monitors.rs::native_monitors_report_the_same_violations_in_the_same_tick; crates/takt-prove/tests/with_solver.rs::an_assumption_proves_what_it_assumes_and_nothing_without_it; crates/takt-prove/tests/with_solver.rs::an_assumption_does_not_prove_a_check_away
PAR-13.3-Kanal_Attribute_gelten_automatisch_als_Annahmen,Absatz/Regel,13.3,Kanal-Attribute gelten automatisch als Annahmen,,M6 (v1.1),fertig,,crates/takt-prove/tests/with_solver.rs::max_slew_bounds_the_change_per_tick; crates/takt-prove/tests/with_solver.rs::a_check_the_types_guarantee_is_proven_unreachable; crates/takt-prove/tests/input_quality.rs::suspect_needs_debounce_and_comes_from_a_violation; crates/takt-prove/tests/input_quality.rs::an_unguarded_read_of_an_invalid_input_violates_the_property
PAR-13.3-Kompositionalität,Absatz/Regel,13.3,Kompositionalität,,M6 (v1.1),teilweise,"`takt prove` je Maschine (`encode_machine`, `classify_compositional`; FB-259), Tests in `with_solver.rs`; Inventur 2026-10-04: FB-373 offen: zwei Drittel des Korpus ohne Gesamtmodell, Abdeckung ungemessen",crates/takt-prove/tests/with_solver.rs::a_machine_is_proven_alone_when_the_whole_is_not_encodable; crates/takt-prove/tests/with_solver.rs::a_path_found_alone_is_confirmed_on_the_whole
PAR-13.5-Lauf_Verdikt,Absatz/Regel,13.5,Lauf-Verdikt,,M4 (Codegen),fertig,,crates/takt-sema/tests/semantics.rs::observations_and_verdict_follow_13_5; crates/takt-sema/tests/semantics.rs::verify_failure_makes_the_run_fail; crates/takt-sema/tests/scenarios.rs::a_scenario_may_declare_that_its_fault_is_intended; crates/takt-sema/tests/golden_sim.rs::a_failing_run_reports_fail; crates/takt-cli/tests/test_cmd.rs::an_inconclusive_scenario_fails_the_run
PAR-13.8-takt_bench,Absatz/Regel,13.8,`takt bench`,,M10 (aus M5),teilweise,"kalibriert 2026-10-06 zum Kostenmodell 2 auf beiden Boards ueber das Messprogramm als Baustein (M11 Schritt 12, `corpus-try/hw/*.hw` und Berichte): C6 ohne Streckung, F401 1,046 in drei Lagen (FB-367); `T_IO` mit dem Commit (FB-450); Rahmen ohne Outliner (FB-366); M11 Schritt 13 (2026-10-07): die Stack-Reserve unter einem Lastkern (`bench/load.takt`: Trace jeder Werteart mit Dragon-Rueckfall, Journal, Log, Alert, Zustandswechsel) in Echtzeit und logischer Zeit, auf dem F401 auch unter RTIC, gemalt ab der Tickschleife und ohne den Programmanteil, den die Bilanz nennt (FB-457); offen: der Tick-Jitter je Profil (gemessen unter `baremetal`, `shared` mit Port-Test, Schritt 15) und FB-147 (Marge und Streuung in der Referenz)",crates/takt-conformance/src/bench.rs::a_weight_is_the_time_per_operation_difference; crates/takt-conformance/src/bench.rs::a_reference_kernel_is_checked_and_stretches; crates/takt-conformance/src/bench.rs::the_loop_run_yields_stack_and_jitter; crates/takt-conformance/tests/bench_references.rs::every_reference_computes_what_its_kernel_computes; crates/takt-conformance/src/bench.rs::the_reserve_is_the_deepest_load_without_its_program
PAR-13.9-Klassifikation,Absatz/Regel,13.9,Klassifikation,,M7 (Werkzeuge),offen,,""
PAR-13.9-Abbildungsregeln,Absatz/Regel,13.9,Abbildungsregeln,,M7 (Werkzeuge),offen,,""
PAR-13.9-Grundregel_des_Importers,Absatz/Regel,13.9,Grundregel des Importers,,M7 (Werkzeuge),offen,,""
PAR-13.9-Orakel_Modus,Absatz/Regel,13.9,Orakel-Modus,,M7 (Werkzeuge),offen,,""
PAR-13.9-Vorgehen,Absatz/Regel,13.9,Vorgehen,,M7 (Werkzeuge),offen,,""
FN-9-advance_cursors,Semantikfunktion,9,advance_cursors,,M1/M2 (Interpreter),fertig,,crates/takt-sema/tests/handlers.rs::examining_an_element_consumes_it; crates/takt-sema/tests/theorems.rs::a_sleeping_machine_drops_non_waking_streams; crates/takt-interp/tests/streams.rs::eviction_removes_what_no_consumer_can_see
FN-9-apply_scheduled,Semantikfunktion,9,apply_scheduled,,M1/M2 (Interpreter),fertig,,crates/takt-sema/tests/semantics.rs::every_fault_kind_of_the_corpus_arrives_at_its_tick; crates/takt-sema/tests/sleep.rs::a_scheduled_output_keeps_the_system_awake; corpus-try/sim/14_6/program.takt
FN-9-cancel_all_scheduled,Semantikfunktion,9,cancel_all_scheduled,,M1/M2 (Interpreter),fertig,,crates/takt-sema/tests/semantics.rs::every_fault_kind_of_the_corpus_arrives_at_its_tick
FN-9-deliver,Semantikfunktion,9,deliver,,M1/M2 (Interpreter),fertig,,crates/takt-interp/tests/streams.rs::overflow_with_fault_rejects_the_surplus_element; crates/takt-interp/tests/streams.rs::the_byte_bound_triggers_the_same_overflow; crates/takt-interp/tests/ring_agreement.rs::overflow_with_drop_oldest_agrees; crates/takt-conformance/tests/streams.rs::a_reader_that_falls_behind_overflows_the_ring; crates/takt-interp/tests/ring_agreement.rs::an_element_larger_than_the_byte_ring_overflows_without_dropping; crates/takt-interp/tests/ring_agreement.rs::drop_oldest_with_variable_lengths_agrees
FN-9-deliverable,Semantikfunktion,9,deliverable,,M1/M2 (Interpreter),fertig,,crates/takt-sema/tests/theorems.rs::a_sleeping_machine_drops_non_waking_streams; crates/takt-sema/tests/semantics.rs::a_suppressed_abort_is_discarded_not_stored; crates/takt-sema/tests/sleep.rs::a_fault_behind_an_abort_keeps_the_system_awake
FN-9-dispatch,Semantikfunktion,9,dispatch,,M1/M2 (Interpreter),fertig,,crates/takt-sema/tests/handlers.rs::the_first_matching_handler_wins; crates/takt-sema/tests/handlers.rs::a_transition_from_a_handler_leaves_the_rest_in_the_buffer; crates/takt-conformance/tests/differential.rs::the_product_automaton_dispatches_like_the_interpreter
FN-9-exec,Semantikfunktion,9,exec,,M1/M2 (Interpreter),fertig,,crates/takt-sema/tests/semantics.rs::sequence_runs_through_its_segments; crates/takt-interp/tests/values.rs::functions_run_with_frames_loops_and_break; crates/takt-sema/tests/golden_sim.rs::golden_traces_match
FN-9-exec_chain,Semantikfunktion,9,exec_chain,,M1/M2 (Interpreter),fertig,,crates/takt-llvm/tests/machines.rs::an_ancestor_loop_runs_in_every_leaf_below_it; crates/takt-sema/tests/handlers.rs::the_window_is_empty_in_the_entry_tick; crates/takt-conformance/tests/differential.rs::the_interpreter_and_the_generated_code_agree; corpus-try/72_handler_levels.takt
FN-9-resolve_m,Semantikfunktion,9,resolve_m,,M1/M2 (Interpreter),fertig,,crates/takt-sema/tests/theorems.rs::lemma_9_3_1_resolve_terminates_in_a_deep_fault_forest; crates/takt-sema/tests/semantics.rs::abort_is_idempotent_until_a_normal_transition; crates/takt-conformance/tests/switches.rs::a_fault_after_a_goto_takes_the_fault_path_of_the_new_state
FN-9-sleep,Semantikfunktion,9,sleep,,M10 (aus M6),fertig,,crates/takt-sema/tests/sleep.rs::an_operator_abort_wakes_the_sleeping_system; crates/takt-conformance/tests/differential.rs::virtual_sleep_is_invisible; crates/takt-rt-core/tests/loop.rs::sleeping_advances_logical_time_exactly; crates/takt-conformance/tests/host_board.rs::a_wake_source_ends_the_sleep_on_the_host; crates/takt-rt-core/tests/wake.rs::a_wake_source_of_the_program_ends_the_sleep_at_the_next_boundary
FN-9-sleep_allowed,Semantikfunktion,9,sleep_allowed,,M10 (aus M6),fertig,"alle sechs Konjunkte im Interpreter einzeln (`takt-sema/tests/sleep.rs`, Konjunkt 5: `a_running_job_keeps_the_system_awake`, 2026-10-02); nativ Konjunkt 3 (`a_full_wake_window_keeps_the_native_system_awake`) und 5 (`a_running_job_keeps_the_native_system_awake`) im Wirtsrahmen, der MCU-Rahmen prueft Jobs in `takt_mcu_idle`",crates/takt-sema/tests/sleep.rs::a_scheduled_output_keeps_the_system_awake; crates/takt-sema/tests/sleep.rs::a_full_wake_window_keeps_the_system_awake; crates/takt-sema/tests/sleep.rs::a_running_job_keeps_the_system_awake; crates/takt-conformance/tests/differential.rs::a_running_job_keeps_the_native_system_awake
FN-9-step_m,Semantikfunktion,9,step_m,,M1/M2 (Interpreter),fertig,,crates/takt-sema/tests/semantics.rs::transition_takes_one_tick_and_runs_enter_in_entry_mode; crates/takt-sema/tests/semantics.rs::faulted_has_no_user_code_and_sets_outputs_safe; crates/takt-llvm/tests/machines.rs::the_loop_body_runs_before_the_transitions
FN-9-tick,Semantikfunktion,9,tick,,M1/M2 (Interpreter),fertig,,crates/takt-sema/tests/semantics.rs::multirate_activates_by_countdown; crates/takt-sema/tests/semantics.rs::abort_reaches_every_machine_in_the_same_tick; crates/takt-sema/tests/semantics.rs::an_operator_abort_reaches_an_inactive_machine_in_the_same_tick
FN-9-windows,Semantikfunktion,9,windows,,M1/M2 (Interpreter),fertig,,crates/takt-sema/tests/handlers.rs::the_window_is_empty_in_the_entry_tick; crates/takt-interp/tests/streams.rs::the_window_starts_at_the_cursor; crates/takt-rt-core/tests/stream.rs::the_window_starts_at_the_cursor
RULE-9.2-stmt,exec-Regel,9.2,exec(stmt),,M1/M2 (Interpreter),fertig,,crates/takt-sema/tests/semantics.rs::transition_takes_one_tick_and_runs_enter_in_entry_mode; crates/takt-interp/tests/values.rs::functions_run_with_frames_loops_and_break
RULE-9.2-x_=_e,exec-Regel,9.2,exec(x = e),,M1/M2 (Interpreter),fertig,,crates/takt-sema/tests/semantics.rs::a_byte_can_be_written_through_its_index; crates/takt-sema/tests/semantics.rs::writing_a_byte_beyond_the_length_faults; crates/takt-sema/tests/range_boundaries.rs::a_field_outside_its_range_faults
RULE-9.2-check_e,exec-Regel,9.2,exec(check e),,M1/M2 (Interpreter),fertig,,crates/takt-sema/tests/semantics.rs::check_failure_goes_to_the_fault_target_in_the_same_tick
RULE-9.2-check_e_for_d,exec-Regel,9.2,exec(check e for d),,M1/M2 (Interpreter),fertig,,crates/takt-sema/tests/semantics.rs::confirmation_time_delays_the_check; crates/takt-sema/tests/semantics.rs::a_confirmation_counter_in_a_loop_counts_per_element
RULE-9.2-->_q,exec-Regel,9.2,exec(-> q),,M1/M2 (Interpreter),fertig,,crates/takt-sema/tests/semantics.rs::transition_takes_one_tick_and_runs_enter_in_entry_mode; crates/takt-sema/tests/handlers.rs::a_transition_from_a_handler_leaves_the_rest_in_the_buffer
RULE-9.2-abort,exec-Regel,9.2,exec(abort),,M1/M2 (Interpreter),fertig,,crates/takt-sema/tests/semantics.rs::abort_reaches_every_machine_in_the_same_tick; crates/takt-sema/tests/semantics.rs::abort_is_idempotent_until_a_normal_transition
RULE-9.2-s1;_s2,exec-Regel,9.2,exec(s1; s2),,M1/M2 (Interpreter),fertig,,crates/takt-sema/tests/semantics.rs::an_assignment_after_a_failed_expect_is_not_committed; crates/takt-interp/tests/values.rs::functions_run_with_frames_loops_and_break
RULE-9.2-if_e:_b1_else:_b2,exec-Regel,9.2,exec(if e: b1 else: b2),,M1/M2 (Interpreter),fertig,,crates/takt-interp/tests/values.rs::functions_run_with_frames_loops_and_break; crates/takt-sema/tests/semantics.rs::or_and_valid_dominate_the_implicit_check
RULE-9.2-for_i_in_range(n):_b,exec-Regel,9.2,exec(for i in range(n): b),,M1/M2 (Interpreter),fertig,,crates/takt-interp/tests/values.rs::functions_run_with_frames_loops_and_break; crates/takt-llvm/tests/machines.rs::a_bounded_loop_has_a_header_and_an_exit
RULE-9.2-for_x_in_W:_b,exec-Regel,9.2,exec(for x in W: b),,M1/M2 (Interpreter),fertig,,crates/takt-sema/tests/handlers.rs::a_for_loop_walks_the_window_and_consumes_it; crates/takt-sema/tests/handlers.rs::the_loop_variable_carries_the_element_fields
RULE-9.2-match_e:_cases,exec-Regel,9.2,exec(match e: cases),,M1/M2 (Interpreter),fertig,,crates/takt-interp/tests/values.rs::vec_push_respects_capacity_and_match_binds_fields; crates/takt-llvm/tests/machines.rs::match_tests_the_cases_in_source_order
"RULE-9.2-send_o,_e",exec-Regel,9.2,"exec(send o, e)",,M1/M2 (Interpreter),teilweise,Inventur 2026-10-04: StreamOverflow nur fuer den internen Strom geprueft; send ueber tx.free eines Ausgabestroms ohne Test,crates/takt-sema/tests/handlers.rs::an_output_stream_sends_its_bytes; crates/takt-sema/tests/handlers.rs::a_full_internal_stream_faults_its_writer; crates/takt-sema/tests/sent.rs::the_bytes_arrive_in_send_order
RULE-9.2-at_T:_b,exec-Regel,9.2,exec(at T: b),,M1/M2 (Interpreter),fertig,,crates/takt-sema/tests/semantics.rs::every_fault_kind_of_the_corpus_arrives_at_its_tick; crates/takt-sema/tests/sleep.rs::a_scheduled_output_keeps_the_system_awake; crates/takt-conformance/tests/board_stm32f401.rs::a_schedule_inside_the_guard_is_a_timing_fault
RULE-9.2-pulse_o_=_v_for_d,exec-Regel,9.2,exec(pulse o = v for d),,M1/M2 (Interpreter),teilweise,Inventur 2026-10-04: nur Uebersetzung geprueft; pulse wird in keinem Test ausgefuehrt (FB-400 offen),crates/takt-sema/tests/foreign_code.rs::pulse_works_in_a_sequence_as_it_does_in_a_loop
RULE-9.2-cancel_o,exec-Regel,9.2,exec(cancel o),,M1/M2 (Interpreter),teilweise,"Inventur 2026-10-04: cancel steht nur in 05_streams_and_protocol, das kein Lauf ausfuehrt; nie ausgefuehrt (FB-400 offen)",crates/takt-sema/tests/corpus.rs::every_corpus_file_lowers_without_panic
RULE-9.2-raise_sig,exec-Regel,9.2,exec(raise sig),,M1/M2 (Interpreter),fertig,,crates/takt-sema/tests/semantics.rs::published_variables_and_signals_have_unit_delay
RULE-9.2-job_v_=_f(args),exec-Regel,9.2,exec(job v = f(args)),,M6 (v1.1),fertig,,crates/takt-sema/tests/jobs.rs::a_job_completes_after_its_duration; crates/takt-sema/tests/jobs.rs::a_fault_cancels_the_running_job; crates/takt-sema/tests/jobs.rs::a_machine_has_at_most_two_handles
RULE-9.2-every_d:_b,exec-Regel,9.2,exec(every d: b),,M1/M2 (Interpreter),fertig,,crates/takt-sema/tests/semantics.rs::a_machine_wide_every_keeps_its_period_across_state_changes; crates/takt-sema/tests/semantics.rs::an_every_in_a_state_never_runs_in_the_entry_tick; crates/takt-sema/tests/semantics.rs::an_every_block_in_a_loop_runs_for_each_element
RULE-9.2-break,exec-Regel,9.2,exec(break),,M1/M2 (Interpreter),fertig,,crates/takt-interp/tests/values.rs::functions_run_with_frames_loops_and_break; crates/takt-sema/tests/break_placement.rs::break_ends_a_for_loop_over_a_stream; crates/takt-sema/tests/handlers.rs::a_break_leaves_the_rest_of_the_window
"RULE-9.2-alert_e,_msg",exec-Regel,9.2,"exec(alert e, msg)",,M1/M2 (Interpreter),fertig,,crates/takt-sema/tests/semantics.rs::alerts_report_only_their_edges; crates/takt-sema/tests/semantics.rs::an_invalid_input_makes_an_alert_fire_with_a_note
RULE-9.2-log_|_measure_|_verify_|_verdict_...,exec-Regel,9.2,exec(log | measure | verify | verdict ...),,M1/M2 (Interpreter),fertig,,crates/takt-sema/tests/semantics.rs::observations_and_verdict_follow_13_5; crates/takt-sema/tests/semantics.rs::an_invalid_input_is_logged_measured_and_counted_as_a_violation
DESUGAR-Statement_vor_der_ersten_Zeitgrenze_des_Segments,Desugaring-Regel,6.2,Statement vor der ersten Zeitgrenze des Segments,,M1 (Kernsemantik),fertig,,crates/takt-mir/tests/desugar.rs::example_6_3; crates/takt-mir/tests/desugar.rs::statements_after_an_expect_follow_the_check; crates/takt-sema/tests/semantics.rs::sequence_runs_through_its_segments
DESUGAR-check_e_msg_an_Position_p,Desugaring-Regel,6.2,"`check e [, msg]` an Position p",,M1 (Kernsemantik),fertig,,crates/takt-mir/tests/desugar.rs::check_is_continuous_from_its_position
DESUGAR-expect_e_msg,Desugaring-Regel,6.2,"`expect e [, msg]`",,M1 (Kernsemantik),fertig,,crates/takt-mir/tests/desugar.rs::expect_checks_once_via_flag; crates/takt-sema/tests/semantics.rs::an_assignment_after_a_failed_expect_is_not_committed
DESUGAR-wait_d,Desugaring-Regel,6.2,`wait d`,,M1 (Kernsemantik),fertig,,crates/takt-mir/tests/desugar.rs::example_6_3; crates/takt-sema/tests/semantics.rs::sequence_runs_through_its_segments
DESUGAR-until_c_timeout_d,Desugaring-Regel,6.2,`until c [timeout d]`,,M1 (Kernsemantik),fertig,,crates/takt-mir/tests/desugar.rs::example_6_3; crates/takt-mir/tests/desugar.rs::until_timeout_goto_and_else; corpus-try/sim/14_1/program.takt
DESUGAR-repeat_n,Desugaring-Regel,6.2,`repeat n:`,,M1 (Kernsemantik),fertig,,crates/takt-mir/tests/desugar.rs::repeat_counts_with_weak_back_jump
DESUGAR-step_name,Desugaring-Regel,6.2,"`step ""name"":`",,M1 (Kernsemantik),fertig,,crates/takt-mir/tests/desugar.rs::repeat_counts_with_weak_back_jump; corpus-try/sim/14_2/program.takt
DESUGAR-Statement_mit_auch_in_if_elif_else,Desugaring-Regel,6.2,Statement mit `->` (auch in `if`/`elif`/`else`),,M1 (Kernsemantik),fertig,,crates/takt-mir/tests/desugar.rs::if_branches_with_goto_become_transitions; crates/takt-mir/tests/desugar.rs::example_6_3
DESUGAR-Ende_ohne,Desugaring-Regel,6.2,Ende ohne `->`,,M1 (Kernsemantik),fertig,,crates/takt-mir/tests/desugar.rs::end_without_goto_holds_and_sets_done
DESUGAR-var_x_e_in_der_Sequenz,Desugaring-Regel,6.2,`var x = e` in der Sequenz,,M1 (Kernsemantik),teilweise,Inventur 2026-10-04: Hebung nur in 14_8 im selben Segment genutzt; kein Test liest die Variable ueber eine Zeitgrenze,corpus-try/sim/14_8/program.takt; crates/takt-sema/tests/analysis.rs::a_sequence_var_always_carries_an_initialiser
DESUGAR-until_g_as_m,Desugaring-Regel,6.2,`until g as m`,,M10 (aus M1),fertig,,crates/takt-sema/tests/flash_model.rs::erase_program_and_read_back; crates/takt-mir/tests/desugar.rs::until_timeout_goto_and_else; corpus-try/sim/14_6/program.takt
DESUGAR-until_c_timeout_d_X,Desugaring-Regel,6.2,`until c timeout d -> X`,,M1 (Kernsemantik),fertig,,crates/takt-mir/tests/desugar.rs::until_timeout_goto_and_else; corpus-try/sim/14_8/program.takt
DESUGAR-until_c_timeout_d_else,Desugaring-Regel,6.2,`until c timeout d else:`,,M1 (Kernsemantik),fertig,,crates/takt-mir/tests/desugar.rs::until_timeout_goto_and_else; corpus-try/sim/14_6/program.takt
DESUGAR-measure_verify_verdict_send_at_job,Desugaring-Regel,6.2,"`measure`, `verify`, `verdict`, `send`, `at`, `job`",,M1 (Kernsemantik),teilweise,"Inventur 2026-10-04: measure, verify, verdict, send (14_6) und job (14_8) in Sequenzen belegt; at in einer Sequenz ohne Test",corpus-try/sim/14_6/program.takt; corpus-try/sim/14_8/program.takt
DIST-rule1,Regel,12.9,Eine logische Zeitbasis.,v2,M9 (v2),offen,,""
DIST-rule2,Regel,12.9,Verzögerung = Hops.,v2,M9 (v2),offen,,""
DIST-rule3,Regel,12.9,Outputs auf fremden Knoten,v2,M9 (v2),offen,,""
DIST-rule4,Regel,12.9,`follows`,v2,M9 (v2),offen,,""
DIST-rule5,Regel,12.9,Abort und Runtime-Faults,v2,M9 (v2),offen,,""
DIST-rule6,Regel,12.9,Verbindungsverlust.,v2,M9 (v2),offen,,""
DIST-rule7,Regel,12.9,Jobs,v2,M9 (v2),offen,,""
DIST-rule8,Regel,12.9,Aufzeichnung,v2,M9 (v2),offen,,""
DIST-rule9,Regel,12.9,Simulation.,v2,M9 (v2),offen,,""
RAND-1,Regel/Prüfung,12.6,"Zeitstempel innerhalb `(t_(k-1), t_k]`",,M10 (aus M5),fertig,"M10 Schritt 29 (Rand in allen Runtimes, FB-285) und 11c (`takt driver-test --crate`, 2026-10-02): auf beiden Boards und auf dem Wirt (`host_board.rs`) ohne Abweichung vom Interpreter",crates/takt-hal/tests/edge.rs::a_timestamp_outside_the_window_is_clamped; crates/takt-hal/tests/edge.rs::a_timestamp_far_outside_degrades_the_driver; crates/takt-conformance/tests/driver_edge.rs::every_contract_violation_shows_in_the_golden_trace; crates/takt-conformance/tests/host_board.rs::the_driver_edge_judges_on_the_host_like_the_interpreter
RAND-2,Regel/Prüfung,12.6,"Zeitstempel und `seq` streng steigend, `seq` lückenlos, `len(D) <= MAXPT` je Stream, Qualitätsflags konsistent (`Bad` ohne Wert, Alter monoton)",,M10 (aus M5),fertig,"M10 Schritt 29 (Rand in allen Runtimes, FB-285) und 11c (`takt driver-test --crate`, 2026-10-02): auf beiden Boards und auf dem Wirt (`host_board.rs`) ohne Abweichung vom Interpreter",crates/takt-hal/tests/edge.rs::a_gap_in_seq_breaks_the_contract; crates/takt-hal/tests/edge.rs::timestamps_may_repeat_but_not_fall; crates/takt-hal/tests/edge.rs::more_than_maxpt_elements_break_the_contract; crates/takt-hal/tests/edge.rs::bad_with_a_value_is_a_contract_violation; crates/takt-hal/tests/edge.rs::the_age_of_a_value_is_monotonic; crates/takt-conformance/tests/driver_edge.rs::a_degraded_driver_takes_all_its_inputs_down
RAND-3,Regel/Prüfung,12.6,Werte innerhalb deklarierter Ranges (3.5),,M4/M5 (Runtime),fertig,,crates/takt-hal/tests/edge.rs::a_value_outside_the_range_is_bad; crates/takt-sema/tests/semantics.rs::the_driver_edge_enforces_declared_channel_ranges; corpus-try/sim/12_6/program.takt
RAND-4,Regel/Prüfung,12.6,`max_slew` (3.5),,M4/M5 (Runtime),fertig,,crates/takt-hal/tests/edge.rs::a_value_beyond_max_slew_is_implausible; crates/takt-hal/tests/edge.rs::debounce_holds_three_deliveries_then_gives_up; corpus-try/sim/12_6/program.takt
RAND-5,Regel/Prüfung,12.6,Record-Streams: `decode` erfolgreich (8.6),,M10 (aus M5),fertig,"M10 Schritt 29 (Rand in allen Runtimes, FB-285), 11c (`takt driver-test --crate`) und Schritt 34 (FB-361, 2026-10-02): die Zaehler je Ring in beiden C-Rahmen, die Zeile `stream` im Vergleich, `.malformed`, `.overflowed` und der Ring-Anteil von `.dropped` im Codegen (`the_counters_of_a_stream_are_the_interpreters`); Board-Korpus auf dem Wirt (88) und auf beiden Boards ohne Abweichung",crates/takt-hal/tests/edge.rs::a_malformed_element_is_counted; crates/takt-conformance/tests/streams.rs::the_counters_of_a_stream_are_the_interpreters; crates/takt-conformance/tests/driver_edge.rs::every_contract_violation_shows_in_the_golden_trace
RAND-6,Regel/Prüfung,12.6,"Output-Seite: Schreibvorgang bestätigt, Heartbeat zum Gerät intakt, Sendepuffer vom Treiber nicht überfahren (`free[o] <= capacity`)",,M10 (aus M5),fertig,"M10 Schritt 29 (Rand in allen Runtimes, FB-285) und 11c (`takt driver-test --crate`, 2026-10-02): auf beiden Boards und auf dem Wirt (`host_board.rs`) ohne Abweichung vom Interpreter",crates/takt-hal/tests/edge.rs::an_unconfirmed_write_faults_the_owner; crates/takt-hal/tests/edge.rs::a_silent_heartbeat_faults_the_owner; crates/takt-hal/tests/edge.rs::an_overrun_send_buffer_faults_the_owner; crates/takt-conformance/tests/host_board.rs::the_driver_edge_judges_on_the_host_like_the_interpreter
RAND-7,Regel/Prüfung,12.6,Tick-Periode innerhalb `tick_tolerance` für die konfigurierte Zahl aufeinanderfolgender Ticks (7.1),,M10 (aus M5),fertig,"M10 Schritt 29 (Rand in allen Runtimes, FB-285) und 11c (`takt driver-test --crate`, 2026-10-02): auf beiden Boards und auf dem Wirt (`host_board.rs`) ohne Abweichung vom Interpreter",crates/takt-hal/tests/edge.rs::the_tick_period_faults_only_after_n_runs; crates/takt-rt-core/tests/period.rs::a_period_off_for_n_ticks_is_a_hardware_fault; crates/takt-conformance/tests/board_stm32f401.rs::a_stretched_tick_is_runtime_hardware
PROFIL-linux_rt,Profil/Eintrag,12.8,linux_rt,,M4 (Codegen),fertig,,crates/takt-rt-linux/tests/profile.rs::the_guarantee_goes_into_the_run_header; crates/takt-rt-linux/tests/profile.rs::the_tick_loop_runs_on_the_real_clock; crates/takt-rt-linux/tests/profile.rs::an_overdue_deadline_is_counted_not_awaited; crates/takt-sema/tests/sys_channels.rs::the_target_is_one_of_the_three_profiles
PROFIL-baremetal,Profil/Eintrag,12.8,baremetal,,M10 (aus M5),teilweise,"Tick, Journal und Schlaf auf dem ESP32-C6 (plan/esp32c6.md); Watchdog auf beiden Boards (M10 Schritt 8), Eingaenge ueber `takt_in_*`, Jobs im eigenen Faden (Schritt 7), Speicherschutz (Schritt 18); Inventur 2026-10-04: Boardtests nur mit Board (ignored)",crates/takt-conformance/tests/board_stm32f401.rs::the_board_agrees_with_the_interpreter; crates/takt-conformance/tests/board_esp32c6.rs::the_board_agrees_with_the_interpreter; crates/takt-conformance/tests/board_esp32c6.rs::an_idle_state_sleeps_in_virtual_ticks; crates/takt-conformance/tests/board_esp32c6.rs::persistence_survives_a_reset; crates/takt-conformance/tests/board_stm32f401.rs::a_missed_kick_begins_the_next_run_after_the_watchdog; crates/takt-conformance/tests/board_stm32f401.rs::the_mpu_turns_a_write_of_the_tcb_into_runtime_hardware; crates/takt-conformance/tests/board_stm32f401.rs::a_tune_from_the_console_wakes_the_board
PROFIL-shared,Profil/Eintrag,12.8,shared,,M10 (aus M6),teilweise,"M10 Schritt 16: `takt-rt-rtos` (Benachrichtigung je Tickgrenze, logische Zeit), Bindung RTIC 2 auf dem F401 mit Funk-ISR, Treiber-Aufgabe und Job-Aufgabe; Korpus 81/81 unter Last, Jitter 30 us bei 1 ms. Messung bei aktivem Funk: zweite Bindung, Nachzug (m10.md 2.14); Inventur 2026-10-04: RTIC-Bindung belegt; Jitter bei aktivem Funk nicht gemessen (Zeile: Nachzug), Interrupt- und Pollform (12.11) ohne Test",crates/takt-rt-rtos/src/lib.rs::the_task_runs_one_tick_per_reported_boundary; crates/takt-rt-rtos/src/lib.rs::a_sleeping_task_still_kicks_the_watchdog_at_every_boundary; crates/takt-conformance/tests/board_stm32f401.rs::the_board_agrees_with_the_interpreter_under_rtos; crates/takt-conformance/tests/board_stm32f401.rs::the_rtos_task_starts_within_tens_of_microseconds; crates/takt-sema/tests/sys_channels.rs::the_target_is_one_of_the_three_profiles; crates/takt-rt-core/tests/wake.rs::service_names_every_boundary_while_the_program_polls
FAULT-CheckFailed,Fault-Art,5.3,CheckFailed,,M1 (Kernsemantik),fertig,,crates/takt-sema/tests/semantics.rs::check_failure_goes_to_the_fault_target_in_the_same_tick; crates/takt-sema/tests/semantics.rs::confirmation_time_delays_the_check
FAULT-Expect,Fault-Art,5.3,Expect,,M1 (Kernsemantik),fertig,,crates/takt-sema/tests/semantics.rs::an_assignment_after_a_failed_expect_is_not_committed; crates/takt-mir/tests/desugar.rs::expect_checks_once_via_flag; corpus-try/sim/14_8/fallback.golden.trace
FAULT-Timeout,Fault-Art,5.3,Timeout,,M1 (Kernsemantik),fertig,,corpus-try/sim/14_1/timeout.golden.trace; crates/takt-sema/tests/golden_sim.rs::golden_traces_match; crates/takt-mir/tests/desugar.rs::until_timeout_goto_and_else
FAULT-SensorFault,Fault-Art,5.3,SensorFault,,M1 (Kernsemantik),fertig,,crates/takt-sema/tests/semantics.rs::invalid_input_is_a_sensor_fault_unless_dominated; corpus-try/sim/14_1/sensor.golden.trace
FAULT-MissingValue,Fault-Art,5.3,MissingValue,,M1 (Kernsemantik),fertig,,crates/takt-interp/tests/values.rs::checked_nodes_fault_by_kind
FAULT-ArithmeticFault_Overflow_DivZero_NonFinite_Domain_Singular,Fault-Art,5.3,ArithmeticFault(Overflow | DivZero | NonFinite | Domain | Singular),,M10 (aus M1),fertig,"jede Art im Interpreter (`values.rs`, `every_fault_kind_of_the_corpus_arrives_at_its_tick`, `matrices.rs`) und nativ ueber Korpus 75, 77, 87, 98 und 103 im Differential und auf beiden Boards; `compare` vergleicht die Art je Tick (FB-330), `last_fault` im erzeugten Code (FB-340)",crates/takt-interp/tests/values.rs::integer_arithmetic_is_total; crates/takt-interp/tests/values.rs::float_arithmetic_has_no_nan_or_inf; crates/takt-sema/tests/semantics.rs::every_fault_kind_of_the_corpus_arrives_at_its_tick; crates/takt-conformance/tests/nonfinite_chains.rs::an_overflow_mid_chain_faults_at_the_end_of_the_chain
FAULT-RangeFault,Fault-Art,5.3,RangeFault,,M1 (Kernsemantik),fertig,,crates/takt-sema/tests/range_boundaries.rs::a_field_outside_its_range_faults; crates/takt-interp/tests/values.rs::casts_are_range_checked
FAULT-StreamOverflow,Fault-Art,5.3,StreamOverflow,,M1 (Kernsemantik),fertig,,crates/takt-sema/tests/handlers.rs::a_full_internal_stream_faults_its_writer; crates/takt-conformance/tests/streams.rs::a_reader_that_falls_behind_overflows_the_ring
FAULT-TimingFault,Fault-Art,5.3,TimingFault,,M10 (aus M1),fertig,"Interpreter `every_fault_kind_of_the_corpus_arrives_at_its_tick` (`at now`), nativ Korpus 87 im Differential und auf den Boards; `guard` aus der Konfiguration auf beiden Boards (`a_schedule_inside_the_guard_is_a_timing_fault`, FB-331)",crates/takt-sema/tests/semantics.rs::every_fault_kind_of_the_corpus_arrives_at_its_tick; crates/takt-conformance/tests/board_stm32f401.rs::a_schedule_inside_the_guard_is_a_timing_fault; crates/takt-conformance/tests/board_esp32c6.rs::a_schedule_inside_the_guard_is_a_timing_fault
FAULT-ScheduleOverflow,Fault-Art,5.3,ScheduleOverflow,,M10 (aus M1),fertig,,crates/takt-sema/tests/semantics.rs::every_fault_kind_of_the_corpus_arrives_at_its_tick; crates/takt-conformance/tests/differential.rs::the_interpreter_and_the_generated_code_agree
FAULT-Abort,Fault-Art,5.3,Abort,,M1 (Kernsemantik),fertig,,crates/takt-sema/tests/semantics.rs::abort_reaches_every_machine_in_the_same_tick; crates/takt-sema/tests/semantics.rs::abort_is_idempotent_until_a_normal_transition; crates/takt-conformance/tests/differential.rs::faults_from_outside_arrive_alike
FAULT-Runtime_Overrun_Driver_Watchdog_Hardware_Node,Fault-Art,5.3,Runtime(Overrun | Driver | Watchdog | Hardware | Node),,M10 (aus M1),fertig,"Zustellung und Aufzeichnung seit FB-332; auf beiden Boards erhebt die Schleife `Overrun`, der Treiberrand `Driver` (M10 Schritt 29c) und `Hardware` Tick-Toleranz (29c) und MPU (Schritt 18). `Watchdog` entfaellt (FB-324), `Node` ist v2",crates/takt-conformance/tests/differential.rs::faults_from_outside_arrive_alike; crates/takt-rt-core/tests/loop.rs::an_overrun_faults_in_the_following_tick; crates/takt-conformance/tests/board_stm32f401.rs::a_stretched_tick_is_runtime_hardware; crates/takt-hal/tests/edge.rs::an_unconfirmed_write_faults_the_owner
FAULT-Node,Fault-Art,5.3,Node,,M9 (v2),offen,,""
QUAL-Good,Qualität,3.5,Good,,M1 (Kernsemantik),fertig,,crates/takt-sema/tests/semantics.rs::a_fresh_sample_is_read_with_age_zero; crates/takt-hal/tests/edge.rs::a_value_within_max_slew_stays_good; crates/takt-sema/tests/semantics.rs::the_driver_edge_enforces_declared_channel_ranges
QUAL-Suspect,Qualität,3.5,Suspect,,M1 (Kernsemantik),fertig,,crates/takt-hal/tests/edge.rs::debounce_holds_three_deliveries_then_gives_up; crates/takt-sema/tests/semantics.rs::a_suspect_sample_also_becomes_stale; corpus-try/sim/12_6/slew.golden.trace
QUAL-Stale,Qualität,3.5,Stale,,M1 (Kernsemantik),fertig,,crates/takt-sema/tests/semantics.rs::a_fresh_sample_is_read_with_age_zero; crates/takt-sema/tests/semantics.rs::max_age_defaults_to_twice_the_fastest_reader_period; crates/takt-sema/tests/semantics.rs::a_suspect_sample_also_becomes_stale
QUAL-Bad,Qualität,3.5,Bad,,M1 (Kernsemantik),fertig,,crates/takt-sema/tests/semantics.rs::the_driver_edge_enforces_declared_channel_ranges; crates/takt-hal/tests/edge.rs::a_value_outside_the_range_is_bad; crates/takt-hal/tests/edge.rs::a_value_beyond_max_slew_is_implausible
LIB-clamp,Standardbibliothek,11.4,fn clamp[U],,M6 (stdlib),fertig,,crates/takt-sema/tests/analysis.rs::clamp_bounds_its_result; corpus-try/sim/14_3/program.takt; corpus-try/86_units.takt
LIB-map_range,Standardbibliothek,11.4,"fn map_range[U, V]",,M6 (stdlib),fertig,,crates/takt-sema/tests/golden_sim.rs::golden_traces_match; corpus-try/sim/11_4/program.takt; corpus-try/86_units.takt
LIB-interp,Standardbibliothek,11.4,"fn interp[U, V]",,M6 (stdlib),fertig,,crates/takt-interp/tests/values.rs::interp_is_piecewise_linear_and_clamped; crates/takt-llvm/tests/machines.rs::interp_clamps_at_both_ends; crates/takt-llvm/tests/machines.rs::interp_keeps_the_operation_order_of_the_interpreter
LIB-lowpass,Standardbibliothek,11.4,block lowpass[U],,M6 (stdlib),fertig,,crates/takt-sema/tests/stdlib.rs::a_decaying_lowpass_stops_at_zero_before_the_subnormals; corpus-try/86_units.takt
LIB-hysteresis,Standardbibliothek,11.4,block hysteresis[U],,M6 (stdlib),fertig,,crates/takt-sema/tests/stdlib.rs::a_user_name_does_not_collide_with_library_parameters; corpus-try/sim/11_4/program.takt; corpus-try/86_units.takt
LIB-debounce,Standardbibliothek,11.4,block debounce,,M6 (stdlib),teilweise,"Inventur 2026-10-04: nur im Interpreter (Golden 11_4), kein Programm im Differential; gleiche Luecke wie die Bloecke in FB-400",crates/takt-sema/tests/golden_sim.rs::golden_traces_match; corpus-try/sim/11_4/program.takt
LIB-rising,Standardbibliothek,11.4,block rising,,M6 (stdlib),fertig,,crates/takt-sema/tests/blocks.rs::an_anonymous_instance_detects_each_rising_edge_once; crates/takt-sema/tests/blocks.rs::the_anonymous_and_the_named_form_produce_the_same_trace; corpus-try/sim/14_7/program.takt
LIB-integrate,Standardbibliothek,11.4,block integrate[U],,M6 (stdlib),fertig,,crates/takt-sema/tests/blocks.rs::integrate_accumulates_and_saturates; corpus-try/86_units.takt
LIB-rate,Standardbibliothek,11.4,block rate[U],,M6 (stdlib),fertig,,crates/takt-sema/tests/golden_sim.rs::golden_traces_match; corpus-try/sim/11_4/program.takt; corpus-try/86_units.takt
LIB-window_min,Standardbibliothek,11.4,"block window_min[U, const N]",,M6 (stdlib),teilweise,"Inventur 2026-10-04: FB-400 offen: nur im Interpreter (Golden 11_4), kein Programm im Differential oder Codegen-Lauf",crates/takt-sema/tests/golden_sim.rs::golden_traces_match; corpus-try/sim/11_4/program.takt
LIB-rate_limiter,Standardbibliothek,11.4,block rate_limiter[U],,M6 (stdlib),fertig,,crates/takt-sema/tests/golden_sim.rs::golden_traces_match; corpus-try/sim/11_4/program.takt; corpus-try/86_units.takt
LIB-pid,Standardbibliothek,11.4,"block pid[O, E]",,M6 (stdlib),fertig,,crates/takt-sema/tests/stdlib.rs::the_library_uses_its_own_helpers; corpus-try/86_units.takt
LIB-stopwatch,Standardbibliothek,11.4,block stopwatch,,M6 (stdlib),teilweise,"Inventur 2026-10-04: FB-400 offen: nur im Interpreter (Golden 11_4), kein Programm im Differential oder Codegen-Lauf",crates/takt-sema/tests/golden_sim.rs::golden_traces_match; corpus-try/sim/11_4/program.takt
LIB-pulse_counter,Standardbibliothek,11.4,block pulse_counter,,M6 (stdlib),teilweise,"Inventur 2026-10-04: FB-400 offen: nur im Interpreter (Golden 11_4), kein Programm im Differential oder Codegen-Lauf",crates/takt-sema/tests/golden_sim.rs::golden_traces_match; corpus-try/sim/11_4/program.takt
LIB-cross_check,Standardbibliothek,11.4,block cross_check[U],,M6 (stdlib),teilweise,"Inventur 2026-10-04: FB-400 offen: nur im Interpreter (Golden 11_4), kein Programm im Differential oder Codegen-Lauf",crates/takt-sema/tests/golden_sim.rs::golden_traces_match; corpus-try/sim/11_4/program.takt
LIB-vote2oo3,Standardbibliothek,11.4,block vote2oo3[U],,M6 (stdlib),fertig,,crates/takt-sema/tests/golden_sim.rs::golden_traces_match; corpus-try/sim/11_4/program.takt; corpus-try/86_units.takt
LIB-hold_last,Standardbibliothek,11.4,block hold_last[U],,M6 (stdlib),teilweise,"Inventur 2026-10-04: FB-400 offen: nur im Interpreter (Golden 11_4), kein Programm im Differential oder Codegen-Lauf",crates/takt-sema/tests/golden_sim.rs::golden_traces_match; corpus-try/sim/11_4/program.takt
LIB-reader,Standardbibliothek,11.4,block reader[const N],,M6 (stdlib),teilweise,"Inventur 2026-10-04: FB-400 offen: nur im Interpreter (Golden 11_4), kein Programm im Differential oder Codegen-Lauf",crates/takt-sema/tests/golden_sim.rs::golden_traces_match; corpus-try/sim/11_4/program.takt
LIB-writer,Standardbibliothek,11.4,block writer[const N],,M6 (stdlib),teilweise,"Inventur 2026-10-04: FB-400 offen: nur im Interpreter (Golden 11_4), kein Programm im Differential oder Codegen-Lauf",crates/takt-sema/tests/stdlib.rs::a_writer_starts_over_after_reset; crates/takt-sema/tests/golden_sim.rs::golden_traces_match; corpus-try/sim/11_4/program.takt
LIB-pid_i,Standardbibliothek,11.4,"block pid_i[O, E] / lowpass_i[U]",,M6 (stdlib),fertig,,crates/takt-sema/tests/stdlib.rs::an_integer_pid_clamps_at_its_limits; crates/takt-sema/tests/stdlib.rs::an_integer_lowpass_settles_exactly; corpus-try/36_int_units.takt
LIB-qp_box,Standardbibliothek,11.4,block qp_box[const N in 1..16],v1.2,M8 (QP),fertig,"M8 Schritt 21: projizierter Gradient in Takt im Prelude, nicht als Native — damit sind Interpreter und Codegen per Konstruktion einig (Satz 9.4.4) und die TCB wächst nicht. Schrittweite 1/||H||_inf (Gerschgorin), `iters` vor der statischen Schranke MAX_QP_ITERS. Korpus `69_qp_box.takt`, Differential grün, `qp_box_solves_a_two_by_two_problem`",crates/takt-conformance/tests/differential.rs::qp_box_solves_a_two_by_two_problem; corpus-try/69_qp_box.takt
LIB-sha256_init,Standardbibliothek,11.4,native fn sha256 / hmac_sha256 / sha256_init / sha256_update / sha256_final,,M6 (stdlib),fertig,,crates/takt-sema/tests/natives.rs::the_chunked_digest_equals_the_one_shot; crates/takt-native/tests/sha256.rs::the_cut_does_not_change_the_digest; crates/takt-native/tests/vectors.rs::every_vector_holds
LIB-ecdsa_p256_verify,Standardbibliothek,11.4,native job ecdsa_p256_verify / rsa3072_verify / aes_gcm_decrypt        Jobs mit duration,,M10 (aus M6),fertig,"alle drei in `takt-crypto` hinter je einem Feature (`ecdsa` p256 0.13, `rsa` crypto-bigint 0.5 mit RSASSA-PSS, `aes-gcm` aes-gcm 0.10), nur als `native job`; Vektoren in `grammar/takt-native.md`, bitgleich auf Wirt, F401 und C6, Stack am Einstieg gemessen (M10 Schritt 21)",crates/takt-sema/tests/natives.rs::the_signature_job_verifies_through_takt_crypto; crates/takt-sema/tests/natives.rs::the_rsa_job_verifies_through_takt_crypto; crates/takt-sema/tests/natives.rs::the_aes_job_decrypts_or_fails; crates/takt-crypto/tests/vectors.rs::every_vector_holds
LIB-flash_model,Standardbibliothek,11.4,machine flash_model,,M6 (stdlib),fertig,,crates/takt-sema/tests/flash_model.rs::erase_program_and_read_back; crates/takt-sema/tests/flash_model.rs::a_cut_leaves_the_sector_erased_and_reports_an_error; crates/takt-sema/tests/journal_campaign.rs::every_cut_leaves_the_old_or_the_new_entry
LIB-solve,Standardbibliothek,11.4,fn solve,,M6 (stdlib),fertig,"`solve(A, b)` als eingebauter Aufruf (`lower/matrix.rs`), Methoden in `mat_member`",crates/takt-sema/tests/matrices.rs::a_kalman_step_computes_through_the_library; crates/takt-sema/tests/matrices.rs::large_matrices_get_a_lint_and_singular_ones_fault; crates/libtaktm/tests/mat.rs::solve_agrees_with_the_inverse_and_singular_is_an_error
LIB-fma,Standardbibliothek,11.4,"fn fma[U, V]",,M4 (libtaktm),fertig,,crates/libtaktm/tests/vectors.rs::every_vector_holds; crates/takt-sema/tests/analysis.rs::every_math_function_is_curated_and_compiles; corpus-try/77_float_faults.takt
LIB-sin_fast,Standardbibliothek,11.4,"fn sin_fast / cos_fast / exp_fast / atan2_fast      deterministische Naeherungen mit dokumentierter Fehlerschranke ueber ihren Parameterbereich, absolut, bei exp_fast relativ",,M10 (aus M6),fertig,,crates/takt-sema/tests/fast_math.rs::sin_fast_and_cos_fast_keep_their_bounds; crates/takt-sema/tests/fast_math.rs::exp_fast_keeps_its_relative_bound; crates/takt-sema/tests/fast_math.rs::atan2_fast_keeps_its_bound; corpus-try/97_fast_math.takt
CLI-tcb,Werkzeug,11.1,takt tcb review,v1.2,M8 (Review),fertig,"M8 Schritt 22: schreibt eine Zeile in `natives.review`. Das Datum steht im Aufruf und kommt nicht aus der Systemuhr — ein Werkzeug, das dieselbe Eingabe zweimal verschieden beantwortet, passt nicht zu reproduzierbaren Builds (11.3)",crates/takt-cli/tests/tcb.rs::a_review_line_lets_the_check_pass; crates/takt-cli/tests/tcb.rs::a_changed_source_needs_a_new_review
CLI-check,Werkzeug,11.1,takt check,,M0-M3,fertig,,crates/takt-cli/tests/stages.rs::check_fails_on_a_broken_file; crates/takt-cli/tests/stages.rs::every_stage_accepts_a_corpus_file
CLI-sim,Werkzeug,11.1,takt sim,,M1/M2 (Interpreter),fertig,,crates/takt-cli/tests/stages.rs::sim_runs_for_the_requested_ticks
CLI-run,Werkzeug,11.1,takt run,,M4 (Codegen),fertig,,crates/takt-cli/tests/verify_trace_cmd.rs::the_recorded_chain_matches_the_trace_and_catches_a_change; crates/takt-cli/tests/machine_replay_cmd.rs::the_slice_of_a_machine_replays_alone_against_the_golden
CLI-replay,Werkzeug,11.1,takt replay,,M4 (Codegen),fertig,"Maschinen-Replay `--machine M [--extract]` (12.5, A2a) seit M6 Schritt 13",crates/takt-cli/tests/machine_replay_cmd.rs::the_slice_of_a_machine_replays_alone_against_the_golden; crates/takt-cli/tests/campaign_cmd.rs::every_run_lands_in_the_table_and_replays_from_its_recording; crates/takt-sema/tests/record.rs::replaying_a_recording_reproduces_the_run
CLI-timing,Werkzeug,11.1,takt timing,,M5 (Embedded),teilweise,"die vier Kennzahlen aus den `time`-Zeilen einer Aufzeichnung (7.3, plan/esp32c6.md 6.1); Inventur 2026-10-04: kein Test ruft `takt timing`; die vier Kennzahlen rechnet die CLI selbst (main.rs), ungeprueft",crates/takt-interp/tests/trace_roundtrip.rs::a_time_line_reads_back; crates/takt-rt-core/src/overrun.rs::lost_periods_count_the_growth_of_the_lag_only
CLI-verify-trace,Werkzeug,11.1,takt verify-trace,,M6 (v1.1),fertig,"Hashkette h_k = H(h_{k-1} ‖ Zeilen des Ticks k) im Kopf der Aufzeichnung (`#! kette`), T6 in grammar/trace.md (A3)",crates/takt-cli/tests/verify_trace_cmd.rs::the_recorded_chain_matches_the_trace_and_catches_a_change; crates/takt-sema/tests/trace_chain.rs::a_sealed_recording_verifies_its_trace_and_rejects_another
CLI-test,Werkzeug,11.1,takt test,,M6 (v1.1),teilweise,`--out DIR` schreibt je Szenario `NAME.trace` (FB-190); Inventur 2026-10-04: `--out DIR` ohne Test,crates/takt-cli/tests/test_cmd.rs::every_scenario_runs_and_the_coverage_lands_in_a_file; crates/takt-cli/tests/test_cmd.rs::a_single_scenario_can_be_chosen; crates/takt-conformance/tests/scenarios.rs::every_scenario_runs_natively_like_takt_test; crates/takt-cli/tests/test_cmd.rs::an_inconclusive_scenario_fails_the_run
CLI-campaign,Werkzeug,11.1,takt campaign,,M6 (v1.1),fertig,,crates/takt-cli/tests/campaign_cmd.rs::every_run_lands_in_the_table_and_replays_from_its_recording; crates/takt-cli/tests/campaign_cmd.rs::stop_on_fail_ends_the_campaign_after_the_first_failure
CLI-driver-test,Werkzeug,11.1,takt driver-test,,M10 (aus M5),fertig,"Treiber in Takt gegen ihr Geraetemodell (11a), Messung ueber die Bruecke auf beiden Boards (11b), Treiber-Crates in Rust auf dem Wirt (11c, 2026-10-02) mit den Zeilen 1, 2, 5, 6 und 7 im Bericht (Schritt 34); seit M11 Schritt 5 ueber die Geraete des Crates und seine Verdrahtung `takt-drivers.toml`",crates/takt-cli/tests/driver_test_cmd.rs::the_uart_driver_passes_with_every_reaction_triggered; crates/takt-cli/tests/driver_test_cmd.rs::a_driver_crate_is_judged_by_the_edge_on_the_host; crates/takt-cli/tests/driver_test_cmd.rs::a_reaction_without_a_scenario_fails_the_driver; crates/takt-board-support/src/wire.rs::a_closed_loop_reports_guard_spread_and_read_time
CLI-prove,Werkzeug,11.1,takt prove,,M6 (v1.1),teilweise,"`--export DATEI.smt2 --depth k`, sonst Solver (`--solver`, `TAKT_SOLVER`, `z3`/`cvc5`): Eigenschaften bewiesen/verletzt/unbewiesen, Pruefstellen bewiesen unerreichbar/erreichbar mit Pfad/unentschieden, Gegenbeispiele als Stimulus im Interpreter bestaetigt (`takt-prove/src/solve.rs`); gemessen 2026-10-03: 38 von 106 Korpusprogrammen als Gesamtmodell kodierbar, Zeitoperatoren nicht kodiert, Inputs als gueltig angenommen (FB-372 bis FB-375); M11 Schritte 26, 27",""
CLI-fmt,Werkzeug,11.1,takt fmt,,M0,fertig,,crates/takt-cli/tests/stages.rs::fmt_check_reports_canonical_form; crates/takt-syntax/tests/format_canonical.rs::corpus_is_canonical; crates/takt-syntax/tests/format_roundtrip.rs::corpus_roundtrips
CLI-build,Werkzeug,11.1,takt build,,M5 (Embedded),fertig,"uebersetzt und assembliert je Ziel; bindet nicht — Startcode und Speicherkarte gehoeren zum Board (`--emit ir|obj|consts|consts-rs`); `--prefix P` benennt die externen Symbole (12.11, M11 Schritt 4)",crates/takt-conformance/tests/cli_build.rs::every_target_builds_from_the_command_line; crates/takt-conformance/tests/cli_build.rs::emitting_ir_carries_the_target_triple; crates/takt-conformance/tests/cli_build.rs::the_prefix_comes_from_the_file_name_or_the_option
CLI-size,Werkzeug,11.1,takt size,,M3 (Gate),fertig,"`--baseline DATEI` vergleicht die Posten mit einer gespeicherten Rechnung (RAM/Flash gewachsen = Fehler), `--save-baseline DATEI` schreibt sie (D1, Schritt 26)",crates/takt-cli/tests/stages.rs::size_lists_its_items_with_origin; crates/takt-cli/tests/stages.rs::size_compares_with_a_baseline
CLI-cost,Werkzeug,11.1,takt cost,,M3 (Gate),fertig,Operationsvektoren je Maschine und Zustand (9.4.3),crates/takt-sema/tests/analysis.rs::the_cost_report_says_what_it_cannot_tell; crates/takt-sema/tests/analysis.rs::the_budget_takes_the_peak_per_class_not_per_state
CLI-latency,Werkzeug,11.1,takt latency,,M3 (Gate),fertig,,crates/takt-cli/tests/stages.rs::latency_reports_ticks_and_its_caveat; crates/takt-mir/tests/latency.rs::the_sample_program_has_a_bound
CLI-graph,Werkzeug,11.1,takt graph,,M4 (Codegen),fertig,,crates/takt-mir/tests/graph.rs::the_text_names_every_machine_that_runs; crates/takt-mir/tests/graph.rs::every_output_has_exactly_one_writer
CLI-bench,Werkzeug,11.1,takt bench,,M10 (aus M5),fertig,"kalibriert 2026-10-06 zum Kostenmodell 2 auf beiden Boards ueber das Messprogramm als Baustein (M11 Schritt 12, `corpus-try/hw/*.hw` und Berichte): C6 ohne Streckung, F401 1,046 in drei Lagen (FB-367); `T_IO` mit dem Commit (FB-450); Rahmen ohne Outliner (FB-366); `takt bench --emit embed` (Bibliothek fuer jeden Wirt), `--import` (Tabelle und Bericht aus den Protokollen), `--board` (ein Abbild je Lage); auf dem Wirt in `examples/rust-host`; M11 Schritt 13 (2026-10-07): `--load LOG…` fuer die Laeufe des Lastkerns, unter `--logs` als `load-N.log`",examples/rust-host/tests/bench.rs::the_bench_runs_on_the_host_and_imports; crates/takt-conformance/src/bench.rs::an_import_recovers_the_table_it_was_measured_with; crates/takt-conformance/src/bench/log.rs::two_placements_merge_to_the_worse; crates/takt-conformance/src/bench.rs::a_weight_is_the_time_per_operation_difference
CLI-tune,Werkzeug,11.1,takt tune,,M6 (v1.1),teilweise,Inventur 2026-10-04: kein Test ruft `takt tune --save` (Profilblock aus dem letzten Satz),crates/takt-sema/tests/tunables.rs::a_tune_line_holds_from_its_tick_on; crates/takt-rt-linux/tests/tunables.rs::a_tick_delivers_its_set_in_order; examples/rust-host/tests/frame.rs::tunables_reach_the_program_through_the_loop
CLI-migrate,Werkzeug,11.1,takt migrate,,M7 (Werkzeuge),offen,,""
CLI-import-c,Werkzeug,11.1,takt import-c,,M7 (Werkzeuge),offen,,""
CLI-mir,Werkzeug,11.1,takt mir,,M0,fertig,,crates/takt-cli/tests/stages.rs::mir_hash_is_stable; crates/takt-cli/tests/stages.rs::every_stage_accepts_a_corpus_file
CLI-parse,Werkzeug,11.1,takt parse,,M0,fertig,,crates/takt-cli/tests/stages.rs::every_stage_accepts_a_corpus_file; crates/takt-syntax/tests/sexpr_golden.rs::corpus_trees_match_golden_files
CLI-tokens,Werkzeug,11.1,takt tokens,,M0,fertig,,crates/takt-cli/tests/stages.rs::every_stage_accepts_a_corpus_file; crates/takt-syntax/tests/corpus.rs::corpus_tokenizes; crates/takt-syntax/tests/vectors.rs::all_vectors_pass
EX-14.1,Beispiel (Golden-Test),14.1,Zündablauf eines Triebwerksprüfstands mit Interlocks,,M4 (Codegen),fertig,,crates/takt-sema/tests/golden_sim.rs::golden_traces_match; corpus-try/sim/14_1/program.takt; crates/takt-conformance/tests/examples.rs::the_reference_examples_agree_on_both_paths; crates/takt-prove/tests/against_interpreter.rs::the_hotfire_example_agrees_over_its_scenarios
EX-14.2,Beispiel (Golden-Test),14.2,Batterie-Thermozyklus mit Profil und Plant-Modell,,M4 (Codegen),fertig,,crates/takt-sema/tests/golden_sim.rs::golden_traces_match; corpus-try/sim/14_2/program.takt; crates/takt-conformance/tests/examples.rs::the_reference_examples_agree_on_both_paths
EX-14.3,Beispiel (Golden-Test),14.3,Parametrisierte Maschine mit Instanzen (Ventilregler mit Rückmeldung),,M4 (Codegen),fertig,,crates/takt-sema/tests/golden_sim.rs::golden_traces_match; corpus-try/sim/14_3/program.takt; crates/takt-conformance/tests/examples.rs::the_reference_examples_agree_on_both_paths
EX-14.4,Beispiel (Golden-Test),14.4,Funktionen und Blöcke (Standardbibliothek-Stil),,M4 (Codegen),fertig,,crates/takt-sema/tests/golden_sim.rs::golden_traces_match; corpus-try/sim/14_4/program.takt; crates/takt-conformance/tests/examples.rs::the_reference_examples_agree_on_both_paths
EX-14.5,Beispiel (Golden-Test),14.5,Überwachung eines Thermoelement-Feldes,,M4 (Codegen),fertig,,crates/takt-sema/tests/golden_sim.rs::golden_traces_match; corpus-try/sim/14_5/program.takt; crates/takt-conformance/tests/examples.rs::the_reference_examples_agree_on_both_paths
EX-14.6,Beispiel (Golden-Test),14.6,"Versorgungsunterbrechung mit Live-Log-Auswertung (Streams, Muster, geplante Ausgaben, Verdikte)",,M4 (Codegen),teilweise,"Inventur 2026-10-04: FB-401 offen: das Programm der Referenz uebersetzt nicht (Zeile 76, SC-3), die Kopie in corpus-try/sim ist still repariert",crates/takt-sema/tests/golden_sim.rs::golden_traces_match; corpus-try/sim/14_6/program.takt; crates/takt-conformance/tests/examples.rs::the_reference_examples_agree_on_both_paths
EX-14.7,Beispiel (Golden-Test),14.7,"Batteriemanagement mit Selbsttests (MCU; Persistenz, Schlaf, Bit-Operationen, Tabellen)",,M10 (aus M5),fertig,"Board 2 = ESP32-C6, `sim`-AFE (M10 Schritt 23); Golden `charge`/`protect` im Interpreter, im Korpus beider Boards; letzter Beleg: AFE-Platine",crates/takt-sema/tests/golden_sim.rs::golden_traces_match; corpus-try/sim/14_7/program.takt; crates/takt-conformance/tests/examples.rs::the_reference_examples_agree_on_both_paths; crates/takt-conformance/tests/board_esp32c6.rs::the_battery_manager_of_14_7_runs_on_board_2
EX-14.8,Beispiel (Golden-Test),14.8,"Image-Auswahl und -Validierung beim Start (Startprogramm; Chunk-Hash, Job, Kommando + Status, Persistenz)",,M10 (aus M6),teilweise,"`corpus-try/sim/14_8/` mit drei Szenarien und Golden-Traces (M6 Schritt 17), nativ im Wirtsdifferential seit M10 Schritt 27; ein Startprogramm unter `baremetal`, das Profil `boot` entfaellt (2026-10-02); Inventur 2026-10-04: FB-401 offen (Referenz ruft Natives ohne Deklaration, Kopie repariert); FB-402 offen (Wirtsrahmen schreibt `keys_sim` nicht, Luecke in examples.rs)",crates/takt-sema/tests/golden_sim.rs::golden_traces_match; corpus-try/sim/14_8/program.takt; crates/takt-conformance/tests/examples.rs::the_reference_examples_agree_on_both_paths
PRINC-1,Leitentscheidung,0.2,Synchron-zyklische Multirate-Ausführung.,,Doku/Rationale,rationale,,""
PRINC-2,Leitentscheidung,0.2,Drei Konstruktebenen.,,Doku/Rationale,rationale,,""
PRINC-3,Leitentscheidung,0.2,"Hierarchische Zustände, Parallelität nur zwischen Maschinen.",,Doku/Rationale,rationale,,""
PRINC-4,Leitentscheidung,0.2,"Schwache Transitionen, starke Faults, Entry-Tick-Regel.",,Doku/Rationale,rationale,,""
PRINC-5,Leitentscheidung,0.2,Fault-Wald.,,Doku/Rationale,rationale,,""
PRINC-6,Leitentscheidung,0.2,Kommunikation zwischen Maschinen ausschließlich mit Unit-Delay.,,Doku/Rationale,rationale,,""
PRINC-7,Leitentscheidung,0.2,Zeit ist logisch und ganzzahlig.,,Doku/Rationale,rationale,,""
PRINC-8,Leitentscheidung,0.2,Totale Arithmetik.,,Doku/Rationale,rationale,,""
PRINC-9,Leitentscheidung,0.2,"Typsystem mit physikalischen Einheiten (nominal, explizite Konversion), affinen Temperaturen, Range-Typen (Intervallanalyse) und Qualitätsflags mit implizitem Validitäts-Check.",,Doku/Rationale,rationale,,""
PRINC-10,Leitentscheidung,0.2,Sequenzen sind Zucker,,Doku/Rationale,rationale,,""
PRINC-11,Leitentscheidung,0.2,Ereignisströme sind beschränkte FIFOs mit Konsumenten-Cursor.,,Doku/Rationale,rationale,,""
PRINC-12,Leitentscheidung,0.2,Muster sind typisierte reguläre Muster.,,Doku/Rationale,rationale,,""
PRINC-13,Leitentscheidung,0.2,Zeit unterhalb des Ticks kommt aus Zeitstempeln und geplanten Ausgaben.,,Doku/Rationale,rationale,,""
PRINC-14,Leitentscheidung,0.2,Beobachtung ist von Steuerung getrennt.,,Doku/Rationale,rationale,,""
PRINC-15,Leitentscheidung,0.2,Feldbetrieb ohne Sonderpfade.,,Doku/Rationale,rationale,,""
PRINC-16,Leitentscheidung,0.2,Abort wirkt im selben Tick für alle Maschinen.,,Doku/Rationale,rationale,,""
PRINC-17,Leitentscheidung,0.2,Der Treiberrand ist defensiv.,,Doku/Rationale,rationale,,""
PRINC-18,Leitentscheidung,0.2,Entschärfung ist immer explizit.,,Doku/Rationale,rationale,,""
PRINC-19,Leitentscheidung,0.2,Kosten sind typisiert.,,Doku/Rationale,rationale,,""
PRINC-20,Leitentscheidung,0.2,"Breite als Darstellung ist vom Compiler, Breite als Semantik vom Programm.",,Doku/Rationale,rationale,,""
PRINC-21,Leitentscheidung,0.2,Genauigkeit und Rundung sind deklarierte Eigenschaften.,,Doku/Rationale,rationale,,""
PRINC-22,Leitentscheidung,0.2,"Speicher kennt der Compiler, nicht der Entwickler.",,Doku/Rationale,rationale,,""
PRINC-23,Leitentscheidung,0.2,"Logik in Takt, Hardware und Kryptographie in der TCB.",,Doku/Rationale,rationale,,""
PRINC-24,Leitentscheidung,0.2,Die Sprache entwickelt sich nur mit Editionen weiter.,,Doku/Rationale,rationale,,""
DEC-Ausführungsmodell,Entscheidung,16,Ausführungsmodell → Multirate synchron,,Doku/Rationale,rationale,,""
DEC-Zustandsmaschinen,Entscheidung,16,"Zustandsmaschinen → hierarchisch, ohne AND/History",,Doku/Rationale,rationale,,""
DEC-Transitionssemantik,Entscheidung,16,Transitionssemantik → schwach + starke Faults + Entry-Tick-Regel,,Doku/Rationale,rationale,,""
DEC-Transitionspriorität,Entscheidung,16,Transitionspriorität → outer-first,,Doku/Rationale,rationale,,""
DEC-Fault-Behandlung,Entscheidung,16,Fault-Behandlung → Zustandsübergänge im Fault-Wald,,Doku/Rationale,rationale,,""
DEC-Kommunikation_zwischen_Maschinen,Entscheidung,16,Kommunikation zwischen Maschinen → Unit-Delay,,Doku/Rationale,rationale,,""
DEC-Output-Timing,Entscheidung,16,"Output-Timing → ASAP, boundary optional",,Doku/Rationale,rationale,,""
DEC-Zeit,Entscheidung,16,"Zeit → Integer-ns, Timer als Tick-Zähler",,Doku/Rationale,rationale,,""
DEC-Integer,Entscheidung,16,"Integer → i64, schmale Typen explizit",,Doku/Rationale,rationale,,""
DEC-Overflow,Entscheidung,16,Overflow → checked → Fault,,Doku/Rationale,rationale,,""
DEC-Float-Sondwerte,Entscheidung,16,Float-Sondwerte → Fault bei nicht-endlichem Ergebnis,,Doku/Rationale,rationale,,""
DEC-Cross-Target-Reproduzierbarkeit,Entscheidung,16,Cross-Target-Reproduzierbarkeit → eigene korrekt gerundete libm,,Doku/Rationale,rationale,,""
DEC-Einheiten,Entscheidung,16,"Einheiten → nominal, explizit `to()`",,Doku/Rationale,rationale,,""
DEC-Temperaturen,Entscheidung,16,Temperaturen → affin (Punkt/Vektor),,Doku/Rationale,rationale,,""
DEC-Ranges,Entscheidung,16,Ranges → Intervallanalyse mit impliziten Prüfungen + Warnung,,Doku/Rationale,rationale,,""
DEC-Sensorqualität,Entscheidung,16,Sensorqualität → impliziter `valid`-Check mit Dominanzanalyse,,Doku/Rationale,rationale,,""
DEC-Strings,Entscheidung,16,"Strings → feste Puffer, geprüfte Formatierung",,Doku/Rationale,rationale,,""
DEC-Zustandsbehaftete_Bausteine,Entscheidung,16,Zustandsbehaftete Bausteine → `block`,,Doku/Rationale,rationale,,""
DEC-Sequenzen,Entscheidung,16,Sequenzen → Zucker mit formalem Desugaring,,Doku/Rationale,rationale,,""
DEC-Profile,Entscheidung,16,"Profile → `param` + `profile`, ladezeitvalidiert",,Doku/Rationale,rationale,,""
DEC-Simulation,Entscheidung,16,"Simulation → Plant-Modelle als Maschinen, `sim`-Bindung",,Doku/Rationale,rationale,,""
DEC-Backend,Entscheidung,16,"Backend → AOT/LLVM, VM als spätere Option",,Doku/Rationale,rationale,,""
DEC-MCU-Strategie,Entscheidung,16,"MCU-Strategie → gleiche Sprache, `no_std`-Runtime",,Doku/Rationale,rationale,,""
DEC-Hot-Reload,Entscheidung,16,Hot-Reload → nur zwischen Läufen,,Doku/Rationale,rationale,,""
DEC-Einrückung,Entscheidung,16,"Einrückung → 4, Formatter-kanonisch",,Doku/Rationale,rationale,,""
DEC-Ereignisströme,Entscheidung,16,"Ereignisströme → FIFO + Cursor, „untersucht heißt konsumiert""",,Doku/Rationale,rationale,,""
DEC-Überlauf-Default,Entscheidung,16,"Überlauf-Default → fault (Input), `drop_oldest` opt-in",,Doku/Rationale,rationale,,""
DEC-Mustersprache,Entscheidung,16,Mustersprache → typisierte Muster → DFA,,Doku/Rationale,rationale,,""
DEC-Handler_im_Entry-Tick,Entscheidung,16,Handler im Entry-Tick → nicht ausführen,,Doku/Rationale,rationale,,""
DEC-`FAULTED`_und_Vorfahren-Blöcke,Entscheidung,16,`FAULTED` und Vorfahren-Blöcke → nicht ausführen,,Doku/Rationale,rationale,,""
DEC-Implizite_Prüfungen_in_Aktionsblöcken,Entscheidung,16,"Implizite Prüfungen in Aktionsblöcken → erlauben, mit Warnung",,Doku/Rationale,rationale,,""
DEC-Sub-Tick-Zeit,Entscheidung,16,Sub-Tick-Zeit → geplante Ausgaben (`at`) + Trigger in v1.2,,Doku/Rationale,rationale,,""
DEC-Geplante_Ausgaben_bei_Fault,Entscheidung,16,Geplante Ausgaben bei Fault → verwerfen,,Doku/Rationale,rationale,,""
DEC-Optionalwerte,Entscheidung,16,Optionalwerte → `T?` einheitlich; Channels sind `T?` mit Alter,,Doku/Rationale,rationale,,""
DEC-Fehlende_Nachricht_im_Test,Entscheidung,16,"Fehlende Nachricht im Test → `verify`/`verdict` als Beobachtung, `check`/`expect` als Fault",,Doku/Rationale,rationale,,""
DEC-Verdikt,Entscheidung,16,"Verdikt → FAIL > INCONCLUSIVE, PASS nur explizit",,Doku/Rationale,rationale,,""
DEC-Szenarien,Entscheidung,16,Szenarien → Maschinen,,Doku/Rationale,rationale,,""
DEC-Schlafen,Entscheidung,16,Schlafen → `idle`-Zustände,,Doku/Rationale,rationale,,""
DEC-Nicht-Wake-Streams_im_Schlaf,Entscheidung,16,Nicht-Wake-Streams im Schlaf → verwerfen mit Alert,,Doku/Rationale,rationale,,""
DEC-Persistenz,Entscheidung,16,Persistenz → `persist var`,,Doku/Rationale,rationale,,""
DEC-Ausgabestrom,Entscheidung,16,Ausgabestrom → Puffer mit `free`-Input,,Doku/Rationale,rationale,,""
DEC-Timer-Breite,Entscheidung,16,Timer-Breite → u64,,Doku/Rationale,rationale,,""
DEC-Notation_der_Semantik,Entscheidung,16,Notation der Semantik → ASCII,,Doku/Rationale,rationale,,""
DEC-Abort_bei_langsamen_Maschinen,Entscheidung,16,Abort bei langsamen Maschinen → Abort-Phase,,Doku/Rationale,rationale,,""
DEC-Werte_außerhalb_der_Channel-Range,Entscheidung,16,Werte außerhalb der Channel-Range → `Bad` mit Grund,,Doku/Rationale,rationale,,""
DEC-Multirate-Scheduling,Entscheidung,16,Multirate-Scheduling → Zähler,,Doku/Rationale,rationale,,""
DEC-Schedulability,Entscheidung,16,Schedulability → Spitze; exakt nur bei kleinem H mit Phasen,,Doku/Rationale,rationale,,""
DEC-Algorithmische_Tiefe,Entscheidung,16,Algorithmische Tiefe → Matrizen fester Größe + kuratierte Natives mit Kostenvertrag,,Doku/Rationale,rationale,,""
DEC-Plausibilität_am_Rand,Entscheidung,16,"Plausibilität am Rand → `max_slew` als Attribut, Rest Blöcke",,Doku/Rationale,rationale,,""
DEC-Präzision_von_`at`,Entscheidung,16,"Präzision von `at` → `jitter` aus Konformitätsmessung, statisch geprüft",,Doku/Rationale,rationale,,""
DEC-Tick-Quelle,Entscheidung,16,Tick-Quelle → wählbar (`tick_source`),,Doku/Rationale,rationale,,""
DEC-Einheiten_in_Matrizen,Entscheidung,16,"Einheiten in Matrizen → `mat[R, C]` mit `unitvec`",,Doku/Rationale,rationale,,""
DEC-Live-Tuning,Entscheidung,16,Live-Tuning → `tunable param` als Zucker,,Doku/Rationale,rationale,,""
DEC-Bus-Mappings,Entscheidung,16,Bus-Mappings → Konfigurationsschicht + Bibliothek (8.10),,Doku/Rationale,rationale,,""
DEC-Firmware-Lebenszyklus,Entscheidung,16,Firmware-Lebenszyklus → System-Channels (12.7),,Doku/Rationale,rationale,,""
DEC-Rand-Empfindlichkeit,Entscheidung,16,"Rand-Empfindlichkeit → Inputs degradieren, Outputs faulten; Entschärfung nur explizit (`debounce`, `for d`)",,Doku/Rationale,rationale,,""
DEC-Relationale_Analyse,Entscheidung,16,Relationale Analyse → Oktagone (v1.1),,Doku/Rationale,rationale,,""
DEC-Variable_Nutzlastlängen,Entscheidung,16,Variable Nutzlastlängen → `reader`/`writer` + `len_field`,,Doku/Rationale,rationale,,""
DEC-Kostenmodell,Entscheidung,16,Kostenmodell → Klassen mit kalibrierter Tabelle,,Doku/Rationale,rationale,,""
DEC-Numerik_ohne_FPU,Entscheidung,16,Numerik ohne FPU → `int[U]`,,Doku/Rationale,rationale,,""
DEC-Funk_auf_Ein-Chip-Systemen,Entscheidung,16,"Funk auf Ein-Chip-Systemen → RTOS-Profil unterstützt, Zwei-Chip empfohlen",,Doku/Rationale,rationale,,""
DEC-Integer-Breite_auf_32-Bit-Kernen,Entscheidung,16,Integer-Breite auf 32-Bit-Kernen → Verengung aus bewiesenen Intervallen (Lemma 3.4),,Doku/Rationale,rationale,,""
DEC-Fließkommabreite,Entscheidung,16,Fließkommabreite → `system: float = f32 | f64`,,Doku/Rationale,rationale,,""
DEC-FMA,Entscheidung,16,"FMA → explizites `fma`, korrekt gerundet",,Doku/Rationale,rationale,,""
DEC-Schnelle_Mathematik,Entscheidung,16,Schnelle Mathematik → Näherungen mit deklarierter Fehlerschranke,,Doku/Rationale,rationale,,""
DEC-Subnormale,Entscheidung,16,"Subnormale → IEEE-Modus erzwingen, Totband in Filtern",,Doku/Rationale,rationale,,""
DEC-Performance-Aussagen,Entscheidung,16,Performance-Aussagen → `takt bench` je Zielklasse,,Doku/Rationale,rationale,,""
DEC-Speicher_variabler_Stream-Elemente,Entscheidung,16,"Speicher variabler Stream-Elemente → Byte-Ring mit Deskriptoren, sicherer Default, `expect_len` als Opt-in",,Doku/Rationale,rationale,,""
DEC-Große_Wertetypen,Entscheidung,16,Große Wertetypen → compilergeführt,,Doku/Rationale,rationale,,""
DEC-`sched`-Warteschlangen,Entscheidung,16,`sched`-Warteschlangen → nur bei Verwendung,,Doku/Rationale,rationale,,""
DEC-Matrizengrenze,Entscheidung,16,Matrizengrenze → keine; Lint ab 16,,Doku/Rationale,rationale,,""
DEC-Stack-Gesamtbedarf,Entscheidung,16,Stack-Gesamtbedarf → Zusammensetzung + Schutzbereich,,Doku/Rationale,rationale,,""
DEC-Tick-gelesene_Konstanten_auf_XIP-Flash,Entscheidung,16,Tick-gelesene Konstanten auf XIP-Flash → in RAM,,Doku/Rationale,rationale,,""
DEC-DFA-Tabellen,Entscheidung,16,DFA-Tabellen → Alphabetklassen + ein DFA je Zustand,,Doku/Rationale,rationale,,""
DEC-Zustandslokaler_Speicher,Entscheidung,16,Zustandslokaler Speicher → Overlay,,Doku/Rationale,rationale,,""
DEC-Speicherbudget,Entscheidung,16,"Speicherbudget → alle Profile, aufgeschlüsselt (`takt size`)",,Doku/Rationale,rationale,,""
DEC-Speicherschutz,Entscheidung,16,Speicherschutz → MPU-Regionen gegen TCB-Fehler,,Doku/Rationale,rationale,,""
DEC-Kommunikation_als_Warteschlange,Entscheidung,16,Kommunikation als Warteschlange → interne Streams mit Stream-Semantik,,Doku/Rationale,rationale,,""
DEC-Berechnungen_länger_als_ein_Tick,Entscheidung,16,Berechnungen länger als ein Tick → Jobs (Fertigstellung als Input) + Chunk-Natives,,Doku/Rationale,rationale,,""
DEC-Fehlercodes,Entscheidung,16,Fehlercodes → `T!E`,,Doku/Rationale,rationale,,""
DEC-Tick-Modus_für_Startprogramme,Entscheidung,16,"Tick-Modus für Startprogramme → periodisch, 1 ms",,Doku/Rationale,rationale,,""
DEC-Flash-Operationen,Entscheidung,16,"Flash-Operationen → Kommando + Status, Modell mit Stromausfall-Injektion",,Doku/Rationale,rationale,,""
DEC-Register_in_Takt,Entscheidung,16,"Register in Takt → Treiberstufe `port` (v1.2), sofortige geordnete Semantik, nur in `driver`-Maschinen, Gerätemodell Pflicht",,Doku/Rationale,rationale,,""
DEC-Nachweis_der_Migration,Entscheidung,16,Nachweis der Migration → Orakel-Modus in der Simulation,,Doku/Rationale,rationale,,""
DEC-Unbeweisbare_C-Annahmen,Entscheidung,16,Unbeweisbare C-Annahmen → `check` einfügen; Anzahl als Qualitätsmaß,,Doku/Rationale,rationale,,""
DEC-Irreversible_Ausgaben,Entscheidung,16,Irreversible Ausgaben → `irreversible` mit `expect` und Szenario-Abdeckung,,Doku/Rationale,rationale,,""
DEC-Sprachentwicklung_ohne_Bruch,Entscheidung,16,Sprachentwicklung ohne Bruch → Editionen,,Doku/Rationale,rationale,,""
DEC-Zukünftige_Bezeichner,Entscheidung,16,"Zukünftige Bezeichner → reservieren, versioniert je Edition",,Doku/Rationale,rationale,,""
DEC-Wachsende_Enums,Entscheidung,16,Wachsende Enums → offen für System-Enums und per `open`,,Doku/Rationale,rationale,,""
DEC-Generics,Entscheidung,16,"Generics → Monomorphisierung, sechs feste Fähigkeiten",,Doku/Rationale,rationale,,""
DEC-Parallelität_in_einer_Maschine,Entscheidung,16,Parallelität in einer Maschine → gescopte Instanzen,,Doku/Rationale,rationale,,""
DEC-History,Entscheidung,16,"History → tief, ein Wort `resume`",,Doku/Rationale,rationale,,""
DEC-Verteilte_Zeitbasis,Entscheidung,16,"Verteilte Zeitbasis → eine Zeitbasis, Knotenticks als Vielfache",,Doku/Rationale,rationale,,""
DEC-Lesen_über_Knoten,Entscheidung,16,Lesen über Knoten → Verzögerung = Hops,,Doku/Rationale,rationale,,""
DEC-Knotenausfall,Entscheidung,16,Knotenausfall → wie 12.6 auf Knoten angewandt,,Doku/Rationale,rationale,,""
DEC-Capture,Entscheidung,16,Capture → Stream-Element mit Armierung als Kommando,,Doku/Rationale,rationale,,""
DEC-Trigger,Entscheidung,16,"Trigger → Regel auf dem Knoten, im Programm Input und Armierung",,Doku/Rationale,rationale,,""
DEC-Eigenschaften,Entscheidung,16,"Eigenschaften → beschränkt, endlicher Speicher",,Doku/Rationale,rationale,,""
DEC-`map`,Entscheidung,16,"`map` → offene Adressierung, deterministischer Hash, Rückwärtsverschiebung",,Doku/Rationale,rationale,,""
DEC-Formate,Entscheidung,16,Formate → versioniert mit Aufwärtskompatibilität,,Doku/Rationale,rationale,,""
DEC-Schnell_gekoppelte_Regelkreise,Entscheidung,16,Schnell gekoppelte Regelkreise → eine Maschine (Blöcke); `follows` in v1.1 für Same-Rate-Aufteilungen,,Doku/Rationale,rationale,,""
CON-const,Konstrukt (2.4),2.4,`const`,,M0 (Parser/MIR-Entwurf),fertig,,crates/takt-conformance/tests/differential.rs::the_interpreter_and_the_generated_code_agree; corpus-try/13_framing.takt; corpus-try/46_matrices.takt; crates/takt-sema/tests/golden_sim.rs::golden_traces_match
CON-param,Konstrukt (2.4),2.4,`param`,,M0 (Parser/MIR-Entwurf),teilweise,"Inventur 2026-10-04: Profile waehlt nur der Interpreter (Sim::new, Golden 14_2/12_7); der native Rahmen schreibt immer die Defaults (takt-frame mcu.rs `param_literal`), es gibt keinen Ladeweg fuer ein Profil im erzeugten Code; examples.rs vergleicht 14_2 ohne Profil",crates/takt-conformance/tests/differential.rs::the_interpreter_and_the_generated_code_agree; corpus-try/01_minimal.takt; crates/takt-sema/tests/range_boundaries.rs::a_parameter_outside_its_range_is_rejected_on_load; crates/takt-sema/tests/golden_sim.rs::golden_traces_match
CON-input/output,Konstrukt (2.4),2.4,`input`/`output`,,M0 (Parser/MIR-Entwurf),fertig,,crates/takt-sema/tests/semantics.rs::tick_zero_enters_initial_and_commits_safe_outputs; crates/takt-conformance/tests/examples.rs::the_reference_examples_agree_on_both_paths; crates/takt-sema/tests/builds.rs::an_unbound_channel_in_use_fails_the_hardware_build; corpus-try/checks/SC-3/bad_output_without_safe.takt
CON-command,Konstrukt (2.4),2.4,`command`,,M0 (Parser/MIR-Entwurf),fertig,,crates/takt-conformance/tests/differential.rs::the_two_implementations_agree_on_recorded_inputs; crates/takt-sema/tests/segment_timeout.rs::the_command_in_time_takes_the_sequence_on; corpus-try/16_timing.takt
CON-machine,Konstrukt (2.4),2.4,`machine`,,M0 (Parser/MIR-Entwurf),fertig,,crates/takt-conformance/tests/differential.rs::the_interpreter_and_the_generated_code_agree; corpus-try/74_instance_index.takt; crates/takt-sema/tests/golden_sim.rs::golden_traces_match; corpus-try/sim/14_3/program.takt
CON-state,Konstrukt (2.4),2.4,`state`,,M0 (Parser/MIR-Entwurf),fertig,,crates/takt-sema/tests/semantics.rs::a_self_transition_leaves_and_reenters_the_state; crates/takt-conformance/tests/differential.rs::the_interpreter_and_the_generated_code_agree; corpus-try/17_nested.takt; crates/takt-syntax/tests/parser_corpus.rs::every_example_parses_as_its_annotations_say; corpus-try/checks/SC-8
CON-enter/exit,Konstrukt (2.4),2.4,`enter`/`exit`,,M0 (Parser/MIR-Entwurf),fertig,,crates/takt-conformance/tests/switches.rs::transition_actions_run_before_the_exit_blocks; crates/takt-conformance/tests/switches.rs::exit_blocks_see_the_dwell_time_of_the_state_they_leave; crates/takt-sema/tests/semantics.rs::transition_takes_one_tick_and_runs_enter_in_entry_mode; corpus-try/checks/SC-8/bad_action_block_has_check.takt; corpus-try/checks/SC-8/bad_var_in_action_block.takt; corpus-try/checks/SC-8/bad_alert_and_abort_in_action_block.takt
CON-loop,Konstrukt (2.4),2.4,`loop`,,M0 (Parser/MIR-Entwurf),fertig,,crates/takt-conformance/tests/differential.rs::the_interpreter_and_the_generated_code_agree; corpus-try/03_sequences_and_faults.takt; crates/takt-llvm/tests/machines.rs::the_loop_body_runs_before_the_transitions; crates/takt-sema/tests/golden_sim.rs::golden_traces_match
CON-when/after,Konstrukt (2.4),2.4,`when`/`after`,,M0 (Parser/MIR-Entwurf),fertig,,crates/takt-sema/tests/semantics.rs::after_fires_never_in_the_entry_tick; crates/takt-conformance/tests/differential.rs::the_two_implementations_agree_on_recorded_inputs; corpus-try/73_after_levels.takt; crates/takt-syntax/tests/parser_corpus.rs::every_example_parses_as_its_annotations_say; corpus-try/checks/SC-10/bad_dead_transition.takt
CON-->_ZIEL,Konstrukt (2.4),2.4,`-> ZIEL`,,M0 (Parser/MIR-Entwurf),teilweise,"Inventur 2026-10-04: `check ... -> ZIEL` (eigenes Fault-Ziel): Interpreter nimmt es (exec.rs, machine.rs:656), Codegen ignoriert `target` (takt-llvm stmt.rs `check` springt ins Fault-Trampolin des Zustands); kein Test, nur 10_nuances.takt (nicht ausgefuehrt)",crates/takt-llvm/tests/machines.rs::a_transition_writes_the_target_into_the_configuration; crates/takt-conformance/tests/switches.rs::a_fault_after_a_goto_takes_the_fault_path_of_the_new_state; crates/takt-conformance/tests/differential.rs::the_interpreter_and_the_generated_code_agree; corpus-try/21_fault_targets.takt
CON-check,Konstrukt (2.4),2.4,`check`,,M0 (Parser/MIR-Entwurf),fertig,,crates/takt-sema/tests/semantics.rs::check_failure_goes_to_the_fault_target_in_the_same_tick; crates/takt-llvm/tests/machines.rs::a_check_branches_into_the_fault_trampoline; crates/takt-conformance/tests/differential.rs::the_interpreter_and_the_generated_code_agree; corpus-try/01_minimal.takt; crates/takt-conformance/tests/switches.rs::a_check_with_its_own_target_goes_there_from_a_shared_level
CON-expect,Konstrukt (2.4),2.4,`expect`,,M0 (Parser/MIR-Entwurf),fertig,,crates/takt-sema/tests/semantics.rs::an_assignment_after_a_failed_expect_is_not_committed; crates/takt-conformance/tests/switches.rs::the_sequence_kernel_re_arms_its_expectation; crates/takt-mir/tests/desugar.rs::expect_checks_once_via_flag
CON-alert,Konstrukt (2.4),2.4,`alert`,,M0 (Parser/MIR-Entwurf),fertig,,crates/takt-sema/tests/semantics.rs::alerts_report_only_their_edges; crates/takt-conformance/tests/differential.rs::the_interpreter_and_the_generated_code_agree; corpus-try/85_observe_invalid.takt
CON-abort,Konstrukt (2.4),2.4,`abort`,,M0 (Parser/MIR-Entwurf),fertig,,crates/takt-sema/tests/semantics.rs::abort_reaches_every_machine_in_the_same_tick; crates/takt-conformance/tests/differential.rs::faults_from_outside_arrive_alike; crates/takt-conformance/tests/differential.rs::the_interpreter_and_the_generated_code_agree; corpus-try/90_abort.takt
CON-fault_->_ZIEL,Konstrukt (2.4),2.4,`fault -> ZIEL`,,M0 (Parser/MIR-Entwurf),fertig,,crates/takt-conformance/tests/switches.rs::a_fault_in_an_enter_block_takes_the_fault_path_of_the_new_state; crates/takt-sema/tests/theorems.rs::lemma_9_3_1_resolve_terminates_in_a_deep_fault_forest; crates/takt-conformance/tests/differential.rs::the_interpreter_and_the_generated_code_agree; corpus-try/21_fault_targets.takt
CON-sequence,Konstrukt (2.4),2.4,`sequence`,,M0 (Parser/MIR-Entwurf),fertig,,crates/takt-sema/tests/semantics.rs::sequence_runs_through_its_segments; crates/takt-mir/tests/desugar.rs::example_6_3; crates/takt-conformance/tests/differential.rs::the_interpreter_and_the_generated_code_agree; corpus-try/03_sequences_and_faults.takt
CON-fn/block,Konstrukt (2.4),2.4,`fn`/`block`,,M0 (Parser/MIR-Entwurf),fertig,,crates/takt-conformance/tests/differential.rs::the_interpreter_and_the_generated_code_agree; corpus-try/18_blocks.takt; crates/takt-sema/tests/golden_sim.rs::golden_traces_match; crates/takt-llvm/tests/machines.rs::step_runs_at_most_once_per_activation; corpus-try/checks/SC-11; crates/takt-sema/tests/blocks.rs::every_element_of_an_instance_array_steps_once_per_tick; crates/takt-conformance/tests/block_steps.rs::a_self_transition_reruns_the_loop_with_the_first_result; crates/takt-conformance/tests/block_steps.rs::a_fault_in_a_step_takes_the_fault_path_of_the_caller
CON-pub_var,Konstrukt (2.4),2.4,`pub var`,,M0 (Parser/MIR-Entwurf),fertig,,crates/takt-sema/tests/semantics.rs::published_variables_and_signals_have_unit_delay; crates/takt-conformance/tests/differential.rs::the_interpreter_and_the_generated_code_agree; corpus-try/37_follows.takt
"CON-record,_enum_mit_Varianten,_match",Konstrukt (2.4),2.4,"`record`, `enum` mit Varianten, `match`",,M0 (Parser/MIR-Entwurf),teilweise,Inventur 2026-10-04: FB-394 offen: doppelte Diskriminanten in `enum ... layout` nicht erkannt (Pruefung 46); FB-402 offen: Wirtsrahmen schreibt keinen Record-Ausgang mit `bytes`-Feld,crates/takt-conformance/tests/differential.rs::the_interpreter_and_the_generated_code_agree; corpus-try/80_payload_variants.takt; crates/takt-sema/tests/wire.rs::decode_yields_none_when_a_constant_field_does_not_match; corpus-try/checks/SC-19/bad_missing_variant.takt
CON-T?,Konstrukt (2.4),2.4,`T?`,,M0 (Parser/MIR-Entwurf),teilweise,"Inventur 2026-10-04: Alter `.age` nur im Interpreter, kein Korpusprogramm, Codegen ungeprueft (FB-406 offen); `.valid`/`.or()` im Vergleich (43_sent)",crates/takt-sema/tests/semantics.rs::or_and_valid_dominate_the_implicit_check; crates/takt-sema/tests/semantics.rs::a_fresh_sample_is_read_with_age_zero; crates/takt-llvm/tests/machines.rs::or_selects_between_value_and_fallback; corpus-try/43_sent.takt
CON-stream<E>,Konstrukt (2.4),2.4,`stream<E>`,,M0 (Parser/MIR-Entwurf),teilweise,"Inventur 2026-10-04: Zeitstempel `.t`, `skip`, `.free`, `.rate`, `.truncated` ohne Korpusprogramm (FB-406)",crates/takt-conformance/tests/differential.rs::the_two_implementations_agree_on_stream_elements; crates/takt-conformance/tests/streams.rs::elements_reach_the_edge_with_their_numbering; crates/takt-interp/tests/ring_agreement.rs::eviction_agrees; crates/takt-interp/tests/ring_agreement.rs::an_element_larger_than_the_byte_ring_overflows_without_dropping; crates/takt-interp/tests/ring_agreement.rs::drop_oldest_with_variable_lengths_agrees
CON-on,Konstrukt (2.4),2.4,`on`,,M0 (Parser/MIR-Entwurf),fertig,,crates/takt-sema/tests/handlers.rs::the_first_matching_handler_wins; crates/takt-sema/tests/handlers.rs::the_window_is_empty_in_the_entry_tick; crates/takt-conformance/tests/differential.rs::the_interpreter_and_the_generated_code_agree; corpus-try/72_handler_levels.takt; crates/takt-sema/tests/handlers.rs::a_machine_level_handler_listens_in_every_state; corpus-try/106_machine_handler.takt
CON-matches_/_has,Konstrukt (2.4),2.4,`matches` / `has`,,M0 (Parser/MIR-Entwurf),teilweise,"Inventur 2026-10-04: `matches`/`has` auf `str`-Werten nur in 10_nuances.takt (nicht ausgefuehrt), in `fn` weder Beispiel noch Test; Handler, Guards und `until` belegt",crates/takt-conformance/tests/differential.rs::the_two_implementations_agree_on_has_and_send; crates/takt-sema/tests/handlers.rs::a_pattern_handler_binds_its_captures; crates/takt-interp/tests/patterns.rs::has_finds_the_pattern_anywhere
CON-send,Konstrukt (2.4),2.4,`send`,,M0 (Parser/MIR-Entwurf),fertig,,crates/takt-conformance/tests/differential.rs::the_two_implementations_agree_on_has_and_send; crates/takt-sema/tests/handlers.rs::an_output_stream_sends_its_bytes; corpus-try/24_send_has.takt
CON-at_/_pulse_/_cancel,Konstrukt (2.4),2.4,`at` / `pulse` / `cancel`,,M0 (Parser/MIR-Entwurf),teilweise,"Inventur 2026-10-04: FB-400 offen: `pulse` und `cancel` nie ausgefuehrt (nur 05_streams_and_protocol.takt ausserhalb des Vergleichs, `pulse` nur Uebersetzungstest); `at` im Vergleich (28, 82, 87)",crates/takt-conformance/tests/differential.rs::the_interpreter_and_the_generated_code_agree; corpus-try/28_scheduled.takt; crates/takt-conformance/tests/mcu_harness.rs::a_scheduled_output_carries_its_guard; crates/takt-sema/tests/foreign_code.rs::pulse_works_in_a_sequence_as_it_does_in_a_loop
CON-measure_/_verify_/_verdict,Konstrukt (2.4),2.4,`measure` / `verify` / `verdict`,,M0 (Parser/MIR-Entwurf),teilweise,"Inventur 2026-10-04: FB-391 offen: compare vergleicht verdict-, verify- und measure-Zeilen nicht; scenarios.rs prueft das Verdikt nur im Interpreter",crates/takt-sema/tests/semantics.rs::observations_and_verdict_follow_13_5; crates/takt-sema/tests/semantics.rs::verify_failure_makes_the_run_fail; crates/takt-conformance/tests/scenarios.rs::every_scenario_runs_natively_like_takt_test
CON-scenario_/_campaign,Konstrukt (2.4),2.4,`scenario` / `campaign`,,M0 (Parser/MIR-Entwurf),fertig,,crates/takt-cli/tests/test_cmd.rs::every_scenario_runs_and_the_coverage_lands_in_a_file; crates/takt-cli/tests/campaign_cmd.rs::every_run_lands_in_the_table_and_replays_from_its_recording; crates/takt-conformance/tests/scenarios.rs::every_scenario_runs_natively_like_takt_test; crates/takt-cli/tests/test_cmd.rs::an_inconclusive_scenario_fails_the_run; crates/takt-cli/tests/test_cmd.rs::an_unsimulated_input_is_an_error_under_test_and_a_warning_under_sim
CON-persist_var,Konstrukt (2.4),2.4,`persist var`,,M0 (Parser/MIR-Entwurf),teilweise,"Inventur 2026-10-04: FB-385 offen: eingebettet in Rust laeuft ein Programm mit `persist` ohne Journal, die Werte gehen still verloren",crates/takt-conformance/tests/persist_native.rs::a_restored_payload_drives_both_sides_to_the_same_outputs; crates/takt-sema/tests/persist.rs::a_stored_value_overrides_the_default; crates/takt-rt-core/tests/journal.rs::a_power_cut_leaves_either_the_old_or_the_new_entry
CON-idle,Konstrukt (2.4),2.4,`idle`,,M0 (Parser/MIR-Entwurf),fertig,,crates/takt-conformance/tests/differential.rs::virtual_sleep_is_invisible; crates/takt-sema/tests/sleep.rs::an_operator_abort_wakes_the_sleeping_system; corpus-try/56_idle_timer.takt; crates/takt-conformance/tests/host_board.rs::a_wake_source_ends_the_sleep_on_the_host; crates/takt-rt-core/tests/wake.rs::a_wake_source_of_the_program_ends_the_sleep_at_the_next_boundary
CON-signal_/_raise,Konstrukt (2.4),2.4,`signal` / `raise`,,M0 (Parser/MIR-Entwurf),fertig,,crates/takt-sema/tests/semantics.rs::published_variables_and_signals_have_unit_delay; crates/takt-conformance/tests/differential.rs::the_interpreter_and_the_generated_code_agree; corpus-try/37_follows.takt
CON-every_d:,Konstrukt (2.4),2.4,`every d:`,,M0 (Parser/MIR-Entwurf),fertig,,crates/takt-sema/tests/semantics.rs::an_every_in_a_state_never_runs_in_the_entry_tick; crates/takt-sema/tests/semantics.rs::a_machine_wide_every_keeps_its_period_across_state_changes; crates/takt-conformance/tests/differential.rs::the_interpreter_and_the_generated_code_agree; corpus-try/27_every.takt
CON-trigger,Konstrukt (2.4),2.4,`trigger`,,M0 (Parser/MIR-Entwurf),teilweise,"Inventur 2026-10-04: `.armed` nur im Interpreter, kein Korpusprogramm, Codegen ungeprueft (FB-406 offen); Feuern im Vergleich belegt",crates/takt-conformance/tests/differential.rs::the_two_implementations_agree_on_triggers; crates/takt-sema/tests/triggers.rs::the_trigger_fires_at_event_time_plus_delay; crates/takt-sema/tests/triggers.rs::armed_falls_when_the_trigger_fires; corpus-try/65_trigger.takt
"CON-mat<R,_C>,_mat[R,_C],_vec[R],_unitvec",Konstrukt (2.4),2.4,"`mat<R, C>`, `mat[R, C]`, `vec[R]`, `unitvec`",,M0 (Parser/MIR-Entwurf),fertig,,crates/takt-conformance/tests/differential.rs::the_interpreter_and_the_generated_code_agree; corpus-try/46_matrices.takt; crates/takt-sema/tests/matrices.rs::a_dimensioned_kalman_filter_is_unit_checked_and_runs; crates/takt-llvm/tests/matrices.rs::the_matrix_corpus_lowers_completely
CON-interner_stream<E>_name,Konstrukt (2.4),2.4,interner `stream<E> name`,,M0 (Parser/MIR-Entwurf),fertig,,crates/takt-sema/tests/handlers.rs::an_internal_stream_has_a_unit_delay; crates/takt-sema/tests/handlers.rs::check_43_rejects_two_writers; crates/takt-conformance/tests/differential.rs::the_interpreter_and_the_generated_code_agree; corpus-try/72_handler_levels.takt
CON-job,Konstrukt (2.4),2.4,`job`,,M0 (Parser/MIR-Entwurf),fertig,,crates/takt-sema/tests/jobs.rs::a_job_completes_after_its_duration; crates/takt-conformance/tests/mcu_harness.rs::a_job_runs_in_the_context_and_shows_after_its_duration; crates/takt-conformance/tests/differential.rs::the_interpreter_and_the_generated_code_agree; corpus-try/40_jobs.takt
CON-T!E,Konstrukt (2.4),2.4,`T!E`,,M0 (Parser/MIR-Entwurf),fertig,,crates/takt-conformance/tests/differential.rs::the_interpreter_and_the_generated_code_agree; corpus-try/84_defaults.takt; crates/takt-llvm/tests/machines.rs::a_result_matches_on_its_flag; corpus-try/checks/SC-45/bad_undominated.takt
CON-default,Konstrukt (2.4),2.4,`default`,,M0 (Parser/MIR-Entwurf),fertig,,crates/takt-conformance/tests/differential.rs::the_interpreter_and_the_generated_code_agree; corpus-try/84_defaults.takt; corpus-try/checks/SC-3/bad_default_outside_range.takt
CON-inout,Konstrukt (2.4),2.4,`inout`,,M0 (Parser/MIR-Entwurf),fertig,,crates/takt-sema/tests/inout.rs::the_call_statement_writes_the_parameter_back; crates/takt-conformance/tests/differential.rs::the_interpreter_and_the_generated_code_agree; corpus-try/54_inout.takt; corpus-try/checks/SC-47/bad_aliased_argument.takt
CON-irreversible,Konstrukt (2.4),2.4,`irreversible`,,M0 (Parser/MIR-Entwurf),teilweise,"Inventur 2026-10-04: Pruefung 48 und Abdeckungszaehlung belegt; Pflicht der Szenario-Abdeckung (`takt test` FAIL, takt-cli main.rs) und Kopfzeile `irreversibel` ohne Test; kein Programm im Vergleich",crates/takt-sema/tests/scenarios.rs::an_irreversible_output_is_covered_by_a_scenario; corpus-try/checks/SC-48/bad_without_expect.takt; crates/takt-sema/tests/checks.rs::every_check_directory_passes
"CON-driver_machine,_port",Konstrukt (2.4),2.4,"`driver machine`, `port`",,M0 (Parser/MIR-Entwurf),fertig,"M8 Schritte 15-17: `port r : Rec @ mmio(ADR)` nur in `driver machine` (Prüfung 64); Interpreter als Sim-Paar `mmio/ADR/r` / `mmio/ADR/w`, Codegen als `load volatile` / `store volatile` auf `inttoptr`; Korpus `68_uart_port.takt`; im Differential erst seit M10 Schritt 9 wirklich grün — vorher brach der native Lauf an der absoluten Adresse ab, und der leere Trace fiel nicht auf (FB-305); jetzt auf dem Wirt über die Runtime (FB-261)",crates/takt-conformance/tests/ports.rs::the_generated_code_maps_ports_like_the_interpreter; crates/takt-conformance/tests/ports.rs::three_writes_in_one_tick_arrive_in_order; crates/takt-conformance/tests/differential.rs::the_interpreter_and_the_generated_code_agree; corpus-try/68_uart_port.takt; corpus-try/checks/SC-64
CON-tunable_param,Konstrukt (2.4),2.4,`tunable param`,,M0 (Parser/MIR-Entwurf),fertig,,crates/takt-conformance/tests/differential.rs::a_tunable_changes_the_parameter_vector_at_its_tick; crates/takt-sema/tests/tunables.rs::a_tune_line_holds_from_its_tick_on; crates/takt-rt-linux/tests/tunables.rs::a_tick_delivers_its_set_in_order; examples/rust-host/tests/frame.rs::tunables_reach_the_program_through_the_loop
CON-follows,Konstrukt (2.4),2.4,`follows`,,M0 (Parser/MIR-Entwurf),fertig,,crates/takt-sema/tests/follows.rs::a_follower_reads_the_fresh_value_and_everyone_else_reads_psi; crates/takt-conformance/tests/differential.rs::the_interpreter_and_the_generated_code_agree; corpus-try/37_follows.takt
"CON-debounce,_Suspect",Konstrukt (2.4),2.4,"`debounce`, `Suspect`",,M0 (Parser/MIR-Entwurf),teilweise,"Inventur 2026-10-04: takt-hal-Kern und Interpreter belegt (Golden 12_6); nativ nie mit Stimulus verglichen, kein Vergleichsprogramm liefert `debounce`-Faelle (FB-376 offen)",crates/takt-hal/tests/edge.rs::debounce_holds_three_deliveries_then_gives_up; crates/takt-sema/tests/semantics.rs::a_suspect_sample_also_becomes_stale; crates/takt-sema/tests/golden_sim.rs::golden_traces_match; corpus-try/sim/12_6/program.takt
"CON-check_…_for_d,_alert_…_for_d",Konstrukt (2.4),2.4,"`check … for d`, `alert … for d`",,M0 (Parser/MIR-Entwurf),fertig,,crates/takt-sema/tests/semantics.rs::confirmation_time_delays_the_check; crates/takt-sema/tests/semantics.rs::a_confirmation_counter_in_a_loop_counts_per_element; crates/takt-conformance/tests/differential.rs::the_interpreter_and_the_generated_code_agree; corpus-try/93_confirmations.takt
"CON-reader,_writer",Konstrukt (2.4),2.4,"`reader`, `writer`",,M0 (Parser/MIR-Entwurf),teilweise,"Inventur 2026-10-04: FB-400 offen: `reader`/`writer` nur im Interpreter (Golden 11_4), nie im Codegen",crates/takt-sema/tests/golden_sim.rs::golden_traces_match; corpus-try/sim/11_4/program.takt; crates/takt-sema/tests/stdlib.rs::a_writer_starts_over_after_reset
CON-len_field,Konstrukt (2.4),2.4,`len_field`,,M0 (Parser/MIR-Entwurf),fertig,,corpus-try/checks/SC-37/bad_forward_reference.takt; corpus-try/checks/SC-37/bad_not_an_integer.takt; crates/takt-sema/tests/checks.rs::every_check_directory_passes; crates/takt-conformance/tests/wire_codec.rs::a_length_prefixed_field_decodes_and_encodes_alike; crates/takt-conformance/tests/wire_codec.rs::two_length_prefixed_fields_shift_what_follows_and_align_rounds; crates/takt-sema/tests/wire.rs::a_length_prefixed_field_is_as_long_as_its_length_field_says
CON-System-Channels_sys/…,Konstrukt (2.4),2.4,System-Channels `sys/…`,,M0 (Parser/MIR-Entwurf),teilweise,"Pruefung 60 kennt das Geraet `sys` ohne Konfiguration (M6 Schritt 16); Inventur 2026-10-04: `sys/previous_run`/`sys/next_run` belegt (32, 34 im Vergleich, Golden 12_7); Wanduhr `sys/clock` nur typgeprueft: `wall_clock_ns` (takt-rt-linux) hat keinen Aufrufer und keinen Test, kein Treiberrand fuellt den Kanal (7.4)",crates/takt-sema/tests/sys_channels.rs::a_wrong_address_direction_or_type_is_rejected; crates/takt-conformance/tests/differential.rs::the_interpreter_and_the_generated_code_agree; corpus-try/32_next_run_after.takt; crates/takt-rt-core/tests/loop.rs::the_end_of_a_run_is_part_of_the_service
CON-native_fn,Konstrukt (2.4),2.4,`native fn`,,M0 (Parser/MIR-Entwurf),fertig,,crates/takt-sema/tests/natives.rs::a_stack_below_the_measured_need_is_refused; crates/takt-conformance/tests/differential.rs::the_new_natives_agree_with_the_interpreter; crates/takt-conformance/tests/differential.rs::the_interpreter_and_the_generated_code_agree; corpus-try/20_native.takt
CON-tick_source,Konstrukt (2.4),2.4,`tick_source`,,M0 (Parser/MIR-Entwurf),teilweise,"Inventur 2026-10-04: nur Anwesenheit (Pruefung 32) und Jitter-Nachschlag fuer Pruefung 59; keine Runtime und kein Rahmen liest `config.tick_source`, die Bindung des Ticks an das Ereignis ist weder umgesetzt noch getestet",crates/takt-sema/tests/calibrated.rs::a_missing_tick_source_is_reported; crates/takt-sema/tests/polling.rs::a_fifo_that_overruns_between_ticks_is_an_error
"CON-jitter,_max_slew",Konstrukt (2.4),2.4,"`jitter`, `max_slew`",,M0 (Parser/MIR-Entwurf),teilweise,"Inventur 2026-10-04: `max_slew` im takt-hal-Kern und Golden 12_6 belegt, nativ nie mit Stimulus verglichen (FB-376 offen); Zugriff `.jitter` ohne Korpusprogramm (FB-406)",crates/takt-conformance/tests/differential.rs::the_jitter_of_an_output_is_zero_without_a_configuration; crates/takt-conformance/tests/mcu_harness.rs::the_jitter_of_an_output_comes_from_the_configuration; crates/takt-hal/tests/edge.rs::a_value_beyond_max_slew_is_implausible; crates/takt-sema/tests/golden_sim.rs::golden_traces_match
FMT-MIR-Serialisierung,Versioniertes Format,11.3,MIR-Serialisierung,,M10 (aus M0),fertig,"Version 9; je Version 2 bis 9 die Datei ihres Compilers in `takt-sema/tests/mir-golden`, gelesen und im Interpreter ausgefuehrt (`mir_versions.rs`, M10 Schritt 22)",crates/takt-sema/tests/mir_versions.rs::every_format_version_reads_and_runs_like_today; crates/takt-mir/tests/roundtrip.rs::a_reader_accepts_an_older_format_version; crates/takt-mir/tests/roundtrip.rs::header_is_checked
FMT-Aufzeichnung,Versioniertes Format,11.3,Aufzeichnung,,M4 (Codegen),fertig,"Version 2 (Parametervektor im Kopf); Version 1 lesbar (`takt-interp/tests/recording_versions.rs`, Schritt 26)",crates/takt-interp/tests/recording_versions.rs::version_one_still_reads_without_a_parameter_vector; crates/takt-interp/tests/recording_versions.rs::a_newer_version_is_refused; crates/takt-sema/tests/record.rs::a_recording_survives_a_round_trip
FMT-Hardware-Konfiguration,Versioniertes Format,11.3,Hardware-Konfiguration,,M6 (mit 8.10),fertig,"Version 15 (Edition und Compiler-Version des Schreibers im Kopf, FB-441); Version 1 lesbar (`takt-sema/tests/hardware.rs`)",crates/takt-sema/tests/hardware.rs::an_older_file_still_reads; crates/takt-mir/src/hardware.rs::a_newer_format_version_is_refused; crates/takt-sema/tests/hardware.rs::rendering_round_trips_the_whole_file; crates/takt-mir/src/hardware.rs::the_writer_stands_in_the_head
FMT-Konformitätsbericht,Versioniertes Format,11.3,Konformitätsbericht,,M10 (aus M5),fertig,"`grammar/conformance-report.md`, `takt-conformance/src/report.rs`: Version 2 (Kennung, Lagen, Messaufwand, Funktion der Mathematik; M11 Schritt 12), Version 1 lesbar; Schreiber, strenger Leser, Roundtrip",crates/takt-conformance/src/report.rs::a_report_round_trips; crates/takt-conformance/src/report.rs::a_newer_version_is_refused; crates/takt-conformance/src/report.rs::an_unknown_key_is_an_error_with_its_line
FMT-Journal-Slot,Versioniertes Format,11.3,"`persist`-Journal, Slot-Kopf (`TKPJ`, 5.9)",,M5 (Embedded),fertig,"Version 2 (Log je Slot, plan/nvm.md 2.4); ein Slot der Version 0 mit gueltiger Pruefsumme laedt (`takt-rt-core/tests/journal.rs`)",crates/takt-rt-core/tests/journal.rs::an_older_slot_version_still_loads; crates/takt-rt-core/tests/journal.rs::what_was_written_comes_back; crates/takt-rt-core/tests/journal.rs::a_broken_checksum_invalidates_a_slot
FMT-Coverage,Versioniertes Format,11.3,"Coverage-Datei (`# takt-coverage 1`, 13.2)",,M6,fertig,"nur Schreiber: `Coverage::render`; ein Leser kommt mit dem Werkzeug, das sie auswertet",crates/takt-cli/tests/test_cmd.rs::every_scenario_runs_and_the_coverage_lands_in_a_file; crates/takt-sema/tests/scenarios.rs::coverage_counts_states_transitions_and_checks
FMT-Size-Baseline,Versioniertes Format,11.3,"Baseline von `takt size` (`# takt-size 1`, 11.5)",,M6,fertig,"Version 1; aeltere lesbar, neuere abgelehnt (`takt-mir/tests/size_baseline.rs`)",crates/takt-mir/tests/size_baseline.rs::an_older_version_reads_and_a_newer_is_refused; crates/takt-mir/tests/size_baseline.rs::the_baseline_round_trips; crates/takt-cli/tests/stages.rs::size_compares_with_a_baseline
FMT-Lauf-Header,Versioniertes Format,11.3,Lauf-Header,,M4 (Codegen),teilweise,"Inventur 2026-10-04: Kopf traegt Formatversion, Edition, Logik-Hash und Profil; Compiler-Version und die Felder der Einbettung (Form, Praefix, ABI-Version, Schutz; 11.3, 12.11) fehlen im Kopf",crates/takt-sema/tests/record.rs::the_header_carries_no_timestamp_and_no_path; crates/takt-sema/tests/record.rs::the_header_carries_the_tick_count; crates/takt-rt-linux/tests/profile.rs::the_guarantee_goes_into_the_run_header
STUFE-v1_(Kern),Stufe (Roadmap),15,v1 (Kern),,Doku/Rationale,rationale,,""
STUFE-v1.1,Stufe (Roadmap),15,v1.1,,Doku/Rationale,rationale,,""
STUFE-v1.2,Stufe (Roadmap),15,v1.2,,Doku/Rationale,rationale,,""
STUFE-v2,Stufe (Roadmap),15,v2,,Doku/Rationale,rationale,,""
STUFE-v3,Stufe (Roadmap),15,v3,,Doku/Rationale,rationale,,""
"STUFE-entschieden_(früher_„offen"")",Stufe (Roadmap),15,"entschieden (früher „offen"")",,Doku/Rationale,rationale,,""
CG-8.6-Stroeme_im_Code,Umsetzung,11.2,"Stroeme im erzeugten Code vollstaendig: `send` in kanonischer Byteform, auf `max_size` gefuellt (feste Slot-Form, plan/m6.md 2.2), `for x in s` ueber das Fenster (Bindung, `break`), `s as e` als Guard, `s.count`, `wrap_*`, Record-Literale mit Padding, Arrays im Drahtformat; Abbild-Eintraege byteweise adressiert",,M6,fertig,"FB-177, FB-180, FB-189; `52`–`55` im Korpus",crates/takt-conformance/tests/differential.rs::the_two_implementations_agree_on_stream_elements; crates/takt-conformance/tests/differential.rs::the_two_implementations_agree_on_has_and_send; crates/takt-conformance/tests/differential.rs::the_two_implementations_agree_on_record_elements_and_peek; crates/takt-llvm/tests/machines.rs::a_handler_walks_the_window_of_its_stream
TEST-Rahmen-Board2,Abnahme,13.8,"Board 2 (ESP32-C6): der Differentialkorpus auf dem Chip gegen den Interpreter — bauen, flashen, Trace ueber USB-Serial-JTAG (board_esp32c6.rs, nur mit TAKT_ESP32C6_PORT)",,M6,teilweise,"37 Programme, 0 Abweichungen (2026-09-17); FB-194, FB-195; Inventur 2026-10-04: nur mit Board (ignored); FB-376 offen (Vergleich ohne Eingaben, auch Board-Suiten), FB-391 teilweise behoben (compare)",crates/takt-conformance/tests/board_esp32c6.rs::the_board_agrees_with_the_interpreter
TEST-Rahmen-Stroeme_und_Szenarien,Abnahme,13.8,"Konformitaetsrahmen: Ringe fuer interne Stroeme (Unit-Delay, Freigabe unter dem kleinsten Cursor), `sim`-gekoppelte Eingabestroeme, Szenarien wie `takt test` (`build_scenario`), Faults im nativen Trace (`takt_fault`), Zustandspuffer mit Ausrichtung",,M6,teilweise,"FB-177, FB-179; `tests/scenarios.rs`; FB-427 offen: nativ verdraengt `send` an einen internen Strom mit `drop_oldest` nicht, der Sender faultet",crates/takt-conformance/tests/scenarios.rs::every_scenario_runs_natively_like_takt_test; crates/takt-conformance/tests/streams.rs::the_counters_of_a_stream_are_the_interpreters; crates/takt-conformance/tests/differential.rs::the_two_implementations_agree_on_stream_elements; crates/takt-conformance/tests/mcu_harness.rs::every_abi_buffer_is_aligned; crates/takt-interp/tests/ring_agreement.rs::an_element_larger_than_the_byte_ring_overflows_without_dropping; crates/takt-interp/tests/ring_agreement.rs::drop_oldest_with_variable_lengths_agrees
SEM-3.9-inout,Semantik/Absatz,3.9,"`inout`: Aufruf als Anweisung schreibt zurueck, Argument muss eine Stelle sein, `-> T` daneben ausgeschlossen",,M6,fertig,FB-178; `takt-sema/tests/inout.rs`,crates/takt-sema/tests/inout.rs::the_call_statement_writes_the_parameter_back; crates/takt-sema/tests/inout.rs::the_inout_argument_must_be_a_place; crates/takt-sema/tests/inout.rs::a_return_type_next_to_inout_is_rejected; corpus-try/54_inout.takt
system-Eintrag-overrun,system-Eintrag,2.3,"system_item: ""overrun""",,M0 (Parser/MIR-Entwurf),fertig,"plan/nvm.md Schritt 1: Parser, Formatter, S-Ausdruck, Senkung nach `Config.overrun`, Konstanten; `58_persist_alert.takt`",abgeleitet
DEC-Blockierendes_NVM,Entscheidung,16,"Blockierendes NVM → deklarierte Kosten (8.10), Prüfung 32, Schreiben im Schlaffenster, `overrun = alert`; asynchroner Treiber als Option mit Residenznachweis",,Doku/Rationale,rationale,,""
FMT-Trace-Zeitzeile,Versioniertes Format,11.3,"Trace-Metazeile `time` (7.3, grammar/trace.md T1)",,M5 (Embedded),fertig,"ausserhalb von T5, T6 und jedem Vergleich; nur native Runtimes schreiben sie",crates/takt-interp/tests/trace_roundtrip.rs::a_time_line_reads_back; crates/takt-interp/tests/trace_roundtrip.rs::a_time_line_does_not_change_the_chain; crates/takt-rt-baremetal/src/telemetry.rs::the_time_line_follows_the_trace_grammar
RT-Job_Kontext,Umsetzung,4.5,"Job-Kontext auf der MCU: eigener Stack mit Wächter, vom Tick unterbrochen (`baremetal`), als Task (`shared`); Warteschlange K_j",,M10,fertig,"M10 Schritt 7: `JobContext` auf beiden Boards (F401 PendSV, C6 direkt gebundener Software-Interrupt), Slots und Auftrag im MCU-Rahmen, Fertigstellung nach logischer Ausfuehrungszeit; Korpus 40 auf beiden Boards, `a_long_job_runs_between_the_ticks`. Waechter des Job-Stacks (Schritt 18), Job-Aufgabe unter `rtos` (Schritt 16, Korpus 40 unter RTIC)",crates/takt-conformance/tests/board_stm32f401.rs::a_long_job_runs_between_the_ticks; crates/takt-conformance/tests/board_esp32c6.rs::a_long_job_runs_between_the_ticks; crates/takt-conformance/tests/mcu_harness.rs::a_job_runs_in_the_context_and_shows_after_its_duration; crates/takt-conformance/tests/board_esp32c6.rs::the_stack_guard_of_board_2_stops_a_write_of_the_tcb
FMT-HW-Konfiguration_v5,Versioniertes Format,11.3,"Hardware-Konfiguration Version 5: Kalibrierung (`c_target`, `t_io`, `tick_jitter`), Messwerte, Stack-Reserven, alle Felder aus 8.10; Leser für Version 4",,M10,fertig,"Version 11: jedes Feld aus 8.10 bis auf die Topologie (v2, M10 Schritt 12), dazu `call_hook` (FB-295); Messwerte ueber `with_values`, Kommentare bleiben",crates/takt-mir/src/hardware.rs::every_field_of_8_10_reads_and_round_trips; crates/takt-mir/src/hardware.rs::a_calibration_reads_back; crates/takt-mir/src/hardware.rs::measured_values_keep_the_comments; crates/takt-sema/tests/hardware.rs::an_older_file_still_reads
SEM-12.11,Semantik/Abschnitt,12.11,Einbettung: Takt als Baustein,,M11 (Einbettung),teilweise,plan/m11.md; die Absaetze einzeln in den PAR-12.11-Zeilen,""
PAR-12.11-Arena,Absatz/Regel,12.11,Arena,,M11 (Einbettung),teilweise,"M11 Schritt 3 (2026-10-02): Programmbereich und Runtime in einer Arena, eine Layoutrechnung (`takt_llvm::arena`), `init` beschreibt sie ganz, nur was das Programm nutzt (FB-363); offen: die Arena vom Wirt mit `ARENA_BYTES` (Schritt 8), unter `baremetal` ein eigener Abschnitt auch auf dem C6 (Schritte 10, 11)",""
PAR-12.11-Symbole,Absatz/Regel,12.11,Symbole,,M11 (Einbettung),fertig,"M11 Schritte 4, 5 und 8: Praefix fuer jedes externe Symbol (`takt_llvm::symbols::Prefix`, `takt build --prefix`), geteilte Bibliotheken ohne Zustand (`several_programs.rs`), Typen fester Breite an der Schnittstelle; ABI-Symbol `P_abi_1`, das die Huelle liest (`one_call_delivers_library_header_module_and_manifest`)",crates/takt-conformance/tests/several_programs.rs::two_programs_run_side_by_side_like_the_interpreter; crates/takt-conformance/tests/several_programs.rs::the_shared_libraries_hold_no_mutable_state; crates/takt-llvm/src/symbols.rs::a_prefix_is_a_c_identifier_outside_takt; crates/takt-cli/tests/embed_cmd.rs::one_call_delivers_library_header_module_and_manifest
PAR-12.11-Kern_ohne_Warten,Absatz/Regel,12.11,Kern ohne Warten,,M11 (Einbettung),teilweise,"M11 Schritte 7 und 8 (2026-10-03): `Runtime::service` -> `Next` in `takt-rt-core`, `job_work` als Einstieg des Programms; die Huelle der Lieferform erfuellt `rt::Program` und `takt_embed::Program` mit `Jobs`; offen: die C-Form ueber das SDK (Schritt 18)",""
PAR-12.11-Der_Portvertrag,Absatz/Regel,12.11,Der Portvertrag,,M11 (Einbettung),teilweise,"M11 Schritt 7 (2026-10-03): Uhr, Schrittkontext (`service`), Job-Kontext (`job_work`, `Next.jobs`); Dienste nach Bedarf: Journal, Senke, Watchdog, `next_run`; offen: Portpruefung (Schritt 15), Senken der Einbettung (Schritt 22)",""
PAR-12.11-Formen,Absatz/Regel,12.11,Formen,,M11 (Einbettung),teilweise,"M11 Schritt 8 (2026-10-03): die sechs Formen in `takt build --form`, das Profil aus der Form (Instrumentierung; ein Widerspruch zum Programm ist ein Fehler mit beiden Namen), die logische Zeit in der Testhilfe (`takt_embed::testing`); offen: Interrupt, Poll, RTOS, Linux als Ports (Schritte 14, 17 bis 21), die Lints 40/41 (FB-384)",""
PAR-12.11-Wem_was_gehört,Absatz/Regel,12.11,Wem was gehört,,M11 (Einbettung),teilweise,"M11 Schritt 7 (2026-10-03): `next_run` als Befehl in `Next.ended`, der Watchdog des Wirts ueber `Watchdog`, der Schlaf ueber die Frist; unter `baremetal` weiter bei der Runtime; offen: die Formen der Einbettung (Schritte 14, 17-21)",""
PAR-12.11-IEEE_Umgebung,Absatz/Regel,12.11,IEEE-Umgebung,,M11 (Einbettung),teilweise,"M11 Schritt 6 (2026-10-03): Huelle um jeden rechnenden Einstieg des MCU-Rahmens, je FPU-Familie ihr Register; auf dem Wirt mit verstelltem MXCSR gleich dem Interpreter (`tests/embed.rs`); offen: F401 mit verstellter FPSCR/FPDSCR auf dem Board, Kosten mit `takt bench`",""
PAR-12.11-Speicherschutz,Absatz/Regel,12.11,Speicherschutz,,M11 (Einbettung),offen,"M11 Schritt 23: Fenster, Partition, keiner; Kopfzeile `Schutz`",""
PAR-12.11-Mehrere_Programme_auf_einem_Kern,Absatz/Regel,12.11,Mehrere Programme auf einem Kern,,M11 (Einbettung),teilweise,"M11 Schritt 4 (2026-10-02): zwei Programme in einem Wirtsprozess, je mit Praefix und Arena (`several_programs.rs`); offen: Prioritaeten, eigener Tick je Programm, Antwortzeiten in `check-image` (Schritt 16)",""
PAR-12.11-Fremde_Flash_Schreiber,Absatz/Regel,12.11,Fremde Flash-Schreiber,,M11 (Einbettung),offen,"M11 Schritt 21: ESP-IDF mit NVS-Last, Schritt in der IRAM-ISR",""
PAR-12.11-Portprüfung,Absatz/Regel,12.11,Portprüfung,,M11 (Einbettung),offen,M11 Schritt 15: `takt port-test`,""
PAR-9.9-Wer_schläft,Absatz/Regel,9.9,Wer schläft,,M11 (Einbettung),teilweise,"M11 Schritt 7 (2026-10-03): `Next.deadline` ist mit erlaubtem Schlaf die Frist des Schlafs; ob geschlafen wird, entscheidet der Port; offen: die Formen der Einbettung",""
PAR-11.2-Arena,Absatz/Regel,11.2,Arena,,M11 (Einbettung),teilweise,"M11 Schritt 3 (2026-10-02): ein Zeiger je Eintritt, `takt_<m>_<einstieg>(arena)`; die Versaetze rechnet `takt_llvm::arena`, der Rahmen bestaetigt sie mit `_Static_assert`; Inventur 2026-10-04: FB-364 offen: Arena-Versaetze kosten auf RISC-V komprimierte Befehle und Code-Teilung; `takt_llvm::arena` ohne eigenen Test",crates/takt-conformance/tests/mcu_harness.rs::every_abi_buffer_is_aligned; crates/takt-conformance/tests/several_programs.rs::two_programs_run_side_by_side_like_the_interpreter; crates/takt-cli/tests/embed_cmd.rs::one_call_delivers_library_header_module_and_manifest
PAR-11.3-Lauf_Header_der_Einbettung,Absatz/Regel,11.3,Lauf-Header der Einbettung,,M11 (Einbettung),offen,"Form, Praefix und ABI stehen seit M11 Schritt 8 im Manifest; die Kopfzeile eines Laufs schreibt erst die Senke der Einbettung (Schritt 22), `Schutz` mit Schritt 23",""
PAR-11.5-Konstanten_der_Einbettung,Absatz/Regel,11.5,Konstanten der Einbettung,,M11 (Einbettung),teilweise,"M11 Schritt 8 (2026-10-03): Arena nach Groesse und Ausrichtung aus dem Rahmen fuer das Ziel (clang misst `sizeof`/`_Alignof`) im Manifest, als `Arena` in Rust und `struct P_arena` in C; M11 Schritt 11 (2026-10-06): `JOB_STACK_BYTES` und `JobStack`, den Job-Stack stellt der Wirt; `takt check-image` haelt die Arena gegen das Abbild; M11 Schritt 13 (2026-10-07): `TICK_STACK_BYTES` — das Programm exakt aus seinem Objekt, dazu Reserve und Marge aus `.hw` — in Modul, Kopf und Manifest mit seiner Herkunft, die Namen der Stacks im Manifest; offen: `takt size`",crates/takt-cli/tests/embed_cmd.rs::a_protected_arena_is_padded_and_aligned_to_its_region; crates/takt-cli/tests/check_image.rs::a_too_small_arena_is_a_finding; crates/takt-cli/tests/check_image.rs::a_too_small_tick_stack_is_a_finding
PAR-12.1-Wer_wartet,Absatz/Regel,12.1,Wer wartet,,M11 (Einbettung),teilweise,"M11 Schritt 7 (2026-10-03): `service` wartet nie; gewartet wird im Port (`Runtime::step` fuer den eigenen Kern, die Benachrichtigung unter RTIC); offen: Interrupt- und Pollform",""
PAR-13.8-takt_port_test,Absatz/Regel,13.8,`takt port-test`,,M11 (Einbettung),offen,"Messprogramm von `takt bench` als Baustein umgesetzt (M11 Schritt 12: `--emit embed`, `--import`); Pruefprogramm der Portpruefung und `--judge` offen (Schritt 15)",
CLI-new,Werkzeug,11.1,takt new,,M11 (Einbettung),offen,M11 Schritt 24: Vorlagen je Form und Port,""
CLI-doctor,Werkzeug,11.1,takt doctor,,M11 (Einbettung),offen,M11 Schritt 24,""
CLI-check-image,Werkzeug,11.1,takt check-image,,M11 (Einbettung),teilweise,"M11 Schritt 11 (2026-10-06): ABI-Version und Logik-Hash (`P_abi_<n>`, `P_logic_<hash>`), die Arena nach Groesse und Ausrichtung, kein beschreibbares Takt-Symbol ausserhalb der Arenen, unter `xip_flash` der Tick-Pfad im RAM (Aufrufgraph aus der Disassemblierung); mit dem Manifest des Messprogramms (`# takt-bench 1`, Schritt 12) dessen Weg vom Messen aus; M11 Schritt 13 (2026-10-07): die Stacks, die der Wirt unter ihren Namen stellt, nach Groesse und der Job-Stack nach Ausrichtung, ein anderer offen; offen: Antwortzeiten mehrerer Programme eines Kerns (Schritt 16)",crates/takt-cli/tests/check_image.rs::a_well_linked_image_has_no_finding; crates/takt-cli/tests/check_image.rs::a_driver_in_flash_is_a_finding; crates/takt-cli/tests/check_image.rs::a_second_writable_variable_is_a_finding; crates/takt-cli/tests/check_image.rs::a_too_small_arena_is_a_finding; crates/takt-cli/src/check_image.rs::tests::a_driver_in_flash_is_reported_with_its_way; crates/takt-cli/src/check_image.rs::the_bench_manifest_checks_only_the_path; crates/takt-cli/tests/check_image.rs::a_too_small_tick_stack_is_a_finding
CLI-port-test,Werkzeug,11.1,takt port-test,,M11 (Einbettung),offen,M11 Schritt 15,""
DEC-Speicher_eines_eingebetteten_Programms,Entscheidung,16,Speicher eines eingebetteten Programms → Arena vom Wirt,,Doku/Rationale,rationale,,""
DEC-Einbindung_in_fremde_Umgebungen,Entscheidung,16,Einbindung in fremde Umgebungen → Kern ohne Warten,,Doku/Rationale,rationale,,""
DEC-Treiberbindung,Entscheidung,16,"Treiberbindung → stark, mit Wirtszeiger",,Doku/Rationale,rationale,,""
DEC-Profil_neben_fremdem_Code,Entscheidung,16,"Profil neben fremdem Code → `shared`, aus der Form gesetzt",,Doku/Rationale,rationale,,""
PAR-8.10-Wie_die_Adresse_den_Treiber_erreicht,Absatz/Regel,8.10,Wie die Adresse den Treiber erreicht,,M11 (Einbettung),teilweise,"M11 Schritte 4 und 5 (2026-10-02): Praefix, Wirtszeiger, starke Bindung — ein fehlender Treiber ist ein Link-Fehler, der die Adresse nennt (`a_missing_driver_fails_the_link_by_name`); offen: Konfiguration statt fester Namen (Zephyr-Devicetree, Schritt 22)",""
PAR-12.6-Treiber_und_Adapter,Absatz/Regel,12.6,Treiber und Adapter,,M11 (Einbettung),teilweise,"M11 Schritt 5 (2026-10-02): starke Bindung mit Tickgrenze, Trait `Drivers`, Geraete-Traits in `takt-embed`, Pruefstand aus der Verdrahtung (`takt-drivers.toml`), Stummel nur ausdruecklich; offen: Adapter fuer `embedded-hal`, `embedded-io`, Zephyr-Devicetree und ein Ring fuer Stream-Treiber, je durch `driver-test` (Schritt 22)",""
FMT-HW-Konfiguration_Einbettung,Versioniertes Format,11.3,"Hardware-Konfiguration der Einbettung (8.10): Anteil an `ram`/`flash`/`iram`, Reserven je Port, `protect`, Devicetree-Knoten (`zephyr`), laengste Runde der Hauptschleife",,M11 (Einbettung),offen,"M11 Schritte 13, 14, 19, 23",""
FMT-Manifest,Versioniertes Format,11.3,"Manifest der Einbettung (11.5, 12.11)",,M11 (Einbettung),teilweise,"M11 Schritt 8 (2026-10-03): Version 1 (`# takt-manifest 1`): Praefix, ABI, Logik-Hash, Ziel und Tripel, Form, Profil, Tick, Arena (Groesse, Ausrichtung), `persist`-Bedarf, Jobs, verlangte Dienste, Treibersymbole; M11 Schritt 11 (2026-10-06): `arena_symbol`, `job_stack_bytes`, `xip_flash`, `tick_path`, gelesen von `takt check-image`; offen: Schrittstack (Schritt 13), Budget, `mmio`-Regionen",crates/takt-cli/tests/embed_cmd.rs::xip_flash_brings_the_fragments_and_the_tick_path
CLI-build-embed,Werkzeug,11.1,takt build --emit embed,,M11 (Einbettung),teilweise,"M11 Schritt 8 (2026-10-03): `takt build DATEI --emit embed --target TRIPEL --form FORM [--drivers TYP] [--hardware] [--prefix] --out DIR`: Bibliothek (`libP.a`, `P.lib` fuer MSVC), `P.h` mit Konstanten, Arena-Typ, Einstiegen und Treiberprototypen samt Vertrag des Kanals, `P.rs` (Konstanten, `Arena`, Trait `Drivers`, Kleber, Huelle `Program`, `Jobs`), `P.manifest`; ABI-Symbol `P_abi_1`; Tripel des Wirts mit Float-ABI; Hardware-Bau; `takt-cli/tests/embed_cmd.rs`; Inventur 2026-10-04: FB-385 offen (Huelle eines Programms mit persist verlangt kein Journal), FB-384 offen (Lints 40/41 sehen das Profil der Form nicht)",crates/takt-cli/tests/embed_cmd.rs::one_call_delivers_library_header_module_and_manifest; crates/takt-cli/tests/embed_cmd.rs::the_rust_example_builds_with_one_call_and_agrees_with_the_interpreter; crates/takt-cli/tests/embed_cmd.rs::a_profile_against_the_form_is_refused_with_both_names; crates/takt-conformance/tests/embed.rs::a_hostile_floating_point_environment_changes_nothing
PAR-13.3-Auf_einem_endlichen_Lauf,Absatz/Regel,13.3,Auf einem endlichen Lauf,,M6 (v1.1),fertig,"`takt-interp/src/property.rs`: erfuellt, verletzt, offen am Laufende; nachgetragen 2026-10-03 (FB-383)",crates/takt-sema/tests/properties.rs::a_satisfied_property_and_an_open_one_have_their_outcomes; crates/takt-sema/tests/properties.rs::a_violation_is_a_fail_finding_at_the_tick_it_is_decided; crates/takt-conformance/tests/monitors.rs::native_monitors_report_the_same_violations_in_the_same_tick; crates/takt-sema/tests/properties.rs::check_56_rejects_unbounded_operators_under_bounded_ones_and_odd_windows
PAR-13.3-Kodierung_für_takt_prove,Absatz/Regel,13.3,Kodierung für `takt prove`,,M6 (v1.1),teilweise,"`takt-prove/src/encode.rs`, Export mit `--export`; gemessen 2026-10-09: 100 von 117 Korpusprogrammen als Gesamtmodell (FB-373); Records, Arrays, Optionals, Enums mit Feldern, Bytes, Vektoren und das Ende eines Laufs (FB-467) seit Schritt 27a; seit 2026-10-08 Qualitaet der Inputs, Tunables in ihrer Range, jede implizite Pruefung als Fault-Zweig, Breiten, Anfragen auf den Kegel ihres Ziels (FB-372, FB-386); Zeitoperatoren seit Schritt 27b; Stroeme mit Elementen fester Groesse, Handler, Guards ueber Stroemen und `break` seit Schritt 27c-1; Text, Textmuster, Formatstrings und Stroeme variabler Laenge seit Schritt 27c-2; Ausgabestroeme seit Schritt 27c-3; Funktionen aus `libtaktm` (uninterpretiert mit Schranken), Einheiten, Rundung, Bits, Ganzzahl-Primitive und Schleifen in Funktionen seit Schritt 27a-3; Ergebnisse, Zaehler je Durchlauf, `interp`, `inout` seit Schritt 27a-4; `encode`, `decode` und Ausschnitte seit Schritt 27a-5; offen: Jobs, `at`, Maps, Samples, Matrizen (M11 Schritt 27); nachgetragen 2026-10-03 (FB-383)",crates/takt-prove/tests/input_quality.rs::an_unguarded_read_of_an_invalid_input_violates_the_property; crates/takt-prove/tests/arithmetic_faults.rs::an_overflow_only_the_solver_excludes_is_unreachable; crates/takt-prove/tests/arithmetic_faults.rs::the_shift_of_fb_386_is_violated; crates/takt-prove/tests/against_interpreter.rs::every_program_of_the_prover_suite_agrees; crates/takt-prove/tests/against_interpreter.rs::composite_values_agree; crates/takt-prove/tests/composite_values.rs::an_index_only_the_solver_keeps_inside_is_unreachable; crates/takt-prove/tests/against_interpreter.rs::collections_agree; crates/takt-prove/tests/against_interpreter.rs::an_input_stream_agrees; crates/takt-prove/tests/against_interpreter.rs::a_stream_window_agrees; crates/takt-prove/tests/against_interpreter.rs::an_internal_stream_agrees; crates/takt-prove/tests/with_solver.rs::a_stream_element_is_part_of_the_counterexample; crates/takt-prove/tests/against_interpreter.rs::a_text_stream_agrees; crates/takt-prove/tests/with_solver.rs::a_text_line_is_part_of_the_counterexample; crates/takt-prove/tests/against_interpreter.rs::send_buffers_agree; crates/takt-prove/tests/against_interpreter.rs::primitives_agree; crates/takt-prove/tests/with_solver.rs::a_bounded_function_proves_its_range_and_keeps_its_paths_open; crates/takt-prove/tests/against_interpreter.rs::results_agree; crates/takt-prove/tests/against_interpreter.rs::the_wire_format_agrees; crates/takt-prove/tests/against_interpreter.rs::every_cause_of_last_fault_agrees; crates/takt-prove/tests/against_interpreter.rs::scheduled_outputs_agree; crates/takt-prove/tests/against_interpreter.rs::maps_agree; crates/takt-prove/tests/against_interpreter.rs::natives_agree; crates/takt-prove/tests/with_solver.rs::a_native_proves_its_width_and_keeps_its_paths_open; crates/takt-prove/tests/against_interpreter.rs::records_over_a_sim_binding_agree
PAR-13.3-Beweis_mit_Solver,Absatz/Regel,13.3,Beweis mit Solver,,M6 (v1.1),teilweise,"z3/cvc5, BMC und k-Induktion, Pruefstellen-Klassifikation, `--save-proof` (`takt-prove/src/solve.rs`); seit 2026-10-08 nennt ein Urteil seine Annahmen, Bericht und Beweisdatei Solver und Version (FB-372, FB-380); seit 2026-10-08 Invariantensuche (Spacer) und die Tiefe aus den Fristen (FB-375); offen: zweiter Solver (FB-380); M11 Schritt 28; nachgetragen 2026-10-03 (FB-383)",crates/takt-prove/tests/with_solver.rs::a_proof_names_only_the_assumptions_it_rests_on; crates/takt-prove/tests/with_solver.rs::a_path_is_confirmed_only_by_its_own_site; crates/takt-cli/tests/prove_cmd.rs::a_violated_property_fails_and_its_stimulus_replays; crates/takt-cli/tests/prove_cmd.rs::a_saved_proof_drops_its_check_from_the_build_and_a_stale_one_is_refused; crates/takt-prove/tests/temporal.rs::a_timer_program_is_proven_with_the_default_depth
TEST-Netz-Faehigkeitsmatrix,Abnahme,13.8,"Pruefnetz: Census der MIR ohne Platzhalter, Tabellen von Codegen und Beweiser, Wahrheitstest am ganzen Korpus, Matrix `plan/capabilities.csv` mit Ratsche der ungenutzten Konstruktionen (crates/takt-conformance/tests/capabilities.rs; plan/m11.md 2.13)",,M11 (Einbettung),fertig,,crates/takt-conformance/tests/capabilities.rs::every_table_tells_the_truth_about_its_component; crates/takt-conformance/tests/capabilities.rs::the_matrix_matches_its_golden_file; crates/takt-conformance/tests/capabilities.rs::every_construct_has_a_corpus_program_or_a_reason
TEST-Netz-Inventur,Abnahme,13.8,"Pruefnetz: die Inventur gegen Referenz und Code — jeder Absatz hat eine Zeile, jede Zeile `fertig` nennt einen Test, den es gibt",,M11 (Einbettung),fertig,,crates/takt-sema/tests/inventory.rs::every_part_of_the_reference_has_a_row; crates/takt-sema/tests/inventory.rs::every_finished_row_names_evidence_that_exists
TEST-Netz-Drei_Ausfuehrer,Abnahme,13.8,"Pruefnetz: Interpreter, Codegen und das Modell des Beweisers in einem Vergleich auf denselben Eingaben, der Korpus aus `corpus-try/manifest.csv`, die Pfade des Solvers durch alle drei",,M11 (Einbettung),offen,"M11 Schritt 28; FB-378, FB-381",""
TEST-Netz-Erzeugte_Eingaben,Abnahme,13.8,"Pruefnetz: Eingaben je Programm aus seinen Deklarationen, ungueltige eingeschlossen; Fuzzer mit Eingaben; Abdeckung als Ratsche",,M11 (Einbettung),offen,M11 Schritt 29; FB-376,""
TEST-Netz-Orakel,Abnahme,13.8,Pruefnetz: metamorphe Relationen ueber den erzeugten Eingaben und die Programme der Referenz als Korpus,,M11 (Einbettung),offen,M11 Schritt 29b; FB-382,""
TEST-Netz-Solver,Abnahme,13.8,"Pruefnetz: Solver und Version im Bericht, z3 und cvc5 je entschiedenem Urteil gleich, Bewiesenes als Monitor in den erzeugten Laeufen",,M11 (Einbettung),offen,"M11 Schritte 26, 28, 30; FB-380",""
TEST-Netz-Mutationen,Abnahme,13.8,Pruefnetz: Mutationstests je Schritt auf dem Diff und vor dem Abschluss je Crate; ueberlebende Mutanten als Befund und Ratsche,,M11 (Einbettung),offen,M11 Schritt 30; FB-379,""
SC-65,Statische Prüfung,10,"Beweisdatei (`.takt-proof`, 11.3): Der Programm-Hash der Datei stimmt mit der Quelle überein; nur dann entfallen die bewiesenen impliziten Prüfungen im erzeugten Code",F,M10,teilweise,"`takt-sema/src/checks.rs` (SC65), `takt-sema/tests/analysis.rs`; nachgetragen 2026-10-03 (FB-400); seit 2026-10-08 ist eine Stelle Anfang, Ende und Art (FB-393, Beweisdatei Fassung 2); offen: der Pfad, auf dem der Interpreter eine bewiesene Stelle weiter prueft und einen Verstoss meldet, hat keinen Test (KOR-025)",crates/takt-sema/tests/analysis.rs::an_external_proof_drops_the_check_and_a_stale_one_is_refused; crates/takt-prove/tests/with_solver.rs::a_site_is_its_start_its_end_and_its_kind
TEST-Netz-Werkzeug_Schranke,Abnahme,13.8,"Pruefnetz: Ein fehlendes Werkzeug ist ein Fehler, kein Bestehen (`takt-testkit::require`, `TAKT_ALLOW_MISSING`); Boards, Wirts-Korpus und Cross-Kette als `ignored`",,M11 (Einbettung),fertig,"2026-10-03: FB-392; `takt-testkit` mit Tests, 52 Tests als `ignored` in der Workspace-Suite",crates/takt-testkit/src/lib.rs::a_missing_tool_fails_the_test; crates/takt-testkit/src/lib.rs::an_allowed_missing_tool_skips; crates/takt-testkit/src/lib.rs::only_a_named_tool_may_be_missing
TEST-Netz-Diagnosen,Abnahme,13.8,"Pruefnetz: erwartete Diagnosen je Datei aus einem Leser (`takt_testkit::expect`), `ok_` fehlerfrei, `bad_` scheitert nur an Angemerktem, Schwere gegen Tabelle 10, jede Pruefung mit Verzeichnis oder Grund, Diagnosekatalog der Meldestellen als Ratsche (crates/takt-sema/tests/diagnostics.rs, tests/checks.rs; plan/m11.md 2.13)",,M11 (Einbettung),fertig,,crates/takt-sema/tests/diagnostics.rs::every_corpus_file_reports_exactly_its_annotated_errors; crates/takt-sema/tests/diagnostics.rs::every_check_reports_with_the_severity_of_table_10; crates/takt-sema/tests/diagnostics.rs::every_diagnostic_site_has_a_triggering_program; crates/takt-sema/tests/checks.rs::every_check_directory_passes; crates/takt-testkit/src/expect.rs::a_missing_an_unexpected_and_a_misplaced_diagnostic_are_named
TEST-Netz-Eine_Quelle,Abnahme,13.8,"Pruefnetz: Schema und Layout aus einer Quelle — Randstrukturen des C-Rahmens aus takt-hal mit `_Static_assert`, Prototypen gegen `takt-native-abi`, begruendete meta-Liste des MIR-Formats, festgeschriebene Hashes, Arena gleich in Kopf, Manifest und Rust-Typ, Nummern von `next_run` aus takt-rt-core (plan/m11.md 2.13)",,M11 (Einbettung),fertig,,crates/takt-frame/tests/edge_abi.rs::the_frame_declares_the_edge_core_as_it_is_defined; crates/takt-mir/tests/roundtrip.rs::every_field_outside_the_logic_hash_has_a_reason; crates/takt-mir/tests/roundtrip.rs::the_hashes_of_a_fixed_program_are_pinned; crates/takt-rt-core/tests/loop.rs::every_end_of_a_run_comes_back_from_its_code
PAR-8.7-Handler_Guard_v1.1,Absatz/Regel,8.7,Handler-Guard (v1.1),,,fertig,,crates/takt-sema/tests/handler_guard.rs::the_guard_selects_the_handler; crates/takt-sema/tests/handler_guard.rs::a_false_guard_still_consumes_the_element; crates/takt-conformance/tests/differential.rs::the_product_automaton_dispatches_like_the_interpreter; corpus-try/100_dispatch.takt
PAR-8.8-Pin_und_Byte,Absatz/Regel,8.8,"Ein Pin und ein Byte werden gemeinsam committet, aber nicht gemeinsam wirksam",,,rationale,,
PAR-11.5-Overlay_ueber_den_Zustandsbaum,Absatz/Regel,11.5,Overlay über den Zustandsbaum,,,teilweise,"Inventur 2026-10-04: Overlay der Instanzen, Ersparnis im Report und Peak umgesetzt, aber nur relativ geprueft (tests.csv SEM2-009 offen); dass persist nie ueberlagert wird, zeigt latches_are_never_overlaid nicht, es prueft nur Journal > 0 (SEM2-010 offen)",
PAR-11.5-Herkunft_gemessen,Absatz/Regel,11.5,Warum `gemessen` eine eigene Herkunft ist,,,teilweise,"Inventur 2026-10-04: Flash ohne Objekt offen und ausserhalb der Summe, mit Objekt gemessen und eingerechnet, Stack-Pfad je Maschine, SC-39 gegen ram/flash belegt; die Ueberschreitung nennt nicht die groessten Posten, nur einen festen Vorschlagstext (calibrated.rs memory_budget); IRAM nur in takt size, kein Compile-Fehler; takt size --target und __riscv_save_N ohne Test",
PAR-12.10-Was_ein_Port_ist,Absatz/Regel,12.10,Was ein Port ist,,,fertig,,crates/takt-conformance/tests/ports.rs::three_writes_in_one_tick_arrive_in_order; crates/takt-conformance/tests/ports.rs::the_generated_code_maps_ports_like_the_interpreter; crates/takt-conformance/tests/mcu_codegen.rs::ports_differ_only_in_their_helpers; crates/takt-conformance/tests/driver_uart.rs::the_whole_program_lowers_to_native_code; crates/takt-sema/tests/semantics.rs::a_stream_at_the_read_address_advances_per_port_read
PAR-12.10-Zugriffsarten_am_Bitfeld,Absatz/Regel,12.10,Zugriffsarten am Bitfeld (3.7),,,fertig,,corpus-try/checks/SC-46/bad_whole_port_record.takt
PAR-12.10-Geraetemodell_Pflicht,Absatz/Regel,12.10,Gerätemodell in der Simulation: Pflicht,,,teilweise,"Inventur 2026-10-04: Channel-Paar, Schreibstrom in Reihenfolge, Lesestrom mit Default und letztem Element belegt; Unit-Delay beim Pegel-Lesen, Sichtbarkeit eines Schreibvorgangs erst im naechsten Tick und Unabhaengigkeit von der Schrittfolge (Satz 9.4.1, FB-307) prueft kein Test (tests.csv KON2-029 offen); Lesestrom an mmio/ADR/r nur im Interpreter, der Wirtsrahmen bricht mit #error ab (takt-conformance/src/ports.rs)",
PAR-12.10-Was_die_Treiberstufe_nicht_aendert,Absatz/Regel,12.10,Was die Treiberstufe nicht ändert,,,rationale,,
