ID,Quelle,Thema,Befund,Art,Referenzstelle,Geprueft,Bewertung,Empfehlung,Meilenstein,Prioritaet,Status,Blockiert durch
FB-01,uart+servo,Zeilenfortsetzung,"Ausdruecke, Attributlisten und Methodenketten lassen sich nicht umbrechen; beide Treiber scheitern daran am Parser.",Sprachluecke,grammar/lexer.md L2.2; 2.3 channel_decl,"Bestaetigt: Fortsetzung gilt nur in offenen ( [ {. `with a = 1,\n b = 2` und `.method()` in der Folgezeile sind Fehler. Haeufigste Fehlerursache in beiden Dateien.","Echte Luecke. Beide Entwickler haben unabhaengig denselben Stil gewaehlt; bei 80-Zeichen-Zeilen und langen Attributlisten ist Umbrechen unvermeidlich. Der Formatter kann heute nichts umbrechen, was er nicht wieder einlesen koennte.","Erledigt: Lexerregel L2.2a — haengendes Komma am Zeilenende, oder Folgezeile, die mit `.`, einem Infix-Operator, `and`, `or` oder `with` beginnt. `-`/`~` (Vorzeichen) und `->`/`..` ausgenommen. Zehn Lexervektoren, Regel in grammar/lexer.md und 2.1, Formatter zieht die Fortsetzung zusammen.",M3,hoch,behoben 2026-09-10,
FB-02,servo,Bitfelder ueber Skalaren,"`record ... with bits:` deklariert benannte Bitfelder, aber `s.flags.ready` ist kein gueltiger Zugriff.",Umsetzungsluecke,3.7 (Bitfelder mit Positionen),"Bestaetigt: `s.flags.ready` ergab `error[SC-3]: kein Zugriff `ready` auf `u16``. Die MIR trug `RecordDef.bits`, `layout.rs` prueft Ueberlappung (Pruefung 46) — nur das Lowering fehlte. Der Codec brauchte nichts: das Bitfeld ist eine Sicht auf den Traeger, den er ohnehin serialisiert.","Klare Umsetzungsluecke, keine Sprachfrage: die Referenz definiert es, M2 hat den Traeger gebaut und den Zugriff vergessen. Der Entwickler hat deshalb acht `if (sw & MASK) == PATTERN` von Hand geschrieben - genau der untypisierte Code, den 3.7 vermeiden soll.","Erledigt: Lesen senkt auf `bit`/`bits`, Schreiben auf `with_bit` (einzelnes Bit) beziehungsweise Maske und Einsetzen; beide Richtungen nennen bei einem Tippfehler die deklarierten Namen. 5 Tests in bitfields.rs, Zugriffsregeln in 3.7 ergaenzt. Kein neuer MIR-Knoten.",M2 (Nachtrag),hoch,behoben 2026-09-10,
FB-03,uart,`bytes.push` liefert kein `bool`,"3.9 definiert `.push(x) -> bool`; die Umsetzung laesst `push` nur als Anweisung zu, der Rueckgabewert ist unerreichbar.",Umsetzungsluecke,"3.9 (bytes<N>, vec<T,N>)","Teils widerlegt: `ok = b.push(1)` auf einer schon deklarierten Stelle ging, `if b.push(1):` nicht — und `var ok = b.push(1)`, die Form aus dem Treiber, ebenfalls nicht.","Zwei verschiedene Dinge in einem Befund. Die Verschachtelung ist bewusst verboten: 4.4 verlangt seiteneffektfreie Ausdruecke, damit die Auswertungsreihenfolge irrelevant bleibt und jede Faultquelle eine Statement-Position hat. Die Deklaration mit Initialisierer war dagegen eine Luecke — sie ist selbst ein Statement, also kann sie Ziel des Aufrufs sein.","Erledigt: `var ok = b.push(x)` und `var v = inst.step(x)` senken als Methodenaufruf mit der neuen Variablen als Ziel; ein angegebener Typ wird geprueft, eine Methode ohne Ergebnis abgelehnt. 4.4 nennt die veraendernden Methoden jetzt beim Namen, 3.9 verweist darauf. Nebenbefund: Pruefung 7 und 15 zaehlten `o = b.push(x)` nicht als Schreibvorgang. 4 Tests.",M3,hoch,behoben 2026-09-10,
FB-04,uart,`reader`/`writer` fehlen,3.9 und der Stufenplan fuehren `reader`/`writer` als v1-Kern; sie sind nicht implementiert.,Umsetzungsluecke,"3.9, 11.4, 15 (v1-Kern)","Bestaetigt und eingeordnet: `writer(b)` meldet `nicht definiert`. Der Grund ist aber nicht Vergesslichkeit — beide sind nach 11.4 Bloecke ueber `bytes<N>` und brauchen Konstantenvariablen in Generics (`block reader[const N]`, 3.12), die Abschnitt 15 selbst unter v1.1 fuehrt. In M2 waren sie nicht baubar. Die uebrige Standardbibliothek (lowpass, pid, …) fehlt aus demselben Grund ebenfalls.","Der Widerspruch lag in unseren Dokumenten, nicht in der Umsetzung: plan/features.csv hatte es richtig, die M2-Zeile in plan/plan.md war der Fehler. Praktisch wiegt die Luecke leichter als gedacht — `layout` mit `encode`/`decode`, `push` und Index-Schreiben deckt Kopf, Nutzlast und Pruefsumme ab; was fehlt, ist der laufende Cursor ueber ungleichen Feldern.","Erledigt: M2-Zeile in plan/plan.md korrigiert und begruendet, LIB-reader/-writer (und window_min, pid_i) auf v1.1 gestellt, LIB-clamp/-interp auf fertig. 3.9 nennt die Stufe und den Weg bis dahin; ein Test in wire.rs haelt fest, dass dieser Weg wirklich traegt.",M3,hoch,behoben 2026-09-10,
FB-05,uart,Index-Schreiben auf `bytes<N>`,Der Entwickler hielt `b[i] = x` fuer unmoeglich und hat `with_byte` erfunden.,Umsetzungsluecke + Referenzluecke,"3.9 (bytes<N>), 2.3 lvalue","Teils widerlegt, teils bestaetigt: `b[0] = 7` besteht die Semantikpruefung, trapte aber zur Laufzeit mit `Bug(""Zuweisungsort in bytes"")` — `place_mut` kannte nur `Array` und `Vec`, nicht `Bytes`. 3.9 zaehlte zudem nur Index-*Lesen* auf.","Doppelter Befund: die Referenz nannte den Weg nicht, und er war ausserdem nur halb umgesetzt. Der Entwickler haette ihn also selbst dann nicht nutzen koennen, wenn er ihn gefunden haette. Backpatching (COBS, Laengenpraefix, CRC) ist die zentrale Aufgabe jedes Rahmungscodecs.","Erledigt: Schreibweg fuer `bytes` in `Ctx::assign` ergaenzt (Range-Fault wie beim Lesen), 3.9 um Index-Schreiben und Backpatching erweitert, zwei Regressionstests in semantics.rs.",sofort (Referenz),hoch,behoben 2026-09-10,
FB-06,servo,"„untersucht heisst konsumiert"" wirkt je Maschine","Der Entwickler baute einen Router mit `pub var`, weil ein zweiter Konsument den Stream „schon verbraucht"" haette.",Referenzluecke,"8.6, 9.6 (cur[s, m])","Widerlegt: zwei Maschinen mit `on q as e:` sehen beide jedes Element (selbst nachgestellt, beide Zaehler laufen synchron). Jede Maschine hat ihren eigenen Cursor `cur[s, m]`.","Der Entwickler hat daraus ein Router-Muster mit handgeschriebenem „Flag gilt einen Tick"" abgeleitet und nennt es selbst fehleranfaellig. Die Formel in 9.6 sagt es, der Prosatext in 8.6 nicht deutlich genug.","In 8.6 einen Satz ergaenzen: der Cursor gehoert der Maschine, mehrere Konsumenten sehen unabhaengig voneinander jedes Element. Damit entfaellt das Router-Muster.",sofort (Referenz),hoch,behoben 2026-09-10,
FB-07,uart+servo,Argumentfolge von `check … for d`,"Beide Treiber schreiben `check cond for d, ""msg""`; die Grammatik verlangt `check cond, ""msg"" for d`.",Referenzluecke,"2.3 check_stmt, 5.6","Bestaetigt: die Treiberform ergibt `error[P]: erwartet Zeilenende, gefunden `,``. Die Grammatikform uebersetzt.","Zwei unabhaengige Entwickler, derselbe Irrtum - das ist kein Zufall, sondern ein Hinweis, dass die natuerliche Lesart „Bedingung, Dauer, dann Meldung"" ist. Der Prosatext 5.6 zeigt die richtige Reihenfolge nur in einem Beispiel.","Guenstig: die Fehlermeldung des Parsers an dieser Stelle die richtige Reihenfolge nennen lassen. Teurer, aber nutzerfreundlicher: beide Reihenfolgen zulassen.",M3,mittel,behoben 2026-09-10,
FB-08,servo,`.or()` auf Nicht-Float-Channels,"Unsicherheit, ob `.or()` auf einem Enum-Channel legal ist, weil Beispiele es nur bei Floats zeigen.",Referenzluecke,"3.5, 3.8",Widerlegt: `mode_in.or(OFF)` auf einem Enum-Channel uebersetzt fehlerfrei.,"Kleine, billige Doku-Luecke. Der Entwickler hat mehrfach gezoegert - das kostet Zeit, ohne dass etwas fehlt.",In 3.5 ein Beispiel mit Enum- und Bool-Channel ergaenzen.,sofort (Referenz),niedrig,behoben 2026-09-10,
FB-09,servo,Phase von `every` im maschinenweiten `loop:`,"Unklar, ob `next` ueber Zustandswechsel und Faults hinweg weiterlaeuft.",Referenzluecke,5.8,"Umgesetzt wie vom Entwickler vermutet: ein maschinenweites `every` misst gegen `now` (`every_clock`), ein zustandsgebundenes gegen `time_in_state`.",Das Verhalten ist richtig und war eine bewusste Entscheidung aus M1. Es steht nur nicht im Text; der Entwickler hat es sich erschlossen und war unsicher.,"Einen Satz in 5.8 ergaenzen: im maschinenweiten `loop:` ueberlebt die Phase Zustandswechsel und Faults, weil `now` die Uhr ist.",sofort (Referenz),niedrig,behoben 2026-09-10,
FB-10,uart,Zulassungskriterium der Treiberstufe,"Ein `driver machine` kann ein Geraet nur pollen, wenn FIFO-Tiefe/Byterate > T0 + Jitter. Das steht nirgends.",Sprachluecke,"15 (v1.2), 8.10, 7.2","Bestaetigt: `port` meldet korrekt v1.2. Zu `driver machine` gibt es ausser einer Zeile im Stufenplan keinen Text - kein Zulassungskriterium, keine Pruefung.","Der schwerwiegendste Befund des UART-Berichts, und er stimmt: bei 921600 Bd und 16-Byte-FIFO bleiben gegen einen 100-us-Tick 73 us Reserve. Der Treiber laeuft dann in 99,9 Prozent der Ticks - genau die Fehlerklasse, die „if it compiles it cannot crash"" ausschliessen soll. Compiler kennt T0; FIFO-Tiefe steht in der Hardware-Konfiguration (8.10).","Entworfen in plan/feedback-design.md 2: statische Pruefung SC-59 mit dem Urteil ""nicht pollbar"". Regel `fifo_depth/byte_rate >= P_m + jitter + wcet_poll`, alle vier Groessen misst `driver-test` ohnehin (13.8) — die Pruefung verlangt keine neue Eingabe. Fehlt eine, ist sie nicht entscheidbar und verlangt Messung oder `with polling = unchecked` im Lauf-Header. Fehler, nicht Warnung, mit drei Auswegen. In 10.1 als Pruefung 59 aufgenommen, SC-59 in der Inventur (M8). Nachtrag 2026-09-26: Umgesetzt in M8 Schritt 18 (131344b): `takt_sema::calibrated::polling`, `corpus-try/checks/SC-59/`, `crates/takt-sema/tests/polling.rs`.",M8 (mit port),hoch,umgesetzt 2026-09-22,
FB-11,uart,Registerfelder ohne Zugriffsart (W1C),Read-Modify-Write auf ein Register mit W1C-Bits loescht ungesehene Ereignisse. Feldzugriffsarten fehlen.,Sprachluecke,"3.7, 15 (Treiberstufe)","Nicht pruefbar, weil `port` v1.2 ist. Die Referenz sagt zur Treiberstufe „sofort und in Programmordnung"", nichts ueber Feld- gegen Ganzregisterzugriff.","Korrektheitsproblem, nicht Ergonomie - der Entwickler stuft es richtig ein. Es ist zugleich die Stelle, an der Takt auf Treiberebene *besser* als C waere statt nur gleich gut. Haengt eng an FB-02: beides braucht echte Bitfeld-Semantik.","Entworfen in plan/feedback-design.md 1 (zusammen mit FB-16): Zugriffsarten `rw ro wo w1c w0c rsvd` am Bitfeld, nicht am Traeger — ein Register mischt sie. Entscheidend: Eine Zuweisung an ein `w1c`-Feld senkt *nicht* auf Read-Modify-Write, sondern auf einen einzelnen Schreibvorgang mit Einzelbitmaske; damit ist das Loeschen ungesehener Ereignisse strukturell unmoeglich. Zusatzregel: Ein Traeger mit `w1c`/`w0c`-Feldern darf nicht als Ganzes geschrieben werden, sonst entstuende der RMW ueber die Hintertuer. Nur an `port`-Records.",M8 (mit port),hoch,"behoben 2026-09-21 (M8 Schritt 14): Zugriffsarten am Bitfeld, `w1c` ohne RMW, Traeger mit `w1c` nicht als Ganzes schreibbar; `checks/SC-46/`, Korpus `67_bitfield_access.takt`",
FB-12,servo,`signal` mit Nutzlast,"Ein Signal traegt keinen Wert; Nutzlast erzwingt `pub var` plus handgeschriebenes „gilt einen Tick""-Zuruecksetzen.",Sprachluecke,"5.8 (signal), 8.6",Bestaetigt: `signal` ist ein reiner Puls ohne Wert.,"Der Entwickler nennt es seine Nummer-eins-Ergaenzung. Nach FB-06 faellt der Hauptgrund (Router-Muster) aber weg: mit eigenen Cursorn je Maschine kann jeder Interessent den Stream direkt lesen. Der Rest - „ein Ereignis mit Wert, ohne Stream-Deklaration"" - bleibt ein legitimer, aber kleinerer Wunsch.","Abgelehnt (plan/feedback-design.md 8). Nach FB-06 ist der Hauptgrund entfallen: Jede Maschine hat ihren eigenen Cursor, ein interner `stream<E> with capacity = 1` leistet genau das gewuenschte Ereignis mit Wert und steht seit M2 (nachgestellt). Eine Nutzlast an `signal` braechte die Fragen nach Kapazitaet, Ueberlauf und Lebensdauer zurueck, die `stream<E>` bereits beantwortet. 5.8 nennt den Weg jetzt.",-,niedrig,abgelehnt 2026-09-11,
FB-13,servo,Tabellengetriebene Geraetekonfiguration,Zehn nahezu gleiche `send`+`until`-Paare; eine Schleife ueber eine Konstantentabelle ist nicht schreibbar.,Sprachluecke,"5.5 (sequence), 8.11","Nachgestellt: `until X timeout d -> ZIEL` uebersetzt. Eine `for`-Schleife ueber eine Tabelle, in der jeder Durchlauf auf eine Antwort wartet, gibt es nicht - `until` ist ein Sequenz-Item, kein Statement.","Der Entwickler nennt das die einzige Stelle mit fehlender Ausdrucksmacht, nicht nur Bequemlichkeit. Das trifft zu: Geraetekonfiguration ueber SDO/Modbus/I2C ist ein Standardmuster jedes Feldbustreibers, und 8.11 adressiert die Klasse ausdruecklich.","Entworfen in plan/feedback-design.md 5 — und dabei *verkleinert*. Von den drei Auswegen scheidet ""`until` als Statement"" aus: `until` zieht seine Bedeutung aus der Segmentstruktur (6.2), und ein `loop:` hat keine Segmente. Umgesetzt wird der Segment-Default `sequence with timeout = 2 s -> NET_DOWN:`; er loest den grossen Teil des Schmerzes (zwanzig Zeilen im Bericht) zum kleinen Preis und versteckt nichts. Die Schleife ueber eine Tabelle bleibt offen, bis ein zweiter Bericht denselben Fall bringt. Umgesetzt 2026-09-16 (M6 Schritt 10): `sequence with timeout = d [-> X]:` als Segment-Default — Grammatik, Parser, Formatierer, S-Ausdruck, Sema (`seq_timeout`); 6.2 nennt die Regel. Tests in `takt-sema/tests/segment_timeout.rs`.",M6,mittel,behoben 2026-09-16,
FB-14,uart,Muster ueber dekodierten Sichten,"`on rx_frames matches LinkHeader(kind = ACK)` geht nicht, wenn das Element `bytes<N>` ist: die Unterscheidung steckt hinter `decode`.",Sprachluecke,"8.7, 8.6 (Record-Streams)","Teilweise widerlegt: auf einem `stream<Record>` funktioniert `on s matches Rec(feld = wert) as h` einwandfrei. Nur ueber `bytes<N>` fehlt der Weg, weil ein Muster kein Ausdruck ist.","Der Befund ist enger als beschrieben, aber real: bei nichttrivialer Rahmung (COBS+CRC) liegt der typisierte Record erst nach eigener Dekodierung vor, und dann ist zustandsweiser Dispatch verloren. Der Entwickler beschreibt die Zwangswirkung richtig - nichttriviale Rahmung wird TCB oder verliert Handler-Dispatch.","Entworfen in plan/feedback-design.md 4: Handler-Guard `on s as e when <guard>:`. Von drei Formen die einzige, die den Muster-DFA aus 8.7 unangetastet laesst — ein Muster mit Funktionsaufruf zerstoert die Alphabetklassen-Konstruktion, ein Guard laeuft danach als gewoehnlicher Code mit sichtbaren Kosten. Zwei Regeln: Der Guard ist seiteneffektfrei (4.4), und ein Element mit `false`-Guard gilt als untersucht und wird konsumiert — alles andere waere ein zweiter Cursor-Begriff neben 8.6. Umgesetzt 2026-09-16 (M6 Schritt 10): `on s [matches P] [as e] when g:` — Guard nach dem Muster, `false` reicht an den naechsten Handler weiter, ohne Treffer gilt das Element als untersucht; Interpreter und Codegen (`handler_chain`). 8.7 nennt die Regel. Tests in `takt-sema/tests/handler_guard.rs`.",M6,mittel,behoben 2026-09-16,
FB-15,uart,Kein `peek` auf Stroemen,Backpressure-Schleifen wollen vor der Entscheidung hinsehen; bei `bytes<N>` ist die Elementgroesse vorher unbekannt.,Sprachluecke,8.6,"Teilweise widerlegt: `s.count`, `.dropped`, `.overflowed`, `.free` lesen ohne zu konsumieren. Was fehlt, ist der *Wert* des naechsten Elements ohne Cursor-Fortschritt.","Fuer feste Elementgroessen loest `count` das Problem, wie der Entwickler selbst schreibt. Der offene Fall - variable Laenge in einem Store-and-Forward-Pfad - ist echt, aber schmal.","Entworfen in plan/feedback-design.md 6: `s.peek() -> E?`, aber mit der Regel, dass ein `peek` das Element *untersucht* im Sinne von 8.6, ohne den Lesecursor zu bewegen. Das ist die ganze Entscheidung: 8.6 fuehrt zwei Begriffe, und `peek` setzt den ersten, nicht den zweiten. Ohne diese Regel waere `peek` ein Loch in Lemma 9.6.1 — wer nur peekt, liesse das Fenster wachsen. Mit ihr ist es eine Zeile in 8.6. Umgesetzt 2026-09-16 (M6 Schritt 10): `s.peek() -> E?` untersucht das naechste Element, ohne den Cursor zu bewegen; am Tick-Ende rueckt der Cursor wie nach jedem untersuchten Element (Lemma 9.6.1). Interpreter und Sema; im Codegen seit M6 Schritt 23 (2026-09-16, `stream_peek`), differentiell geprueft in `49_record_streams.takt` — der Handler desselben Ticks sieht das gepeekte Element auch nativ. 8.6 nennt die Regel. Tests in `takt-sema/tests/peek.rs`.",M6,niedrig,behoben 2026-09-16,
FB-16,servo,Aktiv-low-Bits nicht deklarierbar,CiA-402-Controlword hat aktiv-low-Bits; das Controlword muss durch Weglassen eines Bits gebaut werden.,Sprachluecke,3.7,"Nicht pruefbar, solange FB-02 offen ist (benannte Bitfelder wirken nicht).","Der Entwickler nennt es die Stelle, die er einem Techniker am wenigsten erklaeren moechte. Aktiv-low ist in Feldbussen und GPIO die Regel. Klein im Aufwand, gross in der Lesbarkeit - und billig, wenn FB-02 ohnehin angefasst wird.","Entworfen in plan/feedback-design.md 1 (zusammen mit FB-11): `active_low` als *unabhaengiger* Modifikator neben der Zugriffsart — Polaritaet und Zugriffsart sind orthogonal, in einem Schluesselwort vermischt ergaeben sie eine Kombinatorik, die niemand liest. Invertiert transparent an genau zwei Stellen (Senken von Lesen und Schreiben); der Traeger bleibt roh. Anders als die Zugriffsarten auch an gewoehnlichen `layout`-Records erlaubt, weil ein invertiertes Bit in einem Drahtformat ein normaler Kodierungsfall ist.",M8 (mit port),mittel,"behoben 2026-09-21 (M8 Schritt 14): `active_low` als eigener Modifikator, invertiert beim Senken von Lesen und Schreiben; der Traeger bleibt roh",
FB-17,servo,Entdimensionierung als Ritual,"`round(x / (1 inc/s)) as u32` steht sechsmal im Treiber, nur um die Einheit loszuwerden.",Ergonomie,3.2,Bestaetigt: die Division durch ein Einheitenliteral ist der vorgesehene Weg und funktioniert.,"Die nominale Semantik ist richtig und soll bleiben. Der Wunsch ist nicht Ausdrucksmacht, sondern Absicht sichtbar machen: „ich schreibe jetzt einen Rohwert auf den Bus"" ist etwas anderes als eine Division.","Abgelehnt (plan/feedback-design.md 7). `x.raw(U)` spart vier Zeichen und stellt daneben eine zweite Schreibweise fuer dieselbe Operation. Vor allem ist die Division durch ein Einheitenliteral nicht Ritual, sondern nennt den Umrechnungsfaktor explizit — genau darin liegt die Sicherheit. Der Bericht zeigt aber, dass sie als Behelf gelesen wird: 3.2 benennt sie jetzt ausdruecklich als *das* vorgesehene Idiom und sagt, warum es keine Kurzform gibt.",-,niedrig,abgelehnt 2026-09-11,
FB-18,servo,Lint fuer vergessenes `follows`,Ein fehlendes `follows` uebersetzt fehlerfrei und macht das Programm still um einen Tick traeger.,Sprachluecke,"7.2, Pruefung 33","Bestaetigt: Pruefung 33 prueft nur Azyklizitaet der vorhandenen Kanten, nicht ob eine fehlt.","Guter Vorschlag, und der Compiler hat alle noetigen Angaben: Leser, Schreiber und Perioden sind bekannt. Eine Warnung „A liest `pub var` von B mit Unit-Delay, obwohl B im selben Tick laeuft"" ist billig und faengt einen Fehler, der sonst nur als Latenz auffaellt.","Entworfen in plan/feedback-design.md 3 (zusammen mit FB-38): Warnung, wenn A eine `pub var` von B liest, B im selben Tick aktiv ist und `follows B` fehlt. Warnung und nicht Fehler, weil der Unit-Delay manchmal gewollt ist. Beide `follows`-Lints sind zwei Haelften derselben Frage — weiss der Programmierer, in welchem Tick er liest — und brauchen dieselben Angaben. Pruefung 33 ist damit Klasse `F / W`. Behoben 2026-09-16 mit `follows` (M6 Schritt 2): Pruefung 33 warnt, wenn eine Maschine `m.x`, `m.state` oder ein Signal einer anderen liest, die im selben Tick aktiv sein kann (Perioden und Phasen, `schedule::same_tick`) und nicht gefolgt wird; Text und Vorschlag wie in plan/feedback-design.md 3.1. Test `a_missing_follows_warns_only_when_both_run_in_the_same_tick`.",M6 (mit follows),mittel,behoben 2026-09-16,
FB-19,uart,Kennzahl impliziter Pruefungen trennen,Bei Protokollcode zaehlt der Report jeden Slice-Check mit; Nutzer halten guten Code fuer schlecht.,Ergonomie,"3.4, 13.4",Noch nicht pruefbar: die Intervallanalyse kommt erst in M3.,"Der Einwand ist berechtigt und billig zu beruecksichtigen, solange der Report noch entworfen wird. Eine Kennzahl, die den Nutzer zum falschen Schluss fuehrt, ist schlechter als keine.","Erledigt: Der Report schluesselt die Kennzahl nach Ursache auf — `implizite Pruefungen: n (Arith …, Convert …, Declared …, Index …)`, dazu „davon mit Warnung"". Die Achse „geschrieben gegen eingefuegt"" aus dem Bericht traegt nicht, weil jede implizite Pruefung eingefuegt ist; die Ursache sagt stattdessen, woher sie kommt.",M3,mittel,behoben 2026-09-11,
FB-20,uart,Drei aehnliche Textpuffertypen,"`str<N>`, `line<N>`, `bytes<N>` - jedes Mal nachschlagen, welcher `.truncated` hat.",Ergonomie,3.9,Bestaetigt: nur `line<N>` traegt `.truncated`.,"Die Trennung ist begruendet (`line` ist der Elementtyp zeilengerahmter Stroeme). Der Aufwand liegt beim Nachschlagen, nicht beim Schreiben.","In 3.9 eine dreizeilige Vergleichstabelle: Zweck, Herkunft, `.truncated` ja/nein.",sofort (Referenz),niedrig,behoben 2026-09-10,
FB-21,uart,`pub var`/`signal` auf Dateiebene,Beide auf Dateiebene deklariert; der Parser lehnt ab.,Irrtum,"2.3 file, 5.8",Bestaetigt als richtige Ablehnung: beide gehoeren in eine Maschine. In der Maschine uebersetzen sie.,"Kein Handlungsbedarf an der Sprache. Der Entwickler hat es selbst als Platzhalter markiert („Platzhalter entfaellt"").","Erledigt: Der Hinweis nennt jetzt die Maschinenebene statt nur aufzuzaehlen, was auf Dateiebene erlaubt ist — `pub var`/`var`/`persist var` verweisen auf 5.1, `signal` auf 5.8, die Zustandsschluesselwoerter auf 2.3. Zwei Entwickler haben die Deklarationen unabhaengig oben geschrieben; die Meldung fuehrt sie jetzt an die richtige Stelle. Test `a_machine_level_declaration_at_file_level_names_its_place`.",-,niedrig,behoben 2026-09-11,
FB-22,servo,Schluesselwoerter als Bitfeldnamen,"`state : u8 at 0..6` in einem Record scheitert, weil `state` ein Schluesselwort ist.",Irrtum,2.5 (reservierte Membernamen),"Bestaetigt als richtige Ablehnung: 2.5 sagt ausdruecklich „Schluesselwoerter sind als Feldnamen verboten"".","Regel steht klar in der Referenz. Der Entwickler hat sie uebersehen, nicht die Sprache falsch gebaut.","Erledigt durch die Ergaenzung aus FB-40: 2.5 sagt jetzt, dass Schluesselwoerter im ganzen Programm keine Bezeichner sind — nicht nur als Feldnamen — und listet die fuenf haeufigen Kollisionen (`on`, `state`, `unit`, `step`, `at`) mit erprobten Ausweichnamen. `state` als Bitfeldname ist der Fall dieses Berichts.",-,niedrig,behoben 2026-09-11,
FB-23,uart,`scenario`/`campaign` sind v1.1,"Der UART-Treiber deklariert `language = 1`, nutzt aber `scenario` und `campaign`.",Irrtum,15 (v1.1),Beide sind laut Stufenplan v1.1; der Entwickler lobt sie als staerkstes Produktargument.,"Kein Sprachproblem, aber ein Signal: die Konstrukte, die den groessten Eindruck machen, sind noch nicht im Kern. Das stuetzt die Priorisierung von v1.1.","Keine Aenderung an der Sprache; als Signal aufgenommen. `scenario` und `campaign` sind v1.1 (M6) und bleiben es — dass gerade sie den groessten Eindruck machen, stuetzt die Priorisierung von M6, aendert aber nichts am Stufenschnitt. Der Compiler lehnt sie mit Stufenmeldung ab, was die richtige Antwort ist.",-,niedrig,zur Kenntnis 2026-09-11,
FB-24,uart,Zwei Persoenlichkeiten der Sprache,"Steuer-/Testhaelfte reif, Daten-/Protokollhaelfte spuerbar juenger; alle Luecken liegen in der zweiten.",Ergonomie,-,"Deckt sich mit dem Befund dieser Analyse: FB-02 bis FB-05, FB-14, FB-15 liegen samtlich in der Daten- und Protokollhaelfte.","Der wichtigste strukturelle Befund beider Berichte, und er ist durch die Fundverteilung belegt: 9 von 11 substanziellen Luecken betreffen Drahtformate, Puffer und Rahmung. Genau die Haelfte, an der die C-Migration haengt.","Erledigt: `corpus-try/13_protocol_analysis.takt` ist der Messfall der Protokollhaelfte, mit allen vier Konstrukten aus plan/m3.md 1.9 — Dekodierung (`Header.decode`), Slice ueber eine dekodierte Laenge, CRC-Schleife und Bitfelder. Der Test `the_protocol_case_keeps_its_implicit_checks_low` misst an ihm und ist Teil der Abnahme. Der Befund ist das eigentliche Ergebnis: **eine** implizite Pruefung, keine davon mit Warnung. Der UART-Bericht befuerchtet eine hohe Zahl; die Analyse beweist das Gegenteil, weil der Slice ueber `h.len` aus dem Laengenfeld `u8 in 0..64` und der vorangehenden Schranke bewiesen ist.",M3 (Planung),hoch,behoben 2026-09-11,
FB-25,M3-Abnahme,`on`-Handler auf Nicht-Stream,Ein `on`-Handler auf einem skalaren Input meldete `SC-3` statt `SC-27`; die Regel steht in Tabelle 10.1 unter 27.,Bug,10.1 (Pruefung 27); 8.7,"Bestaetigt: `stream_ref` trug den Code fest verdrahtet, obwohl es Lese- und `send`-Pfad zugleich bedient.","Echter Integrationsfehler. Der Korpuslaeufer schluesselt auf den Code — Pruefung 27 war damit zur Haelfte untestbar, ohne dass etwas aufgefallen waere.","Erledigt: `stream_ref_as(name, code)` nimmt den Code des Aufrufers, der `on`-Handler reicht `SC-27` durch. Korpus `SC-27/` mit beiden Haelften der Regel.",M3,mittel,behoben 2026-09-11,
FB-26,M3-Abnahme,Pruefungs-Korpora nicht kanonisch,Sieben Korpusdateien unter `corpus-try/checks/` waren nicht formatiert; `corpus_is_canonical` liest nur die oberste Ebene.,Bug,plan/formatter.md (Korpus als Golden-Test),"Bestaetigt: 7 von 124 Dateien abgedriftet, dazu `SC-50`, das reservierte Woerter enthaelt und nie formatierbar ist.","Der Korpus ist der Golden-Test des Formatters. Ein Teil davon, der nicht geprueft wird, verliert diese Eigenschaft still.","Erledigt: die sieben formatiert, `check_corpora_are_canonical` prueft nun alle Unterverzeichnisse ausser `SC-50`.",M3,mittel,behoben 2026-09-11,
FB-27,M3-Abnahme,`range`/`repr` ohne Roundtrip-Test,"Die beiden Felder aus Formatversion 4 wurden geschrieben und gelesen, aber vom Beispielprogramm nie gesetzt — der Roundtrip lief leer darueber.",Bug,plan/mir.md (Formatversion 4); 3.4,Bestaetigt: `sample.rs` setzte weder `Expr::range` noch `Expr::repr`; ein Verlust beim Schreiben waere unbemerkt geblieben.,"Die Annotationen sind das Ergebnis der ganzen M3-Analyse. Sie ungetestet durch das Dateiformat zu schicken, haette den Befund erst in M4 sichtbar gemacht.","Erledigt: `annotated()` im Beispielprogramm, Test `range_and_repr_survive_the_format` nennt beide Felder einzeln.",M3,mittel,behoben 2026-09-11,
FB-28,M3-Abnahme,Pruefung 25 ohne eigenen Fall,"`SC-25` ist nicht ausloesbar: Die Grammatik verlangt an jedem `var` ein `=`, und die einzige uninitialisierte Bindung faengt Pruefung 6 ab.",Befund,10.1 (Pruefung 25); 2.3 var_decl,Bestaetigt: `init: None` entsteht nur in `lower/pattern.rs`; jeden Lesezugriff darauf meldet schon `SC-6`.,"Kein Fehler, sondern eine Folge der Grammatik. Ein Korpus waere nur mit einem kuenstlichen Fall zu bauen gewesen — der Kommentar im Code behauptete ausserdem noch, auch Pruefung 6 sei nicht ausloesbar, was seit M3 falsch ist.","Erledigt: Kommentar richtiggestellt, `a_sequence_var_always_carries_an_initialiser` haelt den Grund fest und schlaegt fehl, sobald die Grammatik den Fall zulaesst.",M3,niedrig,behoben 2026-09-11,
FB-29,M3-Abnahme,Pruefung 5 meldet keinen Code,"`SC-5` ist strukturell — ein nicht dominiertes Lesen bekommt `checked[Valid]`, ein dominiertes nicht. Ein Korpusverzeichnis ist unmoeglich.",Befund,10.1 (Pruefung 5); 4.4,"Bestaetigt: `input_read` setzt den Knoten, meldet aber nie. Wie Pruefung 1, die die Codes des Lexers meldet.","Richtig so — die Referenz sagt ausdruecklich „impliziter Check ist Default"". Nur die Abnahme muss die Form pruefen statt des Codes.",Erledigt: `validity_dominance_shows_in_the_mir_not_in_a_code` haelt beide Haelften in der MIR fest.,M3,niedrig,behoben 2026-09-11,
FB-30,M3-Abnahme,Intervallarithmetik ohne Operatortraits,`Interval::add/sub/mul/div/rem/neg` verdeckten die gleichnamigen `std::ops`-Methoden; clippy meldete sechs Warnungen.,Stil,3.4,"Bestaetigt: die Signaturen entsprechen exakt den Traits, nur die Traits waren nicht implementiert.","Kein Fehlverhalten, aber eine Falle: `a.add(b)` haette sich jederzeit still zu `std::ops::Add` aufloesen koennen, wenn der inhaerente Block einmal wegfiele.","Erledigt: die sechs als `std::ops`-Traits gefuehrt, Aufrufstellen benutzen Operatoren (`a + b`). clippy ist workspaceweit warnungsfrei.",M3,niedrig,behoben 2026-09-11,
FB-31,dmx,Diagnose im Formatstring ohne Ort,"Ein Namensfehler in `log ""… {x}""` meldete die Stelle 1:1 statt der Spalte des Platzhalters.",Bug,3.9 (Formatstrings); 2.3 log_stmt,"Bestaetigt und reproduziert: `log ""start {zaehlr}""` meldete `1:1`. `format()` verschob nur Lexer- und Parserfehler per `shift`; die Diagnosen aus `self.expr` gingen ungeschoben durch — deren Spans zaehlen ab dem Platzhalter, nicht ab dem Dateianfang.","Echter Fehler, und erst an dieser Datei sichtbar geworden: In 970 Zeilen ist 1:1 als Fundort wertlos. Der Bericht nennt ihn nicht, weil der Autor nie uebersetzt hat — er faellt nur beim tatsaechlichen Lauf auf.","Erledigt: `FormatPiece::Expr` traegt den Versatz des Platzhalters, `shift_span` rechnet Literalanfang + Anfuehrungszeichen + Versatz. Der Caret steht jetzt exakt auf dem Namen. Test `an_error_inside_a_format_string_points_at_the_placeholder`.",M3,mittel,behoben 2026-09-11,
FB-32,dmx,Zeilenumbruch vor `->` im fn-Kopf,`fn f(...)` und `-> T:` auf zwei Zeilen scheitert; L2.2a schliesst `->` aus.,Sprachluecke,grammar/lexer.md L2.2a; 2.3 fn_decl,"Bestaetigt: Umbruch *innerhalb* der Parameterliste traegt (Klammertiefe), Umbruch *vor* `->` nach der schliessenden Klammer nicht. Zwei Stellen der Datei betroffen.","FB-01 hat den Hauptfall geloest, diesen einen nicht: `->` ist aus L2.2a ausgenommen, weil `-> ZIEL` in Maschinen eigene Zeilen bildet. Die Ausnahme ist richtig, trifft hier aber einen legitimen Fall — lange Signaturen mit Range-Typen sprengen 100 Zeichen.","Erledigt (dokumentiert): 2.1 und grammar/lexer.md nennen die Ausnahme fuer `->` ausdruecklich und zeigen den umbrechenden Stil (Umbruch in der Parameterliste, wo die Klammer traegt). Die Regel selbst bleibt unveraendert — `->` am Zeilenanfang zuzulassen waere entscheidbar, ist aber zurueckgestellt, weil der dokumentierte Stil den Fall deckt.",v1.1,niedrig,dokumentiert 2026-09-11,
FB-33,dmx,`push` brauche eine Wegwerf-Bindung,Bericht Punkt 1: jede `build_*`-Funktion sei eine Wueste aus `var a = pd.push(x)`; es fehle ein Wegwerf-Ziel `_`.,Irrtum,"4.4, 3.9",Widerlegt: `o.push(v)` als blosse Anweisung uebersetzt anstandslos — ein Ziel ist gar nicht noetig. Der Autor hat die Form nie probiert.,"Der aufwaendigste Reibungspunkt des Berichts beruht auf einer falschen Annahme; die toten Bindungen a, b, ok, ok2 sind alle unnoetig. Kein Sprachproblem, aber ein Doku-Befund: wenn ein erfahrener Leser das nicht sieht, sagt 4.4 es nicht deutlich genug.","Erledigt: 4.4 sagt jetzt ausdruecklich, dass das Ergebnisziel optional ist, und zeigt die drei Formen nebeneinander (`b.push(x)`, `ok = b.push(x)`, `var ok = b.push(x)`). Der Vorschlag `_ =` entfaellt damit begruendet.",sofort (Referenz),mittel,behoben 2026-09-11,
FB-34,dmx,Record-Arrays als Konstanten,"Bericht Punkt 5: `const SENSORS : [2] SensorDef = [SensorDef(...), ...]` sei vermutlich unmoeglich; statische Geraetetabellen fehlten.",Irrtum,"3.7, 11.3","Widerlegt: genau diese Form uebersetzt, samt `SENSORS[0].feld` als Ausdruck. Der Record-Konstruktor ist ein `const_expr`.","Der Autor nennt das die Stelle, an der er am meisten Zeit verloren hat — und vermutet selbst richtig, dass es erlaubt ist (""dann fehlt nur das Beispiel""). Statische Geraetetabellen sind in jedem Protokolltreiber der zentrale Datenblock.","Erledigt: 3.7 fuehrt Record-Konstanten und Arrays von Records als Geraetetabellen mit lauffaehigem Beispiel (`const SENSORS : [2] SensorDef = [...]`, Indexzugriff) und nennt sie als Ersatz fuer ternaere Ketten im Konstruktor.",sofort (Referenz),mittel,behoben 2026-09-11,
FB-35,dmx,Backpatching als Idiom,"Bericht Punkt 3: Pruefsumme ueber einen Puffer lesen und gleich danach hineinschreiben — erlaubt, aber unklar; es fehle ein Beispiel.",Referenzluecke,"3.9 (Index-Schreiben, Backpatching)","Bestaetigt als erlaubt: Lesen des Puffers in einem Ausdruck, `push`, Index-Schreiben und Pruefsumme ueber das Teilstueck laufen in einer Funktion fehlerfrei zusammen. Die Unsicherheit ruehrt von der Naehe zur `inout`-Aliasingregel, die hier nicht gilt.","FB-05 hat den Weg gebaut und 3.9 um Index-Schreiben erweitert; ein durchgehendes Beispiel fehlt weiter. Der Autor hat es umgangen, indem er `message_length` vorher ausrechnet — bei COBS ginge das nicht.","Erledigt: 3.9 zeigt das Backpatching-Muster vollstaendig (Kopf per `encode`, Nutzlast per `push`, Laenge per Index-Schreiben, Pruefsumme ueber das Teilstueck) und haelt die beiden Stolpersteine fest: Ergebnisziel optional, und die `inout`-Aliasingregel gilt fuer die Parameterbindung, nicht fuer Lesen und Schreiben derselben lokalen Stelle.",sofort (Referenz),mittel,behoben 2026-09-11,
FB-36,dmx,`const` im Funktionsrumpf,Bericht Punkt 4: `const_decl` steht nur auf Dateiebene; im Block gibt es nur `var_decl`.,Sprachluecke,"2.3 file/stmt, 2.4",Bestaetigt: die Grammatik fuehrt `const_decl` ausschliesslich in `file`. Im Rumpf ist es ein Syntaxfehler — in der Datei an einer Stelle (`pd_supported_params`).,"Der Autor stuft es richtig ein und nennt den Grund, der dafuer spricht (eine Datei-Konstante ist sichtbarer). Beides vertretbar; entscheidend ist, dass die Referenz sich dazu aeussert — er hat es beim Schreiben nicht bemerkt.","Erledigt (entschieden): `const` bleibt auf Dateiebene. 2.4 nennt den Grund (eine Konstante ist eine Eigenschaft des Programms, kein Zwischenwert; oben gefuehrt bleibt sie auffindbar und wiederverwendbar) und den gleichwertigen lokalen Weg — ein `var` mit konstantem Initialisierer, dessen Wert die Intervallanalyse genauso kennt.",v1.1 (Entscheidung),niedrig,dokumentiert 2026-09-11,
FB-37,dmx,Einheiten auf Indizes,Bericht Punkt 6: `unit slot` deklariert und unbenutzt — ein Array-Index ist strukturell `int in 0..N-1` und nimmt keine Einheit an.,Sprachluecke,"3.1 (Index), 3.2",Bestaetigt: 3.1 verlangt ausdruecklich `int in 0..N-1`; ein `int[slot]` ist als Index nicht erlaubt. Der Autor hat die Einheit deklariert und fallen lassen muessen.,"Ein instruktiver Befund: Der Treiber fuehrt drei Nummernraeume (DMX-Slot 1-basiert, Pufferoffset 0-basiert, PWM-Kanal 0-basiert), und genau dort faenden Einheiten Fehler — sie greifen aber nicht. Die Referenz wirbt in 3.2 mit der Verwechslung von Sektornummer und Byteadresse und loest es beim Index nicht ein.","Erledigt (dokumentiert): 3.1 sagt ausdruecklich, dass ein Index keine Einheit traegt, und 3.2 schraenkt die Werbung mit der Sektornummer entsprechend ein — sie gilt fuer Werte, nicht fuer die Indexposition. Beide nennen den Ausweg (eigene Range-Typen und benannte Umrechnungen). Ob `int[U] in 0..N-1` zulaessig wird, bleibt eine Frage fuer v1.1.",v1.1,mittel,dokumentiert 2026-09-11,
FB-38,dmx,Lint fuer `follows` in der Abort-Phase,"Bericht: eine `follows`-Kette liest in der Abort-Phase Psi_k statt frisch — die Bedeutung wechselt still, Pruefung 33 faengt das nicht.",Sprachluecke,"7.2, 5.4, Pruefung 33","Bestaetigt: 10.1 verpflichtet Pruefung 33 auf Azyklizitaet, frische Lesevorgaenge des Followers und das Verbot frischer Lesevorgaenge in Aktionsbloecken der Abort-Phase — nicht auf die stille Bedeutungsaenderung einer gefolgten Groesse.","Der substanziellste Entwurfsbefund des Berichts und sachlich richtig. Der Autor musste von Hand pruefen, ob seine Kette im Fault-Fall noch stimmt; fuer seinen Fall harmlos, aber die Frage stellt sich bei jeder `follows`-Kette neu. Verwandt mit FB-18 — beide sitzen an Pruefung 33.","Entworfen in plan/feedback-design.md 3 (zusammen mit FB-18): Warnung, wenn eine gefolgte Groesse sowohl im regulaeren Pfad als auch auf dem Fault-Pfad derselben Maschine gelesen wird — dort gilt Psi_k statt des frischen Werts. In 10.1 und in der Inventur bereits nachgetragen (Klasse `F / W`). Behoben 2026-09-16 mit `follows` (M6 Schritt 2): Pruefung 33 warnt, wenn eine gefolgte Groesse sowohl im regulaeren Pfad als auch in `enter`/`loop:` eines Fault-Ziels derselben Maschine gelesen wird; die Abort-Phase liest Psi_k, der Interpreter loescht `fresh` davor. Test `a_fresh_read_on_the_fault_path_warns`.",M6 (mit follows),mittel,behoben 2026-09-16,
FB-39,dmx,`writer` mit fester Kapazitaet vorziehen,Bericht Punkt 2: `writer`/`reader` sind v1.1; Vorschlag `writer_256`/`writer_64` ohne `const N` als v1-Baustein.,Ergonomie,"3.9, 11.4, 15","Einordnung bestaetigt (FB-04: derselbe Befund, derselbe Grund). Beim Nachmessen zeigte sich aber, dass die Praemisse nicht traegt: `const N` ist viel naeher als Referenz und Bericht annehmen. Der Parser kennt `const N in a..b` (ast.rs GenericVar::Const), die MIR fuehrt `GenericArgVal::Const(i64)` bereits als Variante, und die Monomorphisierung — Memoisierung, Instanznamen, Umgebungsbindung — steht vollstaendig fuer Einheitenvariablen. Offen ist im Kern, dass `Env` nur `units` traegt (23 Fundstellen in 3 Dateien) und `const_int` ein gebundenes `N` aufloesen muss.","Abgelehnt. `writer_256`/`writer_64` waere ein zweiter Weg neben dem generischen `writer[const N]`, der laut 3.12 ohnehin kommt — und feste Namen wird eine Sprache nicht wieder los: Sie bleiben als Altlast stehen, sobald die generische Form da ist, und jede Doku muss beide erklaeren. Fuer die verbleibende Distanz lohnt die Abkuerzung nicht. Hinzu kommt, dass der Vorschlag das falsche Konstrukt trifft: Von den 117 Zeilen Serialisierung im DMX-Treiber entfallen 24 auf tote Bindungen (FB-33, erledigt) und 11 von 19 Schleifen auf reine Byte-Kopien — die entstehen nicht durch den fehlenden Cursor, sondern weil `bytes<N>` nur Einzelelement-Methoden hat (FB-42).","Nicht umsetzen. Der Hebel, den der Bericht gesucht und nicht gefunden hat, ist ein Massenkopiervorgang auf `bytes<N>` (FB-42); zusammen mit FB-33, FB-34 und FB-35 faellt der Grossteil des beklagten Aufwands weg, ohne einen zweiten Weg zu eroeffnen. `const N` und damit `writer`/`reader` bleiben in v1.1 — die Referenz sollte es aber nicht laenger als fern darstellen. Nachtrag 2026-09-16: `[const N]` ist mit M6 Schritt 4 gebaut (plan/m6.md 2.9) — `Env` traegt Konstanten neben Einheiten, `N` wird aus der Kapazitaet des Arguments abgeleitet oder explizit gebunden, die Range gilt bei der Instanziierung (Pruefung 52). `reader`/`writer` folgen in Schritt 5.",v1.1,niedrig,abgelehnt 2026-09-11,
FB-40,dmx,Schluesselwoerter als Variablennamen,`var on : bool` im Block `blinker` scheitert; `on` ist Schluesselwort. Auch `unit` traf beim Nachstellen zu.,Irrtum,2.5 (reservierte Woerter),"Bestaetigt als richtige Ablehnung, mit klarer Meldung (erwartet einen Namen in snake_case, gefunden Schluesselwort `on`).","Dieselbe Klasse wie FB-22 (`state` als Feldname). Dritter unabhaengiger Fall — die kurzen Schluesselwoerter `on`, `state`, `unit` kollidieren mit naheliegenden Bezeichnern. Kein Sprachfehler, aber ein wiederkehrendes Aergernis.","Erledigt (dokumentiert): 2.5 sagt jetzt, dass Schluesselwoerter im ganzen Programm keine Bezeichner sind — nicht nur als Feldnamen — und listet die fuenf haeufigen Kollisionen (`on`, `state`, `unit`, `step`, `at`) mit erprobten Ausweichnamen.",-,niedrig,dokumentiert 2026-09-11,
FB-41,M3-Abnahme,Eingerueckte Referenzbeispiele ungeprueft,Die Schnipsel-Werkzeuge fanden nur Codebloecke an Spaltenposition 0; 29 Beispiele unter einem Aufzaehlungspunkt blieben unsichtbar.,Bug,plan/formatter.md (Referenz als Golden-Test),"Bestaetigt beim Einfuegen der neuen Beispiele: `extract_snippets.py` und `format_examples.py` tragen dieselbe Regex, beide verlangten ``` am Zeilenanfang. Von 73 Bloecken waren 44 sichtbar; drei der 29 unsichtbaren waren nicht kanonisch.","Dieselbe Klasse wie FB-26, eine Ebene hoeher: Ein Teil des Golden-Tests, den niemand prueft, driftet still. Hier wog es schwerer, weil die Referenz die Beispiele als vorbildlich ausgibt — gerade die eingerueckten, die zu einer Regel gehoeren.","Erledigt: beide Regexes lassen fuehrende Leerzeichen zu (die Einrueckung wurde ohnehin schon abgezogen und beim Zurueckschreiben wiederhergestellt). 47 statt 44 Schnipsel, die drei abgedrifteten formatiert, `reference_snippets_are_canonical` deckt sie jetzt ab.",M3,mittel,behoben 2026-09-11,
FB-42,dmx,Kein Massenkopiervorgang auf `bytes<N>`,"Jede Byte-Folge muss elementweise kopiert werden: `for i in range(24): out.push(head[i])`. `bytes<N>` kennt nur `push`, `insert`, `remove`, `clear`.",Sprachluecke,"3.9 (bytes<N>), 4.4","Bestaetigt: `out.append(src)` meldet „keine Methode `append` auf `bytes<64>`"". 11 der 19 `for`-Schleifen des DMX-Treibers sind reine Kopierschleifen; sie entstehen samtlich daraus.","Der eigentliche Befund hinter FB-39. Ein Rahmungscodec setzt Kopf, Nutzlast und Pruefsumme aus fertigen Byte-Folgen zusammen — `encode()` liefert eine, der Nutzlastpuffer ist eine, und beide muessen heute Byte fuer Byte durchgereicht werden. Das ist kein Generics-Problem: eine einzelne, nicht-generische Methode neben `push` loest es, traegt spaeter unverandert unter `writer` und eroeffnet keinen zweiten Weg.","Erledigt: `b.append(src) -> bool` auf `bytes<N>` und `vec<T, N>`. Alles oder nichts — passt die Quelle nicht vollstaendig, bleibt das Ziel unveraendert und das Ergebnis ist `false`, damit nie ein halber Rahmen zurueckbleibt. Kapazitaeten von Quelle und Ziel duerfen abweichen, der Elementtyp nicht. Kosten O(Kapazitaet der Quelle) im Budget (9.4.3). Formatversion 5, 4 Semantiktests, 1 Kostentest, Korpus `13_framing.takt`, 3.9 und 2.5 ergaenzt.",M3,hoch,behoben 2026-09-11,
FB-43,M3-Abnahme,`.len` trug seine Schranke nicht,"`b.len` auf `bytes<64>` hatte den Typ `int` statt `int in 0..64`; jede Zuweisung an eine range-typisierte Stelle bekam eine implizite Pruefung, die nie scheitern kann.",Bug,3.9 (.len); 3.4 (Intervallanalyse),"Bestaetigt beim Bau des Korpusbeispiels: `laenge = wire.len` meldete SC-24, obwohl `wire` Kapazitaet 64 hat und `laenge` in 0..64 liegt. Die Laenge ist per Konstruktion beschraenkt — der Lowerer gab den Typ nur ohne Range zurueck.","Genau die Fehlklassifikation, vor der FB-19 warnt: Der Report zaehlt eine implizite Pruefung, die es nicht braucht, und der Nutzer haelt guten Protokollcode fuer schlecht. In Rahmungscode steht `.len` in fast jeder Zeile, die Laengen nachtraegt.","Erledigt: `.len` traegt `0..cap` fuer `bytes`, `vec`, `str`, `line` und `map`. Das Beispiel in `13_framing.takt` ist damit warnungsfrei.",M3,mittel,behoben 2026-09-11,
FB-44,M3-Abnahme,Kapitel 11 pauschal auf M3/M4; `takt size` ohne DFA-Posten,"53 der 59 Kapitel-11-Eintraege trugen den Meilenstein ""M3/M4"", obwohl das Kapitel Komponenten, Lowering, Build-Regeln, Standardbibliothek und `takt size` mischt. Dabei fiel auf, dass `takt size` einen der in 11.5 genannten Posten nicht ausgibt.",Bug,11.1-11.5; plan.md Abschnitt 4,"Bestaetigt: `extract_features.py` bildete Kapitel 11 als Ganzes ab, und die LIB- und CLI-Zeilen trugen den Wert zusaetzlich fest verdrahtet — dieselbe Klasse wie bei den SC-Zeilen (FB-vorher). Von den in 11.5 geforderten Posten fehlte ""DFA-Tabellen""; die Referenz nannte zudem `mir`, `parse` und `tokens` nicht in der Werkzeugliste, obwohl sie seit M0 laufen.","Die Inventur ist das Dashboard des Plans. Ein Kapitel, dessen Eintraege samtlich denselben Meilenstein tragen, sagt ueber den Fortschritt nichts — und drei Kommandos, die es gibt, aber nicht in der Referenz stehen, fallen aus jeder Abnahme heraus.","Erledigt: `MILESTONE_BY_SECTION` loest Kapitel 11 abschnittsweise auf (11.1 je Meilenstein, 11.2 M1-M4, 11.3 M4, 11.4 M6, 11.5 M3), `CLI_MILESTONE` ordnet jedes Kommando einzeln zu. `mir`, `parse` und `tokens` stehen jetzt in 11.1 mit einem Satz, was sie sind. `takt size` gibt die DFA-Tabellen aus — als `offen`, weil der Interpreter direkt abgleicht und die Tabellen erst der Codegen fuellt (plan/m2.md 1.1). Der letzte Posten aus 11.5, die tick-gelesenen Konstanten, haengt an der RAM-Residenz bei XIP-Flash und damit an der Hardware-Konfiguration (Pruefung 39, M6) — er fehlt zu Recht. Sechs CLI-Tests in `takt-cli/tests/stages.rs` belegen die vier Kommandos, die auf `fertig` stehen.",M3,mittel,behoben 2026-09-11,
FB-45,ideen,Safe-State-Latenz wird nicht berechnet,"Die Referenz hat alle Groessen fuer die Worst-Case-Reaktionszeit (Periode, Bestaetigungszeit, Abort-Phase, Entry-Tick-Regel), rechnet sie aber nie aus. Fuer IEC 61508 / ISO 26262 ist das *die* Kennzahl (FTTI/PST).",Sprachluecke,"5.2 (Entry-Tick), 5.4 (Abort-Phase), 9.4.3, 7.2","Formel geprueft, jede Groesse liegt in der MIR: `Machine::period`, `Confirm` an check/alert, `StmtKind::Abort`, Leser/Schreiber je pub var, `system: output_timing`. Der Kern stimmt: Bei `asap` laufen die Checks des neu betretenen Zustands vor dem Commit (5.2 Punkt 4) — der Output nimmt den unsicheren Wert nie an, die Latenz ist nicht kurz, sondern null.","Der staerkste Vorschlag des Dokuments und zugleich der billigste: Die Budgets stehen seit M3, was fehlt ist die zweite Haelfte — die Anzahl Ticks — und das ist ein Graph-Durchlauf ueber vorhandene Daten. Eine Einschraenkung, die das Dokument nicht macht: In Nanosekunden gilt die Zahl nur, solange die Schedulability haelt, und die braucht `c_target` (13.8, M5). Der Report gehoert darum zweispaltig: Ticks (exakt, immer) und Zeit (exakt ab Kalibrierung).","Erledigt: `analysis/latency.rs` rechnet die Schranke je Pruefstelle und je Output, `takt latency` gibt sie aus — zweispaltig, Ticks exakt und Zeit mit ihrem Vorbehalt. `check … within d` deklariert die Anforderung, Pruefung 61 vergleicht sie mit der gerechneten Tickzahl. Satz 9.4.5 steht in Abschnitt 9 mit Beweis ueber die Entry-Tick-Regel und den Fault-Wald; `theorem_9_4_5_the_latency_bound_holds_in_the_run` belegt ihn nicht durch Nachrechnen, sondern am Lauf: Der Trace sagt, wann der Aktor wirklich abgefallen ist. Beim Bauen kam ein Summand hinzu, den der Vorschlag nicht nennt — die Tiefe des Fault-Waldes (5.3): Ein Fault-Ziel, dessen Koerper erneut scheitert, kostet weitere Ticks bis `FAULTED`.",M3,hoch,behoben 2026-09-11,
FB-46,ideen,`assumption` fehlt — BMC liefert unbrauchbare Gegenbeispiele,Ohne Umgebungsannahmen antwortet der Modellpruefer mit physikalisch unmoeglichen Gegenbeispielen (Tankdruck springt in einem Tick von 0 auf 400 bar). Nach dem dritten schaltet das Team das Werkzeug ab.,Sprachluecke,"3.4 (kein assume), 13.3 (property), 12.6 (Treiberrand)","Bestaetigt, und die Lesart ist praezise: 3.4 lehnt `assume` fuer die *Intervallanalyse* ab, wo es die Typsicherheit braeche. Auf Eigenschaftsebene beschraenkt eine Annahme die Beweisverpflichtung, nicht die Laufzeitgarantie — eine andere Frage. `property … with monitor = true` existiert bereits (2.3 property_decl); `assumption … with monitor = true` ist dieselbe Konstruktion auf einen zweiten Fall angewandt.","Zweitwichtigster Vorschlag: Ohne ihn zuendet der ganze Beweisteil aus 13.3 nicht, egal wie gut die Semantik dahinter ist. Der staerkste Teil ist der zweite — Kanal-Attribute (`max_slew`, `debounce`, `max_age`, Range) sind deklariert und werden vom Treiberrand zur Laufzeit *erzwungen*, der Beweiser darf sie also ohne Zusatzaufwand uebernehmen. Das ist die zweite Auszahlung von 12.6 und kostet nichts.","Entworfen und in der Referenz verankert: 13.3 fuehrt `assumption … with monitor = true` mit der Begruendung (beschraenkt die Beweisverpflichtung, nicht die Typsicherheit — der Unterschied zum abgelehnten `assume` aus 3.4), der automatischen Uebernahme der Kanal-Attribute und dem Kompositionalitaetsargument. `assumption` ist Schluesselwort der Edition 1 und meldet seine Stufe, wie `campaign`, `port` und `persist` — spaetere Stufen brauchen damit keine neue Edition (2.5). Gebaut wird es mit `property` in M6; die Inventur fuehrt es als `KW-assumption` und drei `PAR-13.3`-Eintraege.",M6,hoch,umgesetzt 2026-09-16,
FB-47,ideen,Deklarierte Budgets je Maschine,"`machine m every 50 us with budget = {ram = 2 KiB, wcet = 20 us}` — heute ist das Budget eine globale Pruefung am Ende (7.2); die Ueberschreitung faellt bei der Integration auf, wenn sie teuer ist.",Ergonomie,"7.2, 11.5, 9.4.3","Bestaetigt: Die Rechnung steht seit M3 (`Machine::budget` mit activation und fault_path, `takt size` je Posten). Was fehlt, ist ein Attribut und ein Vergleich.","Bestes Aufwand/Wirkung-Verhaeltnis der ganzen Liste und die einzige Ergaenzung, die *heute* vollstaendig baubar ist — jedenfalls der `ram`-Teil; `wcet` braucht `c_target` (M5). Macht das Budget zum Vertrag zwischen Teams statt zum Integrationsrisiko, und dieselbe Logik traegt fuer Bibliotheksbausteine.","Erledigt: `machine … with budget = {ram = …}` deklariert den Speicher, Pruefung 62 vergleicht ihn mit der Rechnung aus `takt size` (11.5, mit Overlay). `wcet` ist grammatisch zugelassen und meldet seine Stufe, bis die Kalibrierung da ist (13.8) — so steht die Schreibweise fest, bevor jemand sie anders erfindet, und der Compiler sagt, woran es liegt.",M3,hoch,behoben 2026-09-11,
FB-48,ideen,Einheiten der Channel-Bindung ungeprueft gegen 8.10,"Die Hardware-Konfiguration traegt je Channel Einheit, Skalierung und Range. Ein Programm, das `@ hw(""daq1/ai0"")` als `float[bar]` bindet, waehrend die Konfiguration `psi` fuehrt, ist heute unentdeckt.",Sprachluecke,"8.10 (Feldtabelle), 3.2","Bestaetigt: 8.10 fuehrt Einheit, Skalierung und Range je Channel; nichts vergleicht sie mit der Deklaration im Programm.","Der unterschaetzteste Punkt des Dokuments. Das ist keine Ergonomie, sondern eine Luecke in der zentralen Zusage: Die Einheitenrechnung aus 3.2 endet am Channel-Rand, und genau dort richten Einheitenfehler realen Schaden an. Der Autor nennt sie „Pruefung 59""; diese Nummer ist an die Treiberstufe vergeben (FB-10).","Spezifiziert, noch nicht baubar: Pruefung 60 steht in 10.1 und in der Inventur, aber es gibt im ganzen Workspace keine Hardware-Konfiguration — weder Parser noch Format noch Datenstruktur (`FMT-Hardware-Konfiguration` steht auf `offen`). Eine Pruefung, die Einheiten gegen eine nicht existierende Datei vergleicht, waere toter Code. Bleibt fuer M6 mit 8.10. Behoben 2026-09-16 mit FB-140: Pruefung 60 vergleicht die Einheit der Bindung mit der Konfiguration (nominal, 3.2) — `float[bar]` gegen `psi` ist ein Fehler, ebenso eine Programm-Range ausserhalb der Geraete-Range. Test `a_unit_mismatch_is_an_error` in `takt-sema/tests/hardware.rs`.",M6 (mit 8.10),hoch,behoben 2026-09-16,
FB-49,ideen,Budget-Ausklammerung bewiesener Checks,"Vorschlag B3: bewiesen unerreichbare Checks nicht in das Worst-Case-Budget (9.4.3) eingehen lassen — der Beweis sei die Rechtfertigung, der Gewinn zweistellige Prozente.",Befund,"9.4.3, 12.6, 3.4","Die Klassifikation selbst (bewiesen unerreichbar / erreichbar mit Pfad / unentschieden) ist geprueft und gut — sie beantwortet die Frage des Assessors, welche Pruefung Gewicht traegt. Der Budget-Effekt ist die Stelle, an der das Dokument eine Garantie gegen eine Kennzahl tauscht.","Klassifikation annehmen, Budget-Effekt ablehnen. Drei Gruende: (1) Der Beweis gilt unter Annahmen, die zum Teil der Treiberrand erzwingt — also aus der TCB stammen; ein Budget, das darauf beruht, verliert seine Gueltigkeit genau dann, wenn es halten muesste. (2) Der Autor will die Checks ausdruecklich *nicht* wegoptimieren — wenn sie laufen, kosten sie auch. (3) Das Kostenmodell ist eine obere Schranke, keine Erwartung (9.4.3).","Klassifikation fuer M6 annehmen. Wenn der Gewinn gebraucht wird, ist der ehrliche Weg ein zweites, ausgewiesenes Budget („unter den Annahmen A"") neben dem harten — keine Absenkung des harten.",M6,mittel,"Klassifikation umgesetzt 2026-09-16 (`takt prove`, Schritt 22); Budget-Effekt abgelehnt",
FB-50,ideen,Fehlender Param im Profil nimmt still den Default,Vorschlag E8: fehlender Param im Profil -> Default plus Alert; unbekannter Param -> Fehler.,Sprachluecke,4.6 (param/profile),"Halb widerlegt: Ein *unbekannter* Param im Profil wird bereits doppelt abgelehnt (`SC-2: nicht definiert`, `SC-3: kein Parameter`) — nachgestellt. Ein *fehlender* Param nimmt still den Default, ohne jede Meldung.","Die zweite Haelfte ist real. Ein Profil, das einen Parameter vergisst, sieht aus wie eines, das den Default absichtlich will — der Unterschied ist beim Lesen nicht sichtbar.","Erledigt: Pruefung 63 warnt zur Uebersetzungszeit, wenn ein Profil einen `param` nicht nennt — er nimmt still seinen Default, und das ist beim Lesen nicht von der Absicht zu unterscheiden. Die Meldung zaehlt die fehlenden auf; wer den Default meint, schreibt ihn hin und hat es dokumentiert. Der zweite Teil des Vorschlags (unbekannter Param) war bereits umgesetzt.",M6,niedrig,behoben 2026-09-11,
FB-51,ideen,Weitere Vorschlaege aus ideen.md,"Maschinen-Replay (A2a), Satz Kompositionalitaet (A2b), Trace-Hashkette (A3), Block-Vertraege (B2), `takt certify` (C1), TCB-Manifest (C2), Schatten-Interpreter (C3), `mark`/`patch` (E3), `alert`-Polaritaets-Lint (E7).",Sammel,plan/ideen-bewertung.md,Alle einzeln geprueft; Bewertung und Begruendung stehen in plan/ideen-bewertung.md.,"Durchweg angenommen, drei mit Einschraenkung: A2a braucht neben den Eingaben auch einen Zustands-Schnappschuss, sonst gilt der Extrakt nur ab Tick 0. A3 ohne den Signaturteil — Schluesselverwaltung gehoert nicht in einen Compiler, der Header traegt die Hashes. C1 ist kein Vorschlag, sondern ein Buendel aus A1, B3, C2 und `takt size`; als eigener Meilenstein gebaut waere es ein Dokumentenwerkzeug ohne Inhalte.","Siehe plan/ideen-bewertung.md je Punkt. Drei Befunde des Dokuments waren bereits erledigt (E2, E4, E6) und einer ist ein Irrtum aus der alten Referenz (E1, siehe FB-39). A2a und A3 umgesetzt 2026-09-16 (M6 Schritt 13): `takt replay --machine M [--extract]` zieht die Scheibe einer Maschine ab Tick 0 und spielt sie allein ab (ein Ausschnitt ab Tick k bleibt offen, plan/m6.md 7); Hashkette im Kopf der Aufzeichnung (`#! kette`), `takt verify-trace` rechnet nach, ohne Signatur. C2 umgesetzt 2026-09-16 (M6 Schritt 15): `tcb_policy = curated_only | allowlist(...)` im `system:`-Block, das TCB-Manifest als `#! tcb`-Zeilen im Lauf-Header (takt-native, takt-crypto mit p256, Projekt-Natives).",M6-M8,mittel,"behoben 2026-10-04: A2a, A3 (M6 Schritt 13), C2 (M6 Schritt 15), A2b (13.3), B2 (Vertraege, 48_contracts), E3 (writer.mark/patch_u16), E7 (Pruefung 63a) umgesetzt; C3 steht als Option v2 und Qualifikationsbaustein v3 im Stufenplan 15; Maschinen-Replay ab Tick k bleibt in plan/m6.md 7",
FB-52,M3-Abnahme,Fault-Wald-Tiefe fehlte in der Latenzformel,Der Vorschlag aus ideen.md rechnet `D_detect + D_confirm + D_prop + D_commit`. Beim Bauen zeigte sich ein fuenfter Summand: die Tiefe des Fault-Waldes.,Befund,"5.3, 9.4.5","Bestaetigt an 5.3: Ein Fault-Ziel wird im Entry-Modus ausgefuehrt; scheitert sein Koerper erneut, folgt der naechste Fault „spaetestens `FAULTED`"". Jeder Schritt ist ein Tick. Eine Maschine mit `fault -> SAFE` und einem `SAFE`, das selbst faultet, braucht also zwei Ticks statt einem.","Ohne den Summanden waere die Schranke zu klein — also falsch in der gefaehrlichen Richtung. Der Fehler faellt nicht auf, solange der Fault-Wald flach ist, und genau das ist er in Beispielprogrammen.","Erledigt: `depth()` in `analysis/latency.rs` laeuft den Wald ab (Pruefung 9 haelt ihn azyklisch, der Durchlauf terminiert). Satz 9.4.5 nennt den Summanden und begruendet ihn.",M3,mittel,behoben 2026-09-11,
FB-53,M3-Abnahme,Verschobene Befunde waren nur in feedback.csv auffindbar,"`assumption` (FB-46) und die Hardware-Konfiguration (FB-48) standen nach dem Entwurf nur in der Rueckmeldungstabelle. Wer M6 aus der Referenz oder der Inventur plant, haette sie nicht gefunden.",Bug,plan.md Abschnitt 4 (Inventur als Dashboard),"Bestaetigt: `assumption` kam im ganzen Repository nur in plan/ideen-bewertung.md und plan/feedback.csv vor — weder in der Referenz noch in der Grammatik noch in features.csv. `FMT-Hardware-Konfiguration` stand zudem auf M0, obwohl es die Eingabe der Pruefungen 28, 32, 39 und 60 ist und mit 8.10 entsteht.","Die Inventur ist das Dashboard des Plans. Ein Befund, der nur in der Rueckmeldungstabelle steht, ist beim naechsten Meilenstein vergessen — und genau das war die Frage des Nutzers.","Erledigt: `assumption` steht in 13.3 (mit Begruendung, Kanal-Attributen und Kompositionalitaet), in der Grammatik, in der Schluesselwortliste 2.2 und damit in der Inventur (`KW-assumption`, drei `PAR-13.3`). Der Parser nimmt es an und meldet seine Stufe. `FMT-Hardware-Konfiguration` und die drei 13.3-Absaetze stehen jetzt auf M6; damit gruppiert der Meilenstein alles, was B1 und E5 brauchen.",M3,mittel,behoben 2026-09-11,
FB-54,M3-Abnahme,Die drei Kandidaten zum Vorziehen — Bewertung nach M3,"plan.md nennt drei Konstrukte, die „trotzdem frueher kommen koennten"", weil sie keinen Codegen brauchen: Konstantenvariablen `[const N]`, Einheiten auf Ganzzahlen und das Lesen der Hardware-Konfiguration (8.10). Die Empfehlung lautete ausdruecklich „nach M3 bewerten, nicht jetzt entscheiden"".",Befund,plan.md Abschnitt 5.1 (Kandidaten zum Vorziehen),"Alle drei gegen den Compiler geprueft, nicht nur gegen die Inventur: `fn f[const N](b: bytes<N>)` und `var x : int[inc]` melden ihre Stufe; eine Hardware-Konfiguration gibt es im Workspace nicht (kein Parser, kein Format, keine Datenstruktur). Keiner der drei ist gebaut. Die Messung, die der Plan als Entscheidungsgrundlage wollte: 19 der 63 Pruefungen stehen auf `definiert`, weil ihr Konstrukt fehlt — die drei Kandidaten geben davon aber nur 6 frei (52, 38 und die vier kalibrierungsabhaengigen 28/29/32/39). Die uebrigen 13 haengen an `mat`, `map`, `resume`, Triggern und gescopten Instanzen, also an M6 und M8 unabhaengig von diesen dreien.","Die Empfehlung des Plans ist eingeloest: Es wurde bewertet statt geraten, und zwar an der Zahl, die der Plan dafuer vorgesehen hat. Das Ergebnis spricht gegen das Vorziehen — es loest 6 von 19 und bricht die Reihenfolge, waehrend Warten dieselben sechs gebuendelt in M6 bringt, wo `property`, `scenario` und die Standardbibliothek ohnehin entstehen.","Zwei der drei sind entschieden und einzeln dokumentiert: `[const N]` als FB-39 abgelehnt (der Engpass war nicht die Sequenzierung — 24 der beklagten Zeilen waren tote Bindungen, 11 von 19 Schleifen Byte-Kopien, letztere seit `append` erledigt); die Hardware-Konfiguration in plan/feedback-design.md 10 und FB-48 zurueckgestellt (ohne gemessene Werte enthaelt die Datei nichts, und die Messung kommt mit M5). Der dritte, Einheiten auf Ganzzahlen, wird in plan/einheiten-integer.md bewertet.",M6,mittel,bewertet 2026-09-11,
FB-55,M3-Abnahme,Einheiten auf Ganzzahlen vorziehen (dritter Kandidat),"plan.md nennt `int[U]` als Kandidaten zum Vorziehen: „Typregeln, keine neue Laufzeit""; es loest Pruefung 38 und „den Registerteil beider Praxistreiber"". Die Bewertung stand aus.",Befund,plan.md 5.1; 3.2 (Einheiten auf Integern); Pruefung 38,"Bestaetigt und nachgemessen. Alle drei Treiberautoren haben `int[U]` spontan benutzt, ohne Hinweis: Servo 16 Stellen (`i32[inc/s]`, `u32[inc/s]`, `i16[permille]`), UART 5 (`u32[Hz]`, `u32[Bd]`), DMX 1 — zusammen 22. Der Aufwand ist kleiner als die Notiz annimmt: Grammatik, Parser, AST und das MIR-Feld `Type::Int { unit }` stehen bereits, die Einheitenalgebra (units.rs, 551 Zeilen) ist typunabhaengig. Offen sind vier Stellen — drei Ablehnungen in takt-sema und `ConvertKind::To` im Interpreter, das fuer Integer heute ausdruecklich trappt (der Trap-Text nennt M6 bereits).","Der Nutzen ist groesser als die eine freigegebene Pruefung vermuten laesst. In der Treiberhaelfte ist die ganzzahlige dimensionierte Groesse der Normalfall: CANopen-Objekte, Baudraten, Taktfrequenzen. Heute muss jeder solche Wert auf `float` ausweichen — auf einem Kern ohne FPU zwei Groessenordnungen teurer (12.8) und ohne Bit-Genauigkeit — oder die Einheit weglassen und damit die Sicherheit verlieren, fuer die 3.2 wirbt. Auch FB-17 (`round(x / (1 inc/s))` als „Ritual"") hat hier seine Ursache: Das Ritual steht nur da, *weil* `x` ein Float sein muss.","Vorziehen, aber als **erster Baustein von M6, nicht vor M4**. M4 bringt die zweite Semantikquelle (differentielles Testen Interpreter gegen nativ) und ist der groessere Gewinn; danach prueft der Test die neue Typregel von Anfang an mit, und die Standardbibliothek kann ihre Integer-Varianten (`pid_i`, `lowpass_i`) gleich mit Einheiten schreiben. Jetzt ist dafuer nichts zu tun: Pruefung 38 hat ihren Ablehnungstest seit M3, genau wie plan/m3.md es vorgesehen hat. Bewertung in plan/einheiten-integer.md. Umgesetzt 2026-09-16 als erster Schritt von M6 (plan/m6.md 5): Typ und Literal mit Einheit, `+`/`-`/Vergleich verlangen Gleichheit, `*`/`/` kombinieren, `%` verlangt Gleichheit; `.to(U)` wird im Sema zur Multiplikation mit dem ganzzahligen Faktor (Pruefung 38 lehnt gebrochene Faktoren und affine Einheiten ab und nennt `.to_float(U)`), `.to_float(U)` rechnet ab dem exakten Ganzzahlwert in Interpreter und Codegen; `as` wechselt die Breite und behaelt die Einheit. Korpus `36_int_units.takt` differentiell, `checks/SC-38/` mit beiden Faellen, zehn Tests in `takt-sema/tests/int_units.rs`. `07_embedded_field` verliert seine acht Einheitenfehler.",M6 (frueh),mittel,umgesetzt 2026-09-16,
FB-56,M3-Abnahme,Inventurstatus bis M3 war flaechendeckend veraltet,"144 der 535 Eintraege des M0/M3-Blocks standen auf `offen` oder `teilweise`, obwohl das Meiste laengst laeuft — darunter 48 reservierte Membernamen, die sieben Abschnitte aus Kapitel 1 und die zehn Datenflussarten aus 1.4.",Bug,plan.md Abschnitt 4 (Inventur als Dashboard),"Jede Gruppe am Compiler geprueft, nicht am Titel. Die 48 `MEM-*`: 28 sind gesenkt und im Korpus oder in einem Test benutzt (`.len`, `.count`, `.bit`, `.min()`, `.max()`, `.starts_with`, …), 18 melden im Lowering eine Stufe (Matrixoperationen 3.11, Jobs 4.5, Trigger 7.5, `map` 3.9, `to_float` 3.2, Messwerte aus 8.10) und sind damit `definiert`. Die sieben `SEM-1.x`/`2.4`/`2.5` sind Prosaabschnitte, deren Inhalt seit M1 steht — `image.rs:95` zitiert 1.5 sogar beim Namen, und 2.1 bis 2.3 standen daneben schon auf `fertig`. Die zehn `PAR-1.4`-Arten laufen bis auf `follows` (Stufenmeldung).","Die Inventur ist das Dashboard des Plans; ein Status, der nur punktuell nachgezogen wird, sagt ueber den Fortschritt nichts. Dieselbe Klasse wie FB-44 (Kapitel 11 pauschal auf M3/M4), aber flaechiger: Dort war der Meilenstein falsch, hier der Status.","Erledigt: 442 der 532 M0/M3-Eintraege stehen auf `fertig`, 86 auf `definiert` (Konstrukt meldet Stufe), vier auf `teilweise` mit dokumentiertem Grund (SEM-11.5 DFA-Tabellen, SC-12 Kalibrierung, SC-25 nicht ausloesbar, FMT-MIR-Serialisierung ohne Test auf Abwaertskompatibilitaet). **Nichts steht mehr auf `offen`.** Drei Formate zogen zu ihrem Verbraucher: Aufzeichnung und Lauf-Header nach M4, Konformitaetsbericht nach M5.",M3,mittel,behoben 2026-09-11,
FB-57,M4-Planung,Satz 9.4.4 ist schon im Interpreter unbewiesen,"Die transzendenten Intrinsics rechnen mit Rusts Standardbibliothek (`v.sin()`, `v.exp()`, …), also mit der Plattform-libm. Deren Ergebnis ist nicht ueber Targets garantiert — 4.2 verlangt korrekt gerundete Implementierungen.",Bug,4.2; 9.4.4; call.rs:191-215,"Bestaetigt: `apply32` (call.rs:191) und `apply64` (call.rs:201) rufen `v.sin()`, `v.cos()`, `v.tan()`, `v.asin()`, `v.acos()`, `v.atan()`, `v.exp()`, `v.ln()`; dazu `atan2`, `pow` und `sqrt` in eigenen Armen. Betroffen sind 11 der 26 Intrinsics. `fma` nutzt `mul_add` und ist sicher (IEEE-754-2008), die uebrigen 15 sind Integeroperationen.","Der Befund verschiebt die Reihenfolge von M4. Solange der Interpreter die Plattform-libm benutzt, misst das differentielle Testen den Codegen gegen ein Orakel, das selbst nicht reproduzierbar ist — ein Unterschied zwischen x86-64 und aarch64 waere nicht zuzuordnen. Der Plan nennt „Bit-Identitaet scheitert an FP-Details"" als groesstes M4-Risiko und `libtaktm`-Vektoren als Gegenmassnahme; eine Gegenmassnahme nach dem Risiko ist keine.","Erledigt (Schritt 1 und 2 von M4): `crates/libtaktm` rechnet die Mathematik, der Interpreter ruft sie. Die kuratierte Menge beginnt mit den Operationen, deren Ergebnis IEEE-754 vorschreibt — `sqrt`, `fma`, die Rundungen, `abs`, `copysign` —, belegt durch 120 Vektoren in `grammar/libtaktm.md`. Die transzendenten Funktionen sind nicht kuratiert und werden **vor dem Lauf abgelehnt**, statt still ein Ergebnis zu liefern, das auf einem anderen Target ein anderes waere. Drei Tests halten die Spezifikation und die kuratierte Menge im Gleichschritt, darunter der umgekehrte: kein Vektor fuer eine Funktion, die der Compiler ablehnt.",M4,hoch,behoben 2026-09-11,
FB-58,M4-Planung,Kostenmodell ohne Granularitaet je Intrinsic,`analysis/cost.rs:163` rechnet jede Intrinsic als `class_of(e) + {call: 1}`. Ein `sin` kostet damit so viel wie ein `abs`.,Befund,9.4.3; 7.2; 9.4.5,"Bestaetigt am Code. Solange die Mathematik aus der Plattform-libm kam, war es nicht besser zu machen — niemand kannte die Kosten.","Mit eigenen Implementierungen sind sie messbar, und sie gehoeren in das Budget, das Schedulability (7.2) und Safe-State-Latenz (9.4.5) tragen. Ein Budget, das einen Regler mit `sin`-Aufruf so teuer rechnet wie eine Zuweisung, traegt beide Aussagen nicht.","Eingeplant in plan/m4.md 2.4: `libtaktm` deklariert je Funktion eine Operationszahl, `cost.rs` liest sie — dieselbe Konstruktion wie der Kostenvertrag nativer Funktionen (4.5). Die Umrechnung in Zeit bleibt M5. Nachtrag 15.09.2026: Erfuellt — `libtaktm/src/cost.rs` deklariert die Operationszahlen je Intrinsic, und `takt cost` gibt sie aus (FB-135).",M4,mittel,behoben 2026-09-15,
FB-59,M4-Planung,Prelude ohne native Funktionen; `call_native` trapt,"plan/m1.md sagt `crc32`, `sha256_*` und `fft256` als `native fn` im Prelude an. Das Prelude enthaelt keine einzige; `call_native` (call.rs:126) trapt mit „noch nicht verfuegbar (M4)"".",Befund,4.5; 13.8; plan/m1.md Abschnitt 8,"Bestaetigt: `grep -c native crates/takt-sema/src/prelude.takt` ergibt 0. Struktur (`Native`, `CostVec`), Senkung (lower/decl.rs:834) und Kostenmodell stehen; nur die Implementierung fehlt.","Kein Widerspruch, sondern eine Luecke mit Datum: Die Trap-Meldung nennt M4 selbst. 13.8 verlangt fuer jede native Funktion Bit-Gleichheit ueber alle Targets und Panic-Freiheit unter Fuzzing — dieselbe Huerde wie fuer `libtaktm`.","Eingeplant als Schritt 9 von M4, bewusst hinter der Abnahme: Wenn die erste native Funktion ihre Huerde nehmen muss, steht das differentielle Testen bereits. Nachtrag 15.09.2026: Erfuellt — `takt-native` fuehrt die kuratierten Funktionen mit ihren Vertraegen, `libtaktm::curated()` nennt sie, und `no_panic.rs` fuzzt beide.",M4,mittel,behoben 2026-09-15,
FB-60,M4-Umsetzung,`no_std` und `sqrt` schliessen sich auf stabilem Rust aus,"`f64::sqrt`, `mul_add`, `floor` und `ceil` stehen nur in `std`, nicht in `core` — genau die vier Funktionen, mit denen die kuratierte Menge beginnt. Der Weg zu den LLVM-Intrinsics verlangt Nightly, und der Workspace verbietet `unsafe_code`.",Befund,4.2; plan/plan.md Abschnitt 3 (`libtaktm` als `no_std`-Crate),Bestaetigt: `#![no_std]` plus `x.sqrt()` uebersetzt nicht; `core::intrinsics` verlangt `#![feature]` und damit Nightly.,"Der Plan nennt `libtaktm` ein `no_std`-Crate, die Referenz verlangt in 4.2 fuer `fma` aber ausdruecklich Hardware, „wo vorhanden (VFMA, FMADD, FMA3), sonst korrekt gerundet in Software"". Die Hardware-Variante ist die gewollte; die Software-Emulation ist der Rueckfall. Sie jetzt zu schreiben hiesse, den Rueckfall vor dem Normalfall zu bauen, ohne ein Target zu haben, an dem er sich pruefen liesse.","Erledigt: Feature `std` (Standard an) liefert die Hardware-Primitiven; ohne es ist das Crate `no_std`, aber keine Funktion der Stufe 1 kuratiert — und `curated()` sagt das, statt eine Funktion als verfuegbar zu melden, die beim Aufruf fehlt. Die Emulation kommt mit M5, wenn ein `no_std`-Target existiert. Steht in plan/m4.md 2.3c und in der `Cargo.toml` an der Stelle, an der jemand das Feature abschaltet.",M4 / M5,mittel,behoben 2026-09-11,
FB-61,M4-Umsetzung,Vektorerzeugung verlor das Vorzeichen der Null,"Der erste Satz Vektoren fuer `floor`, `ceil` und `trunc` war an vier Stellen falsch: Pythons `math.trunc(-0.5)` liefert die ganze Zahl `0`, IEEE-754 und Rust liefern `-0.0`.",Bug,grammar/libtaktm.md; 4.2,"Vom Test gefunden, nicht von der Durchsicht: `every_vector_holds` meldete vier Abweichungen mit Zeilennummer und erhaltenem Bitmuster.","Das ist das Argument fuer Bitmuster statt Dezimalzahlen in einem Satz. Dezimal geschrieben waeren `0.0` und `-0.0` dieselbe Zeile gewesen, und der Fehler waere durch die Pruefung gelaufen — in einer Datei, die normativ ist.","Erledigt: Der Erzeuger reicht das Vorzeichen der Null durch (`math.copysign`), und der Test prueft Bitmuster.",M4,niedrig,behoben 2026-09-11,
FB-62,M4-Umsetzung,`max_slew` und `debounce` waren tote Deklarationen,"Beide Channel-Attribute liessen sich seit M0 schreiben und kamen durch Parser, Sema und MIR-Roundtrip — gelesen hat sie nie jemand. Ein Programm mit `with max_slew = 50 bar/s` verhielt sich exakt wie eines ohne.",Bug,3.5; 12.6 Zeilen 3 und 4; 10.2,"Bestaetigt durch Suche: `max_slew` kam in `takt-interp` an keiner Stelle vor, `debounce` ebenso wenig. Nur Pruefung 3 (Ranges) war als `enforce_range` da.","Schwerer als eine fehlende Funktion: Die Deklaration sah aus wie eine Zusage. 10.2 zaehlt `max_slew`, `debounce`, `max_age` und die Range ausdruecklich unter den Annahmen auf, die der Beweiser „ohne Zusatzaufwand voraussetzen"" darf — *weil* der Treiberrand sie zur Laufzeit erzwingt. Er tat es fuer zwei der vier nicht, und ein Beweis, der sich darauf stuetzte, haette auf Sand gestanden. Dass Pruefung 3 implementiert war und aussah wie „der Rand"", hat es verdeckt.","Erledigt (Schritt 3 von M4): Beide Pruefungen stehen in `crates/takt-hal` und laufen im Interpreter. `corpus-try/sim/14_8` haelt beide Faelle als Golden-Trace fest, mit und ohne `debounce`, samt Erholung. RAND-3 und RAND-4 stehen auf `fertig`.",M4,hoch,behoben 2026-09-11,
FB-63,M4-Umsetzung,Der Rand darf nicht mit der Wertdarstellung des Interpreters rechnen,"Die naheliegende Fassung der Pruefungen 3 und 4 arbeitet auf `Value` — der Interpreter hat sie, und `in_range` stand schon da. Der erzeugte Code hat aber getypte Strukturen (11.2) und keinen `Value`.",Entwurfsentscheidung,12.6; 11.2; 9.4.4,"Beim Entwurf von `takt-hal` aufgefallen, bevor Code entstand.","Ein Rand ueber `Value` waere im Codegen nachgebaut worden, und ein nachgebauter Rand ist ein zweiter Rand — er weicht in den Randfaellen ab, also genau dort, wo er zaehlt. Satz 9.4.4 gaelte fuer die Degradierung dann nicht.","Erledigt: Der Rand rechnet ueber das Trait `Scalar`, das nur Ordnung und Differenz verlangt; `Value` implementiert es. Nebenbefund: Der Rand kann den gehaltenen Wert nicht selbst fuehren, weil er den Typ des Kanals nicht kennt — ein `int`-Kanal bekaeme aus der Entprellung sonst einen `f64`. `Verdict.held` sagt darum nur, *dass* gehalten wird.",M4,mittel,behoben 2026-09-11,
FB-64,M4-Umsetzung,Ein `bool` fuer Ueberlauf und Fault haette den Trace unter `alert` stumm gemacht,Die Ueberlaufmessung in `takt-rt-core` beantwortete zwei Fragen mit einem Rueckgabewert: ob der Tick seine Periode ueberschritten hat und ob daraus ein Fault folgt. Unter der Policy `alert` war beides `false`.,Bug,7.3; 12.2,"Vom Test `the_alert_policy_raises_no_fault` gefunden, nicht von der Durchsicht.","7.3 trennt die beiden ausdruecklich: „Der Tick wird nie uebersprungen; die logische Zeit bleibt konsistent, die physische Verzoegerung wird protokolliert"" gilt unbedingt, die Policy entscheidet nur ueber den Fault. `alert` ist der Modus fuer unkritische Systeme — dort ist das Protokoll die einzige Auskunft, die bleibt, und genau sie waere weggefallen.","Erledigt: `Overrun::observe` liefert `Seen { over, fault }`. Der Trace meldet den Ueberlauf unter beiden Policies, der Fault nur unter `fault`.",M4,mittel,behoben 2026-09-11,
FB-65,M4-Umsetzung,"12.2 verlangt drei Aufrufe, die es in sicherem stabilem Rust nicht gibt","`clock_nanosleep(TIMER_ABSTIME)`, `mlockall` und `SCHED_FIFO` sind die Grundlage der Echtzeitzusage des Profils `linux_rt`. Alle drei brauchen entweder das `libc`-Crate — die erste externe Abhaengigkeit des Workspace — oder `unsafe`, das `unsafe_code = ""forbid""` ausschliesst.",Befund,12.2; plan/plan.md Abschnitt 3,"Gemessen: `thread::sleep` verfehlt 100 us um das Fuenffache und ist ausserdem relativ, nicht absolut. Grober Schlaf plus Spin-Wait auf eine absolute Frist trifft meist unter 1 us, mit Ausreissern bis 74 us auf einer Box ohne PREEMPT_RT.","Der Algorithmus aus 12.2 — absolute Fristen, damit ein zu spaeter Tick sich nicht fortpflanzt — laesst sich ohne libc bauen; die *Zusage* nicht. Ohne `SCHED_FIFO` und `mlockall` kann ein Scheduler oder ein Seitenfehler jederzeit dazwischenkommen, und dann misst der Lauf die Maschine statt das Programm.","Erledigt (Schritt 5): `rustix` 1.1.4 liefert `clock_nanosleep_absolute`, `mlockall` und `sched_setaffinity` als *sichere* Funktionen — drei der vier Punkte aus 12.2 ohne `unsafe`. Die frueher gemeldete Alternative „libc oder unsafe"" war unvollstaendig: Ich hatte nicht geprueft, ob ein sicheres Bindungs-Crate existiert. `SCHED_FIFO` setzt die Runtime bewusst nicht (siehe FB-90).",M4,hoch,behoben 2026-09-12,
FB-66,M4-Umsetzung,Die Entscheidung fuer `inkwell` war ohne die Zertifizierung getroffen,"`plan/m4.md` 4.1 waehlte `inkwell` mit dem Argument, ein Textausgeber muesse die strikten FP-Attribute von Hand schreiben. Der Anlass zur erneuten Pruefung war praktisch: Auf der Entwicklungsmaschine ist kein LLVM installiert.",Entwurfsentscheidung,11.3; 13.4; 4.2; plan/m4.md 4.1,"Geprueft: rustc bringt LLVM 22 mit, aber keine Installation, gegen die `inkwell` linken koennte; die ueblichen Pfade sind leer.","Die erneute Abwaegung ergab drei Gruende, die schwerer wiegen als das FP-Argument. 13.4 nennt einen *qualifizierbaren* Codegen als Ziel — eine Qualifikation verlangt ein Artefakt, das sich pruefen und archivieren laesst, und `inkwell` baut einen Graphen im Speicher. 11.3 verlangt bitidentische Builds; mit Text ist der Beitrag des Compilers eine Datei, die sich hashen und diffen laesst. Und `inkwell` bindet den Workspace an eine LLVM-Hauptversion, womit jedes Upgrade eine Migration wird. Das FP-Argument selbst kehrt sich um: Strikte FP ist in der Textform die *Abwesenheit* von Flags, und Abwesenheit ist vollstaendig pruefbar.","Erledigt: `crates/takt-llvm` erzeugt LLVM-IR als Text; `emit` bietet keine Moeglichkeit, ein Flag zu setzen, und zwei Tests durchsuchen die IR nach allen sieben. LLVM bleibt noetig, aber erst fuer die Abnahme (Schritt 8), nicht zum Bauen des Compilers. 4.1 ist mit der vollstaendigen Begruendung neu geschrieben.",M4,hoch,behoben 2026-09-11,
FB-67,M4-Umsetzung,Ein Basisblock ohne Terminator — nur LLVM konnte das finden,"Die erste Fassung der Maschinen-IR fiel von einem Basisblock in die naechste Marke, ohne `br`. LLVM verlangt, dass jeder Block mit `br`, `ret`, `switch` oder `unreachable` endet.",Bug,11.2; plan/m4.md 4.1,"Von `clang` gefunden, sobald die Tests die IR uebersetzten statt sie nur zu lesen: „expected instruction opcode"".","Kein Textest haette das gefunden — er prueft, was dasteht, nicht was fehlt. Das ist der Einwand aus 4.1 gegen den Textausgeber in einem Beispiel, und zugleich seine Antwort: Die Gegenmassnahme ist nicht Sorgfalt, sondern LLVM selbst im Test. Ohne die Installation waere der Fehler bis Schritt 8 unentdeckt geblieben.","Erledigt: `emit` fuehrt Buch, ob der laufende Block terminiert ist; `label()` ergaenzt den Sprung, weil „weiter mit"" in LLVM diese Form hat, und `end()` erzeugt keinen zweiten `ret`. Die Maschinen-IR dreier Korpusprogramme geht durch clang.",M4,mittel,behoben 2026-09-11,
FB-68,M4-Umsetzung,Die Windows-Distribution von LLVM liefert kein `llc`,"Das winget-Paket `LLVM.LLVM` enthaelt die Clang-Werkzeuge (90 Binaries), aber nicht `llc`, `opt`, `llvm-as` oder `lli`.",Befund,13.8; plan/m4.md 4.1,"Geprueft an der Installation: `clang.exe` ist da, `llc.exe` nicht.","Kein Hindernis, aber es aendert, worauf die Werkzeugsuche zielt. `clang -c` assembliert wie `llc`, `-O2` optimiert wie `opt`, und clang linkt ausserdem — die Abnahme (Schritt 8) braucht genau das. Ein Werkzeug, das ueberall vorhanden ist, ist einem vorzuziehen, das man nachinstallieren muss.","Erledigt: `toolchain::find()` sucht `clang` (ueber `TAKT_CLANG`, `PATH` und die bekannten Orte) und nicht `llc`. Die Tests ueberspringen sich mit Meldung, wenn nichts gefunden wird — der Compiler bleibt ohne LLVM baubar.",M4,niedrig,behoben 2026-09-11,
FB-69,M4-Umsetzung,"Eine Fehlermeldung, die nur „Ausdruck"" sagt, hilft niemandem","Der Codegen meldete fuer jeden nicht gesenkten Knoten dasselbe: `NotYet { what: ""Ausdruck"" }`. Beim Durchgehen der Korpusprogramme war damit nicht zu erkennen, was jeweils fehlt.",Bug,10 (Meldungen mit Handlungsvorschlag); plan/m4.md 4.2,"Beim Uebersetzen der sieben fehlerfreien Korpusdateien aufgefallen: drei meldeten „Ausdruck"", jede aus einem anderen Grund.","Die Sprache selbst haelt sich an „Fehlermeldungen mit Handlungsvorschlag"" (Leitsatz Accessible); ihr eigener Compiler sollte das auch. Die Auskunft kostet nichts — der Knotenname steht in der MIR.","Erledigt: `node_name()` nennt den Knoten. Aus „Ausdruck"" wurde „Feldzugriff"" und „Zugriff (`.valid`, `.age`, ...)"", und damit stand sofort fest, was als naechstes zu senken ist.",M4,niedrig,behoben 2026-09-11,
FB-70,M4-Umsetzung,Eine abgebrochene Schrittfunktion blieb offen stehen,"Traf der Codegen mitten in einer Funktion auf einen Knoten, den er nicht senkt, kehrte er zurueck und liess die Funktion offen. Der naechste `begin` lief in den `debug_assert`, und ohne ihn waere ungueltige IR entstanden.",Bug,11.2,"Vom eigenen `debug_assert` in `Module::finish` gefunden, beim ersten Uebersetzen eines Korpusprogramms.","Schlimmer als der Abbruch waere die halbe Funktion gewesen: Sie haette moeglicherweise uebersetzt und etwas anderes getan als das Programm. Der Codegen darf nichts hinterlassen, dem man nicht ansieht, dass es unvollstaendig ist.",Erledigt: `Module::mark()` und `Module::abort()` schneiden die angefangene Funktion wieder ab; `step_function` meldet den Grund. Ein Test zaehlt `define` gegen `}`.,M4,mittel,behoben 2026-09-11,
FB-71,M4-Umsetzung,Der Codegen liess `enter:` und `exit:` still fallen,"Ein Uebergang setzte nur `conf`. Die Bloecke `exit:` des verlassenen und `enter:` des betretenen Zustands fielen weg — `corpus-try/01_minimal.takt` uebersetzte, aber `vent` wurde nie gesetzt.",Bug,5.2; 9.4,"Von der Reichweitenmessung `takt-llvm/src/scope.rs` gefunden, die unabhaengig vom Codegen zaehlt: Sie meldete offene Knoten fuer eine Datei, die der Codegen als vollstaendig ausgab.","Die schlimmste Sorte Fehler: Das Programm uebersetzt und tut etwas anderes als geschrieben. Ein `NotYet` waere harmlos gewesen. Gefunden hat ihn nur die *zweite*, unabhaengige Zaehlung — haette `scope` den Codegen befragt, haetten beide dasselbe Falsche behauptet.","Erledigt: Ein Uebergang fuehrt jetzt `exit:` des verlassenen Zustands aus, dann den Aktionsblock, dann `enter:` des betretenen — die Reihenfolge aus 5.2. Der Anfangszustand bekommt sein `enter:` aus `init_function`, weil 9.4 ihn vor dem ersten Tick betreten laesst; im Schritt stuende es sonst in jedem Tick. Ein Test haelt Messung und Codegen in Deckung.",M4,hoch,behoben 2026-09-11,
FB-72,M4-Umsetzung,"Marken kollidierten, sobald ein Blatt die Uebergaenge seiner Vorfahren ausfuehrte",Die Marke einer Verzweigung wurde aus Blattnummer und Position in der Uebergangsliste gebaut. Bei geschachtelten Zustaenden fuehrt ein Blatt auch die Uebergaenge seiner Vorfahren aus (5.2) — der erste Uebergang des Blatts und der erste seines Elternteils hiessen dann beide `uebergang0_0`.,Bug,5.2; 11.2,"Von clang gefunden: „Terminator found in the middle of a basic block"". Die IR sah richtig aus und war es nicht.","Die zweite Marke desselben Namens macht aus dem Sprungziel einen Block mitten im Block. Betroffen waere *jede* hierarchische Maschine gewesen, also alle Sequenzprogramme. Ein Textest haette es nicht gefunden — er liest, was dasteht, nicht ob LLVM es annimmt.","Erledigt: Die Marke kommt aus einem Zaehler je erzeugter Verzweigung, nicht aus der Position im Programm. Ein Test prueft fuer jedes vollstaendig uebersetzte Programm, dass keine Marke zweimal vorkommt.",M4,hoch,behoben 2026-09-11,
FB-73,M4-Umsetzung,Der Codegen fuehrte nur den `loop:` des Blatts aus,Bei geschachtelten Zustaenden lief nur der `loop:`-Block des aktiven Blatts. Die Bloecke der Zwischenebenen und der Maschine fielen weg — in `03_sequences_and_faults` also der `check chamber_p < CHAMBER_LIMIT` von `ARMED`.,Bug,5.2,Beim Bauen der Verschachtelung aufgefallen und mit `17_nested.takt` belegt: Der `check` einer Zwischenebene muss in jedem Blatt darunter stehen.,"Dieselbe Sorte wie FB-71: Das Programm uebersetzt und laesst eine Invariante fallen. 5.2 sagt, aktiv ist ein *Pfad*, nicht ein Zustand — der `loop:` einer Zwischenebene ist die Invariante aller Zustaende darunter, und genau dort stehen die Sicherheitsgrenzen einer Anlage.","Erledigt: Die `loop:`-Bloecke laufen von der Maschine abwaerts bis zum Blatt, die Uebergaenge vom Blatt aufwaerts (der innerste Zustand entscheidet zuerst). `17_nested.takt` haelt beides fest.",M4,hoch,behoben 2026-09-11,
FB-74,M4-Umsetzung,Anweisungen hinter einem Terminator verschoben die Registernummern,"`abort` erzeugt `ret void` mitten im Block (5.4). Das umgebende `if` schrieb danach trotzdem sein `br`, und LLVM numeriert fuer den unerreichbaren Rest einen impliziten Block — die folgenden Register hiessen dann anders als erwartet.",Bug,5.4; 11.2,"Von clang gefunden: „instruction expected to be numbered '%11' or greater"".","Der Erzeuger muesste sonst an jeder Stelle wissen, ob ein Zweig schon geendet hat — eine Buchfuehrung, die sich ueber den ganzen Codegen zoege und genau einmal vergessen werden muesste.","Erledigt: `emit` verwirft Anweisungen hinter einem Terminator, statt sie zu schreiben. Die Registernummer wird trotzdem vergeben, damit der Aufrufer eine gueltige Referenz bekommt. Ein Test prueft fuer jede erzeugte Datei, dass nichts hinter einem Terminator steht.",M4,mittel,behoben 2026-09-11,
FB-75,M4-Umsetzung,`.bits` gab den Zieltyp statt des Traegertyps zurueck,"Ein `.bits(7, 4)` auf einem `u16` lieferte ein `i16`, meldete aber den Typ des Zielausdrucks. Die naechste Instruktion war damit falsch getypt: `trunc i64 %26 to i8`, wo `%26` ein `i16` war.",Bug,3.10,"Von clang gefunden: „defined with type 'i16' but expected 'i64'"".","Ein Ausdrucksknoten muss den Typ melden, den seine Instruktion *erzeugt*, nicht den, den der Kontext erwartet — die Verengung macht der Cast, den die MIR darum herum setzt. Wer beides verwechselt, erzeugt IR, die erst LLVM zurueckweist.",Erledigt: `.bits` liefert die Breite des Traegers; das `as` verengt.,M4,mittel,behoben 2026-09-11,
FB-76,M4-Umsetzung,Der Codegen liess `on`-Handler still fallen,Ein `on`-Handler (8.7) wurde vom Tickschritt nie erzeugt. `12_bitfields` uebersetzte vollstaendig und verlor dabei seinen CAN-Handler.,Bug,8.7; 5.2,"Von der Reichweitenmessung gefunden, die unabhaengig vom Codegen zaehlt — derselbe Weg wie bei FB-71 und FB-73.","Der dritte Fall derselben Sorte: Das Programm uebersetzt und tut etwas anderes als geschrieben. Dreimal dieselbe Ursache spricht dafuer, dass die unabhaengige Zaehlung kein Beiwerk ist, sondern die einzige Stelle, an der ein stilles Weglassen auffaellt — der Codegen selbst kann es nicht melden, weil er von dem Knoten nichts weiss.","Erledigt: Eine Maschine mit Handlern wird abgelehnt, bis die Stroeme da sind. Eine Ablehnung ist harmlos, ein stilles Weglassen nicht.",M4,hoch,behoben 2026-09-12,
FB-77,M4-Umsetzung,`block_type` im Sema registriert den Namen nie,"Jede Blockinstanz bekommt denselben Platzhaltertyp `Optional(Handle(Job))`. `block_type` baut den Namen `block:{id}`, schlaegt ihn nach — und wirft ihn weg (`let _ = name;`), ohne ihn je zu registrieren. Die Identitaet des Blocks geht damit aus dem Typsystem verloren.",Bug,5.7; 3.12,"Beim Senken der Blockinstanzen aufgefallen: `ty::lower` konnte den Typ nicht abbilden, weil er fuer jeden Block derselbe ist.","Fuer den Interpreter faellt es nicht auf — er fuehrt die Instanz als `Value::Block` mit ihrer `BlockId` im Wert. Fuer den Codegen ist es ein Unterschied: Er braucht den Typ, um den Struct zu bauen. Die Identitaet steht zuverlaessig in `Layout::block_instances`, und der Codegen liest sie dort — aber ein Typ, der fuer zwei verschiedene Bloecke derselbe ist, ist eine Luecke im Typsystem, die spaeter jemanden trifft.","Umgangen (nicht behoben): Der Codegen liest die Blockidentitaet aus `Layout::block_instances` statt aus dem Typ. Die Registrierung im Sema nachzuziehen gehoert in M6, wenn `map` und die uebrigen Handle-Typen dazukommen — dann steht ohnehin an, den Handle-Raum zu ordnen. Behoben 2026-09-16 (M6 Schritt 11): `HandleKind::Block(BlockId)` — jede Blockinstanz traegt ihren Block im Typ, der Platzhalter `Optional(Handle(Job))` ist weg.",M6,mittel,behoben 2026-09-16,
FB-78,M4-Umsetzung,"`Checked{Missing}` ist das Auspacken, nicht nur eine Pruefung","Der Codegen reichte jeden `Checked`-Knoten unveraendert durch. Bei `Missing` (3.8) ist das falsch: Der Knoten prueft nicht nur, dass ein Wert da ist, er *liefert* ihn auch. Jeder folgende Zugriff ging damit auf den Wrapper statt auf den Inhalt.",Bug,3.8,"Von clang gefunden: „invalid indices for extractvalue"" — ein Feldzugriff mit Index 2 auf einen Wrapper mit zwei Feldern.","Die Dominanzregel aus 3.8 sagt, dass ein Zugriff unter `.valid` den *Inhalt* meint. Im Interpreter faellt das nicht auf, weil `Value::Optional` sich beim Lesen selbst auspackt; im erzeugten Code ist der Wrapper ein Struct, und der Index zeigt daneben.","Erledigt: `Checked{Missing}` packt aus, wenn der Zieltyp ein anderer ist als der des Inhalts. Das Auspacken steht damit an *einer* Stelle — eine zweite in `field_of` waere eine zweite Gelegenheit, es verschieden zu tun.",M4,mittel,behoben 2026-09-12,
FB-79,M4-Umsetzung,Der Markenzaehler einer Funktion begann je Funktion bei null,"Marken stehen im Modul, der Zaehler aber im `FnCtx`. Zwei Funktionen mit je einem `if` hatten beide `dann1`.",Bug,11.2,"Vom Test `every_label_in_the_generated_ir_is_unique` gefunden, sobald ein Programm mehr als eine Funktion mit Verzweigung hatte.","Derselbe Befund wie FB-72 bei den Uebergaengen, eine Ebene hoeher: Eine Nummer, die nur lokal eindeutig ist, reicht fuer einen global sichtbaren Namen nicht. Dass der Test ihn gefunden hat, spricht dafuer, ihn nach jedem neuen Erzeuger laufen zu lassen.","Erledigt: Die Marke kommt aus `Module::next_label()`, der einzigen Stelle, die alle Erzeuger erreichen.",M4,mittel,behoben 2026-09-12,
FB-80,M4-Umsetzung,"`table<A, B>` brauchte gar keine Laenge im Typ","Der Codegen meldete `table<A, B>` als Luecke, weil der MIR-Typ keine Laenge traegt — scheinbar ein Fehler im Typsystem, der auch `takt size` (11.5) betrifft.",Befund,3.9; 11.5,"Beim Senken von `interp` geprueft: Die Grammatik nennt `table<A, B>` ohne Laenge (2.3), 3.9 verlangt eine Konstante, und der Compiler faltet sie an die Aufrufstelle — im MIR steht dort ein Array-Literal mit bekannter Laenge.","Die vermeintliche Luecke war eine falsche Annahme meinerseits: Eine Tabelle *ist* immer ein Literal, also ist ihre Zahl an jeder Stelle bekannt, an der sie gebraucht wird. Ein Laengenparameter am Typ waere Redundanz gewesen, und eine geratene Schranke (`TABLE_MAX`) haette Speicher belegt, den `takt size` falsch ausgewiesen haette. Der urspruengliche Entwurf von 3.9 ist an dieser Stelle besser als mein erster Reflex.","Erledigt: `interp` liest die Stuetzstellen unmittelbar aus dem Literal und rollt die Suche ab — die abgerollte Form *ist* die Schranke, die 4.1 verlangt. Der Typ bleibt, wie 2.3 ihn nennt.",M4,niedrig,behoben 2026-09-12,
FB-81,M4-Umsetzung,"Latch, Parametervektor und Commands wurden indiziert statt aufsummiert","Drei Zugriffe adressierten ihren Vektor mit `getelementptr T, ptr %n, i32 <Id>` — also mit der Groesse *dieses* Eintrags als Schrittweite. Bei Eintraegen verschiedener Breite zeigen zwei Indizes damit auf dieselbe Stelle oder daneben: In `15_quality` landete `ok` (i1, Id 1) auf Byte 1 und `shown` (double, Id 2) auf Byte 16. Bei den Commands war es schlimmer: Sie zaehlten `i1`-Schritte hinter ein Array, dessen Eintraege die Groesse eines Abbild-Eintrags haben — der Zugriff landete mitten in den Channeldaten.",Bug,9.1; 9.2; 8.4; 8.5,"Beim Entwurf des differentiellen Tests gefunden: Um den Latch auszulesen, musste sein Aufbau feststehen — und dabei fiel auf, dass er keinen hat.","Der Fehler war unsichtbar, weil er erst beim *Ausfuehren* auffaellt: Die IR ist gueltig, sie assembliert, und jedes Programm mit gleich breiten Outputs verhaelt sich richtig. `15_quality` mit einem `double` zwischen zwei `bool` waere das erste gewesen, das falsch rechnet. Das Prozessabbild hatte den Versatz von Anfang an aufsummiert (FB-63 stellte die ABI dort fest); die drei anderen Vektoren hatten nie eine.","Erledigt: `image::latch_offset`, `param_offset` und `command_offset` summieren wie `offset_of`. Stroeme belegen keinen Platz — sie werden gesendet, nicht gestellt (8.8) —, ihr Platz bleibt aber leer, damit der Index eines Channels seine `ChannelId` bleibt.",M4,hoch,behoben 2026-09-12,
FB-82,M4-Abnahme,Die Entry-Tick-Regel fehlte im Codegen,"Nach einem Uebergang liefen die `loop:`-Bloecke der neu betretenen Zustaende erst im naechsten Tick. 5.2 Regel 4 verlangt sie noch im selben — im Entry-Modus, mit wirkenden `check`s.",Bug,5.2; 3.5; 9.4.4,"Vom differentiellen Test gefunden (Schritt 8): Interpreter und erzeugter Code liefen ueber denselben Korpus, und ihre Outputs wichen ab.","Ein Zustand erreichte seine Invarianten einen Tick zu spaet, und die Outputs des Ticks standen auf den Werten des alten Zustands. In `12_bitfields` erschien `word 81` bei t=2 statt t=1. Der Fehler ist in keinem Textest sichtbar: Die IR ist gueltig, sie assembliert, und nur der Vergleich mit dem Interpreter zeigt den Versatz.","Erledigt: Ein Uebergang fuehrt die `loop:`-Bloecke der betretenen Zustaende noch im selben Tick aus. Dasselbe gilt fuer Tick 0 (1012: „wie eine Maschine bei Tick 0"") und fuer den Fault-Pfad (5.2 Regel 5).",M4,hoch,behoben 2026-09-12,
FB-83,M4-Abnahme,"Der Fault-Pfad merkte nur vor, statt das Ziel zu betreten",Der Fault-Trampolin setzte `pending` und verliess den Schritt. 5.2 Regel 5 verlangt mehr: Das Fault-Ziel wird sofort betreten und im Entry-Modus ausgefuehrt.,Bug,5.2; 3.5; 9.4.4,"Vom differentiellen Test gefunden (Schritt 8): Interpreter und erzeugter Code liefen ueber denselben Korpus, und ihre Outputs wichen ab.","Ohne das stehen die Outputs am Commit des Ticks auf den Werten des *alten* Zustands — in `17_nested` blieb `horn` auf `false`, obwohl die Maschine in `SAFE` steht und ihn setzt. Genau diese Latenz soll 9.4.5 beschraenken; ein Fault, der einen Tick braucht, waere eine andere Sprache.","Erledigt: Der Fault-Pfad steht je Blatt (das Ziel haengt am innersten Zustand, der eines deklariert, 5.3), betritt das Ziel mit `exit:`/`enter:` und fuehrt dessen `loop:` im Entry-Modus aus.",M4,hoch,behoben 2026-09-12,
FB-84,M4-Abnahme,`Checked{Valid}` wurde durchgereicht statt geprueft,"Ein Lesen auf einem ungueltigen Channel ist ein `SensorFault` (3.5); die MIR setzt dafuer einen `Checked{Valid}`-Knoten. Der Codegen reichte ihn durch und las den Wert, der im Abbild zufaellig stand.",Bug,5.2; 3.5; 9.4.4,"Vom differentiellen Test gefunden (Schritt 8): Interpreter und erzeugter Code liefen ueber denselben Korpus, und ihre Outputs wichen ab.","Das ist die stille Korruption, die 12.6 ausschliessen soll — der Wert eines `Bad`-Kanals ist bedeutungslos, und ihn zu lesen ergibt eine Zahl ohne Herkunft. Gefunden hat es der differentielle Test: Der Interpreter faultete, der erzeugte Code rechnete weiter.","Erledigt: Der Zweig steht *vor* dem Lesen. `Vars::fault_label` nennt sein Ziel; eine reine Funktion hat keines und meldet das, statt einen Zweig ins Leere zu erzeugen.",M4,hoch,behoben 2026-09-12,
FB-85,M4-Abnahme,Die Anfangswerte der Maschinenvariablen wurden nie geschrieben,"`init_function` setzte `conf` und fuehrte `enter:` aus, aber nie die Initialwerte der Variablen (`s0`, 9.4). Jede Maschinenvariable begann bei der Null, die der Speicher mitbringt — `var n : int = 3` war 0.",Bug,9.4; 1.4,"Vom Fuzzer der Abnahme gefunden, nicht vom Korpus: Die Korpusprogramme lesen ihre Variablen meist erst, nachdem sie sie geschrieben haben, und eine Null am Anfang faellt dort nicht auf. Der Fuzzer erzeugt Ausdruecke, die *nur* aus der Variablen und Konstanten bestehen — dort ist der Unterschied das Ergebnis.","Das ist der Befund, fuer den der Fuzzer da ist. Der Korpus trifft die Faelle, an die jemand gedacht hat; dieser gehoerte nicht dazu. Und er ist nicht klein: Ein Regler, dessen Zustandsvariable mit dem deklarierten Anfangswert starten soll, startet bei null — das ist in der Simulation richtig und auf der Anlage falsch, oder umgekehrt.","Erledigt: `init_function` schreibt `s0` vor jedem `enter:`, weil ein `enter:`-Block die Werte schon lesen darf (1.4). Blockinstanzen sind ausgenommen: Ihr Zustand entsteht aus den Initialwerten des Blocks (5.7).",M4,hoch,behoben 2026-09-12,
FB-86,M4-Abnahme,Die Laufzeitpruefungen aus 4.1 fehlten vollstaendig,"Der Codegen reichte jeden `Checked`-Knoten durch. Eine Range-Verletzung, ein Index ausserhalb der Laenge und eine Division durch null liefen still weiter — `var n : int in 0..200` nahm den Wert 250 an.",Bug,4.1; 3.4,"Beim Nachfassen zum Fuzzer gefunden: Er meidet Faults per Konstruktion, weil ein gefaultetes Programm nichts mehr zu vergleichen hat. Ein von Hand geschriebenes Programm mit absichtlichem Ueberlauf zeigte es.","Das ist die Totalitaetszusage aus 4.1, und ohne sie ist sie keine: Ein Wert ausserhalb seiner deklarierten Range ist genau das, was die Intervallanalyse voraussetzt, wenn sie *andere* Pruefungen wegbeweist (3.4). Ein Codegen, der die verbliebenen nicht erzeugt, macht aus jeder wegbewiesenen Pruefung eine falsche Annahme.","Erledigt: `runtime_check` erzeugt Range, Index und Division durch null. Ueberlauf, Domaene und Konversion brauchen den Operator, den der Knoten nicht nennt — sie kommen mit M5, und der Knoten wird gemeldet statt uebergangen. Die Marke nennt die Art der Pruefung (`geprueft_range_7`), was nach 13.4 kein Schoenheitsargument ist: Die IR ist das Artefakt der Qualifikation.",M4,hoch,behoben 2026-09-12,
FB-87,M4-Abnahme,Eine reine Funktion konnte nicht faulten,"Eine `fn` kann nach 4.1 faulten (Ueberlauf, Range, Division durch null), hat aber keinen Fault-Pfad — sie faultet den Aufrufer. Der Weg dorthin fehlte in der ABI.",Entwurfsentscheidung,4.1; 9.4,"Beim Einbau der Laufzeitpruefungen aufgefallen: Drei Korpusprogramme liessen sich nicht mehr bauen, weil ihre Funktionen Pruefungen enthalten und der Zweig kein Ziel hatte.","Drei Wege standen offen: den Rueckgabewert um ein Flag erweitern (aendert jede Signatur und kostet auch bei Funktionen ohne Pruefung), ein globales Flag (eine Stelle, ein Byte, nur wer prueft zahlt), oder ein Ausgabeparameter je Aufruf (wie der erste, nur umstaendlicher).","Erledigt: Ein globales Flag `takt_fn_fault`, Teil der Runtime-ABI wie `takt_alert`. Eine Stelle genuegt, weil 9.4 keinen nebenlaeufigen Zugriff auf den Zustand einer Maschine kennt (Satz 9.4.1: die Schritte kommutieren) und innerhalb eines Schritts immer nur ein Aufruf laeuft. Der Aufrufer prueft es nach dem Aufruf und nimmt seinen eigenen Fault-Pfad; eine Funktion, die eine andere ruft, reicht es weiter.",M4,mittel,behoben 2026-09-12,
FB-88,M4-Umsetzung,Der Testrahmen las vorzeichenlose Werte als vorzeichenbehaftet,"`c_type` bildete einen LLVM-Typ nur auf seine Breite ab. Ein `u32` wurde damit als `int` gelesen, und `crc32(""123"") = 2286445522` erschien als -2008521774.",Bug,3.2,"Beim Einbau der nativen Funktionen gefunden: Die Pruefsumme stimmte in beiden Implementierungen, nur die Ausgabe wich ab.","LLVM kennt das Vorzeichen nicht im Typ — dort steht nur die Breite, und `sdiv` gegen `udiv` traegt den Unterschied. Der Rahmen muss es aus der MIR nehmen. Der Fehler war harmlos, weil er nur die *Ausgabe* betraf; er haette aber jeden Vergleich vorzeichenloser Werte scheitern lassen, und die Ursache waere beim Codegen gesucht worden.","Erledigt: `Slot` traegt das Vorzeichen, `c_type` nimmt es entgegen, und der Rahmen gibt vorzeichenlose Werte mit `%llu` aus.",M4,niedrig,behoben 2026-09-12,
FB-89,M4-Umsetzung,`t_in_state` begann bei -1 statt bei null,"Der Codegen setzte den Zaehler beim Eintritt auf -1, weil das Ende des Schritts ihn um eins erhoeht. Der Entry-Modus (5.2 Regel 4) laeuft aber noch im selben Tick und liest ihn — jede `after`-Frist feuerte damit einen Tick zu spaet.",Bug,5.2; 7.1,"Vom differentiellen Test mit Eingaben gefunden: `16_timing` wechselte im Interpreter bei t=23 zurueck, im erzeugten Code bei t=24.","Der Interpreter setzt in `enter_state` eine Null und erhoeht am Ende des Ticks nur fuer *aktive* Maschinen. Meine Rechnung war um die Reihenfolge herum gebaut, statt um die Bedeutung: `t_in_state` ist die Zahl der Ticks *seit* dem Eintritt, und im Eintritts-Tick sind das null. Ein Fehler um eins in einer Frist ist der Sorte nach klein und in der Wirkung nicht: Bei 200 ms und 10 ms Tick sind es 5 Prozent.","Erledigt: Der Eintritt setzt 0, wie der Interpreter. Der Test prueft jetzt den Wert und nennt den Grund.",M4,mittel,behoben 2026-09-12,
FB-90,M4-Umsetzung,"`SCHED_FIFO` gehoert in den Betrieb, nicht ins Programm","12.2 verlangt den Tick-Thread als `SCHED_FIFO`. `rustix` bietet `sched_setscheduler` nicht an, und die Frage war, ob das eine Luecke ist.",Entwurfsentscheidung,12.2; 8.10; 13.4,"Beim Bauen von `takt-rt-linux` geprueft: Dieselbe Zeile in 12.2 nennt `isolcpus` und `nohz_full` — beides Kernel-Bootparameter, die kein Programm setzt.","Die Prioritaet steht in derselben Aufzaehlung wie zwei Dinge, die per Definition Betriebskonfiguration sind. Ein Programm, das sie sich selbst gibt, braucht CAP_SYS_NICE oder root — es muesste privilegiert ausgeliefert werden, was fuer Sicherheit und Betrieb schlechter ist als `chrt -f 80 ./programm`. Linux hat fuer den Zweck ein Standardwerkzeug, und 8.10 hat fuer solche Angaben bereits einen Ort.","Erledigt: Die Runtime setzt, was jedem Prozess offensteht (`mlockall`, Kernbindung), und *misst* den Rest. `Guarantee` geht in den Lauf-Header (11.3): Der Unterschied zwischen „lief unter linux_rt"" und „lief unter linux_rt *mit* der Zusage"" steht damit in der Aufzeichnung. Fehlt ein Teil, nennt die Meldung den Weg (`chrt`, `taskset`, RLIMIT_MEMLOCK) — ein Befund ohne Abhilfe ist eine Klage. Eine Zeitgarantie, die still ausfaellt, ist schlimmer als eine, die fehlt: Eine Messung unter ihr sieht gueltig aus.",M4,hoch,behoben 2026-09-12,
FB-91,M4-Abnahme,Der Container misst den Wirt mit,Die Jitter-Messung in Docker liefert ohne `SCHED_FIFO` einen Median von 69 us und mit 20 us — beide Zahlen sagen mehr ueber den Wirt als ueber die Tickquelle.,Befund,12.2; 13.8,"Gemessen auf Docker Desktop (WSL2): 1000 Ticks zu je 1 ms, mit und ohne `chrt -f 80 taskset -c 0`.","Ein Container teilt sich den Kern mit dem Wirt, und seine Uhr ist die virtualisierte; unter Docker Desktop kommt die 9p-Bruecke dazu. Der Faktor 3,4 zwischen beiden Messungen ist trotzdem aussagekraeftig — er zeigt, dass die Zusage wirkt —, die absoluten Zahlen sind es nicht. Die Kalibrierung (`takt bench`, 13.8) gehoert auf die Zielhardware.","Festgehalten: `tools/linux.sh` nennt den Vorbehalt im Kopf, und das Beispiel `jitter` druckt den Befund neben die Zahlen. Was sich hier pruefen laesst, ist die *Richtigkeit* der Pfade — dass `clock_nanosleep_absolute` laeuft und `Guarantee` meldet, was tatsaechlich gilt.",M10,mittel,dokumentiert 2026-09-26,Adapter liegt vor (2026-09-25); Messung M10 Schritt 11
FB-92,Fremdprogramme,Klauselwoerter des Zustandsrumpfs sind global als Bezeichner gesperrt,"Die drei Programme in `feedback/` scheitern am Parser. Ein Teil der Faelle ist ein echter Verstoss gegen die Referenz, ein Teil nicht — `var on : bool` im Blinker ist der Fall, der bleibt.",Befund,2.2; 2.3,"Gegen 2.2 und die EBNF geprueft, dann am Parser nachgemessen. `takt-syntax` fuehrt die Trennung aus 2.2 bereits: neben KEYWORDS (96) gibt es CONTEXTUAL (rund 100), und Felder wie `offset` oder `len` sind darum erlaubt. Von den Kandidaten aus den drei Programmen haelt `state` der Regel stand (2.2 nennt es ausdruecklich), `at` und `node` ebenfalls (`at_stmt`, `node_decl`). Sechs weitere nicht: `on`, `enter`, `exit`, `loop`, `when`, `after` erscheinen in der EBNF ausschliesslich in `on_handler`, `enter_block`, `exit_block`, `loop_block` und `transition` — je als erstes Wort einer Klausel im Zustands- bzw. Maschinenrumpf, nie in einem Ausdruck. Als Variablenname abgelehnt werden sie trotzdem alle sechs.","Die Regel in 2.2 lautet: Schluesselwort ist, was eine Klausel am Zeilenanfang einleitet *oder* in Ausdruecken wirkt. Diese sechs tun das eine nur an einer Stelle, an der eine Variablendeklaration nicht stehen kann, und das andere gar nicht. Es ist dieselbe Haerte, die 2.2 fuer `offset` und `len` ausdruecklich vermeidet — nur ist die Trennung hier nicht bis zu Ende gezogen. Ein Blinker mit `var on : bool` ist die naheliegende Schreibweise; dass sie scheitert, ist eine Abweichung von der eigenen Regel, kein Schutz. Anzumerken bleibt, dass die drei Programme aus aelteren Referenzstaenden stammen und daneben echte Verstoesse enthalten (siehe FB-93, FB-94); dieser Punkt haelt der Grammatik aber stand.","Die Kandidaten von KEYWORDS nach CONTEXTUAL verschieben, wo die Regel aus 2.2 es hergibt — belegt sind sechs. Die Aenderung ist rueckwaertskompatibel (heute abgelehnte Programme werden gueltig) und betrifft Lexer, Parser und die Reserviertheitspruefung aus M0. Nach M5, weil sie keinen laufenden Meilenstein blockiert.",M6,mittel,"behoben 2026-09-16 (M6 Schritt 25): die sechs Woerter stehen in CONTEXTUAL, Parser prueft sie als Woerter an ihrer Stelle; 2.2 nennt die Regel; `50_clause_words.takt` mit `var on`, `var loop`, `var enter`, `input after`",
FB-93,Fremdprogramme,Die Diagnose zum Signaturumbruch nennt die Loesung nicht,Zwei der drei Programme brechen lange `fn`-Signaturen vor `->` um und loesen Kaskaden von Einrueckungsfehlern aus.,Bestaetigt,2.1 (L2.2a),"Isoliert nachgestellt: ein Umbruch vor `-> int` erzeugt drei Fehler, davon zwei Folgefehler.","Die Sprache ist hier im Recht: Die Referenz regelt den Fall ausdruecklich — `->` setzt nicht fort, weil `-> ZIEL` eine eigene Zeile bildet, und sie nennt die Loesung (innerhalb der Parameterliste umbrechen, dort traegt die Klammer). Die Programme stammen aus aelteren Referenzstaenden und verstossen dagegen. Die Diagnose fuehrt aber in die Irre: Sie sagt ""erwartet `->` mit Rueckgabetyp"" und schlaegt inout-Parameter vor — ein Hinweis, der hier nicht passt, waehrend der passende (2.1) fehlt.","Erledigt: Der Parser sieht nach, ob hinter dem Zeilenende ein `->` steht, und nennt dann die Klammerregel aus 2.1 statt der inout-Regel aus 3.9. Der Fall ohne Rueckgabetyp behaelt seinen Hinweis; ein Test haelt beide auseinander. Die Sprache bleibt, wie sie ist — sie war hier im Recht.",M6,niedrig,behoben 2026-09-12,
FB-94,Fremdprogramme,`bytes<N>?` ist kein gueltiger Typ,"test_uart schreibt `step(ev: RxByte) -> bytes<1024>?`. Der `?`-Suffix haengt in `type` (EBNF 249) an `scalar_type` und `TYPE_IDENT`; `bytes<N>` ist weder das eine noch das andere, sondern `elem_type` (EBNF 261).",Befund,3.8; 3.9,"An der Produktion `type` geprueft und mit `takt check` bestaetigt. Die uebrigen Fehler derselben Datei (`signal` und `pub var` auf Dateiebene, `property`, `scenario`, `campaign`) sind dagegen keine Luecken: `signal_decl` steht laut EBNF 128/131 im `machine_body`, und die Konstrukte der Eigenschaften und Kampagnen sind laut plan.md M6 — die Datei benutzt sie ausserhalb ihrer Stelle bzw. vor ihrer Stufe.","Die Frage ist, ob die Einschraenkung gewollt ist. Ein optionaler Puffer (""eine Zeile, sofern eine fertig wurde"") ist der Fall, fuer den 3.8 die Huelle T? vorsieht. `bytes<N>` steht in `elem_type`, weil es primaer Stromelement ist — dass es deshalb keine Huelle tragen kann, wirkt als Nebenwirkung der Einordnung, nicht als Entscheidung. Anders als FB-92 ist das keine Abweichung des Parsers von der Grammatik: Parser und EBNF stimmen ueberein, die Frage geht an die Referenz.","Gegen 3.8/3.9 zu klaeren: entweder die Huellenregel auf `elem_type` ausdehnen oder die Einschraenkung in der Referenz begruenden. Solange sie offen ist, ist der Umweg ein Record mit Laengenfeld. Behoben 2026-09-16 (M6 Schritt 4): Die Huelle `?`/`!E` steht um jeden Typ, auch um Puffer und Sammlungen — Grammatik 2.3 (`type`), Parser (`TypeKind::Wrapped`), Drucker, S-Ausdruck, Sema; 3.8 nennt es. Test `a_buffer_can_be_optional` in `takt-sema/tests/const_generics.rs`.",M6,mittel,behoben 2026-09-16,
FB-95,Fremdprogramme,Der kleinste Wert einer signierten Breite ist nicht schreibbar,"`var a : i16 = -32768` wird mit ""Literal passt nicht in `i16`"" abgelehnt, obwohl -32768 der gueltige Minimalwert ist. Dasselbe gilt fuer i8, i32 und i64.",Bug,3.1,"Beim Korrigieren von `feedback/test_dmx.takt` gefunden (`SensorState(highest = -32768, ...)`) und isoliert nachgestellt.","Das unaere Minus ist ein eigener Knoten: `lower::expr::unary` senkt den Operanden mit demselben Typhinweis (expr.rs:1841), sodass die Literalpruefung in `expr.rs:284` den Betrag 32768 gegen i16 haelt — und der liegt um eins ueber der Obergrenze 32767. Der Zweierkomplementbereich ist asymmetrisch; genau diese eine Zahl faellt durch. Betroffen ist jede signierte Breite an ihrer Untergrenze. Die Wirkung ist klein in der Haeufigkeit und unangenehm in der Art: Sentinelwerte wie ""kleinster moeglicher Messwert"" sind der uebliche Anlass, und die Meldung nennt einen Grund, der nicht stimmt.","Erledigt: Der Neg-Zweig prueft ein Ganzzahlliteral samt Vorzeichen als einen Wert, bevor der Operand fuer sich gesenkt wird. Zustaendigkeit und Ergebnis sind getrennt (`Option<Option<_>>`), sodass ein Literal ausserhalb des Bereichs genau einmal gemeldet wird und nicht zweimal. Test an der Untergrenze von i8, i16 und i32 sowie einen Schritt darunter.",M6,mittel,behoben 2026-09-12,
FB-96,Fremdprogramme,Eigene Blockmethoden sind nicht aufrufbar,"Ein Block darf laut EBNF 117 neben `step` weitere Methoden haben (`method_decl`), und 11.4 nennt `stopwatch` mit `start()`/`stop()`/`elapsed()` als Beispiel. Der Aufruf scheitert: ""kein Zugriff `reset_to` auf `Handle?`"".",Bug,5.7; 11.4,"Beim Korrigieren von `feedback/test_dmx.takt` gefunden (`trk_temp.reset_range(...)`) und isoliert nachgestellt: ein Block mit `step` und einer zweiten Methode; `step` laeuft, die zweite nicht.","Der Dispatch kann es bereits: `lower::stmt` loest den Zweig `other` ueber `def.methods` auf und meldet sonst ""Block hat keine Methode"". Erreicht wird er nur nicht — die Methodenanweisung wird an der festen Liste MUTATING (stmt.rs:18) erkannt, und die enthaelt die Standardnamen (`push`, `step`, `reset`, ...), nicht die des Blocks. Ein eigener Name faellt vorher durch und landet in der Ausdruckspruefung, wo die Instanz nur als `Handle?` sichtbar ist. Die Meldung nennt darum den Empfaengertyp statt den Block.","Erledigt: `is_mutating_call` entscheidet am Empfaenger statt am Namen — ist er eine Blockinstanz, ist jeder Methodenaufruf eine Anweisung (5.7 verlangt das ohnehin). Die Namensliste MUTATING bleibt fuer die eingebauten Typen, weil dort kein Empfaenger die Frage beantwortet. Test mit `stopwatch` aus 11.4, auch in der Form ohne `step`.",M6,hoch,behoben 2026-09-12,
FB-97,Fremdprogramme,`pulse` ist in `sequence` abgelehnt,"`pulse tx_enable = true for 5 ms` laeuft in einem `loop`, aber nicht in einer `sequence`: ""`pulse` nur als eigenstaendige Anweisung"". Die EBNF erlaubt es (`seq_item := stmt`, und `pulse_stmt` ist ein `stmt`).",Bug,7.5; 5.5,"Beim Korrigieren von `feedback/test_dmx.takt` gefunden und isoliert nachgestellt: dieselbe Zeile in `loop:` und in `sequence:`, nur die zweite scheitert.","`pulse` wird nicht als einzelne Anweisung gesenkt, sondern in `lower::stmt::stmts` zu zwei Anweisungen aufgeloest (7.5: setzen und spaeter zuruecknehmen); der Einzelfall in stmt.rs:157 ist nur die Fehlermeldung fuer alles, was diesen Weg nicht nimmt. `machine::seq_items` senkt jedes Element einzeln und geht darum an der Aufloesung vorbei. Die Meldung beschreibt nicht, was vorliegt — die Anweisung *ist* eigenstaendig; sie steht nur im anderen Block.","Erledigt: `seq_items` loest `pulse` vor der Einzelsenkung auf, wie `stmt::stmts` es tut; die beiden Anweisungen werden zu zwei `SeqItem::Stmt`. Der Einzelfall in stmt.rs bleibt als Meldung fuer jeden Weg, der die Aufloesung nicht nimmt. Test mit derselben Zeile in `loop` und in `sequence`.",M6,mittel,behoben 2026-09-12,
FB-98,Fremdprogramme,Das Element einer Stream-Bindung ist nicht erreichbar,"In `on q as b:` ist das Element selbst nicht lesbar. Bei einem Record-Stream geht nur der feldweise Zugriff (`b.a`), nicht der ganze Wert: `parse_rdm(b)` meldet ""erwartet `DmxFrame`, gefunden `rdm_responder.f.binding`"". Bei einem Skalar-Stream (`stream<u8>`) ist das Element ueberhaupt nicht erreichbar — die Meldung nennt als Felder nur `t` und `seq`.",Bug,8.7,"Beim Korrigieren aller drei Programme in `feedback/` gefunden und isoliert nachgestellt: ein `stream<u8>` und ein Stream ueber einem Record. Beim Record hilft eine feldweise Kopie, beim Skalar gibt es keinen Weg.","Die Referenz beschreibt die Bindung als das Element *mit* Zusatz: ""Bei Stream-Elementen traegt die Bindung zusaetzlich `m.t`, `m.seq` und `m.text` bzw. `m.data`"" (1325). ""Zusaetzlich"" heisst, die Felder des Elements bleiben; beim Skalar ist das Element der Wert selbst, und der fehlt. Damit ist ein Byte-Strom aus einem Handler heraus nicht verarbeitbar — `on tx_raw as b: v = b` ist die naheliegende Zeile und hat keine gueltige Entsprechung. Beim Record ist die Wirkung milder, aber derselbe Grund: Eine reine Funktion `parse_rdm(frame)` ist die Form, die 4.1 und 13.8 verlangen (ohne Hardware testbar), und sie ist nur ueber eine Kopie je Feld erreichbar.","Erledigt: Ein Skalarelement traegt `.data` wie `bytes<N>`. Die zweite Haelfte ist mit FB-101 entschieden — die Bindung ist ein Wrapper, ihr Inhalt steht als ein Wert unter `.data` und geht damit an eine reine Funktion, ohne Projektion und ohne Kopie je Feld.",M6,hoch,behoben 2026-09-12,
FB-99,Fremdprogramme,Eine `pub var` ist nur rueckwaerts sichtbar,"Liest Maschine A eine `pub var` von Maschine B, die spaeter in der Datei steht, meldet der Compiler ""`b` hat weder `pub var` noch Signal `flag`"". Dreht man die Reihenfolge der beiden Maschinen um, uebersetzt dasselbe Programm.",Bug,5.4; 9.4.1,Beim Korrigieren von `feedback/test_dmx.takt` gefunden (`dmx_core` liest `rdm_responder.identify`) und auf zwei Maschinen mit einer `pub var` isoliert nachgestellt.,"Das widerspricht der Grundentscheidung 6 der Referenz: Kommunikation zwischen Maschinen laeuft ausschliesslich mit Unit-Delay, ""dadurch ist die Ausfuehrungsreihenfolge im Tick beweisbar irrelevant"". Satz 9.4.1 sagt dasselbe fuer die Schrittreihenfolge. Wenn die *Deklarations*reihenfolge darueber entscheidet, ob ein Programm uebersetzt, ist die Unabhaengigkeit an einer Stelle durchbrochen, an der sie zugesagt ist — und zwar sichtbar: Zwei Maschinen, die einander lesen, sind nicht beide zuerst deklarierbar. Genau das ist der Normalfall bei Gegenkopplung (hier: der Responder meldet `identify`, der DMX-Pfad meldet seinen Zustand zurueck). Die Aufloesung der Maschinennamen laeuft offenbar in einem Durchgang statt in zweien.","Erledigt: `declare_interface` traegt `pub var` und Signale ein, bevor ein Rumpf gesenkt wird; die Deklarationsreihenfolge entscheidet damit nicht mehr, wie Grundentscheidung 6 es zusagt. Die Vorschau legt die Variablenliste *deckungsgleich* an — `VarId` ist ihr Index, und eine Luecke verschoebe jede Referenz um eins, was nicht als Fehler auffiele, sondern als falscher Wert. Der Initialwert bleibt offen, weil er auf andere Maschinen verweisen darf; er entsteht beim Senken, das den Eintrag ersetzt. Drei Tests: Vorwaertsreferenz, Signal, und ein Lauf, der prueft, dass die gelesene Variable die genannte ist.",M6,hoch,behoben 2026-09-12,
FB-100,Fremdprogramme,Die Diskriminante eines Enums ist nicht direkt lesbar,"`cmd as u8` auf einem `enum NmtCmd layout u8` wird mit ""`as` auf `NmtCmd`"" abgelehnt. `cast_expr` (EBNF 223) erlaubt als Ziel nur einen `scalar_type`, und die Regel greift auch fuer die Richtung Enum nach Integer.",Befund,3.6; 3.7,"Beim Korrigieren von `feedback/test_servo.takt` gefunden (CANopen schreibt die Diskriminante direkt auf den Bus) und isoliert nachgestellt. Ein Weg besteht: ein Record mit `layout`, der das Enum als Feld fuehrt, liefert das Byte ueber `encode()`.","`layout u8` legt die Diskriminante ausdruecklich fest — sie ist damit eine benannte Groesse des Programms, kein Implementierungsdetail. Wer sie auf einen Bus schreibt, nimmt heute den Umweg ueber einen Record, obwohl `encode`/`decode` fuer *Rahmen* gedacht sind, nicht fuer ein einzelnes Byte. Die Gegenseite ist bedenkenswert: Ein freier Cast in beide Richtungen wuerde die Erschoepfung von `match` (3.6) unterlaufen, und die Rueckrichtung Integer nach Enum ist zurecht `match`-gefuehrt. Die Hinrichtung hat dieses Problem nicht — sie ist total.","Erledigt als Meldung, nicht als Sprachaenderung: Ein Enum bleibt ohne Cast auf seine Diskriminante. `layout u8` steht in 3.7 unter „Drahtformat-Details"" und dient der Serialisierung als Record-Feld, nicht der Rechnung; die Rueckrichtung waere partiell, und `match` traegt die Erschoepfung. Die Diagnose nennt jetzt diesen Weg, statt nur abzulehnen — wie es der Float-Fall daneben tut.",M6,niedrig,geschlossen 2026-09-12,
FB-101,Fremdprogramme,Eine Stream-Bindung als Ganzes statt feldweise,"Die zweite Haelfte von FB-98: `parse_rdm(f)` auf der Bindung eines Record-Stroms meldet ""erwartet `DmxFrame`, gefunden `rdm_responder.f.binding`"". Feldweise geht es; bei einem Record mit zwoelf Feldern ist das eine Zeile je Feld.",Entwurfsentscheidung,8.6; 8.7,"An der Referenz geprueft: Sie greift durchweg feldweise zu (`f.data`, `m.seq`, `c.data`) und uebergibt an keiner Stelle eine Bindung als Ganzes. Die Skalarhaelfte desselben Befunds war dagegen eine echte Luecke und ist behoben (FB-98).","Beim Abwaegen kam ein schwererer Fall ans Licht als die Frage selbst: Ein Rahmenformat mit eigenem Feld `seq` — in Protokollen der Normalfall — war unerreichbar, weil das Metadatum es verdeckte. `h.seq` lieferte die Nummer im Strom, und zwar still. Dasselbe drohte bei `t`, `data` und `text`, die 2.5 als Record-Feldnamen ausdruecklich erlaubt (`CanFrame.data`). Damit war die Frage nicht mehr, ob eine Projektion bequem waere, sondern ob zwei Namensraeume vermischt bleiben duerfen. Die Referenz hatte den Fall an anderer Stelle entschieden: Auf einem Wrapper meint `x.name` immer den Wrapper, Felder des Inhalts erst nach dem Auspacken (2.5). Eine Bindung ist genau das.","Erledigt als Sprachentscheidung (Entscheidungslog, v0.2.9): Die Bindung traegt `.t`, `.seq` und den Inhalt unter einem Namen (`.data`, bei `line<N>` `.text`); Elementfelder stehen darunter (`f.data.id`). Damit loest sich die urspruengliche Frage auf, statt eine Sonderregel zu bekommen — `parse_frame(f.data)` geht ohne Projektion, die Verdeckung verschwindet strukturell, und ein Zugriffsmuster gilt fuer alle vier Elementarten statt vier verschiedene. Nachgezogen in 8.6, 8.7, 2.5, `plan/m2.md`, der EBNF (Kommentar an `on_handler`) und `plan/features.csv` (PAR-8.7-Bindung_als_Wrapper). Migriert: eine Stelle im Korpus, zwanzig in `feedback/`; die feldweise Kopie im DMX-Programm entfaellt ersatzlos. Vier Tests in `fremdcode.rs`, darunter der Verdeckungsfall mit Lauf.",M6,hoch,entschieden 2026-09-12,
FB-102,Inventur,Die Beispiele 14.1 bis 14.6 laufen nicht im differentiellen Test,"Der M4-Exit verlangt „14.1-14.6 in Echtzeit auf der Box"". Die sechs Programme liegen in `corpus-try/sim/14_x/`, uebersetzen fehlerfrei und haben Golden-Traces, laufen aber nur im Interpreter (`golden_sim.rs`). Der Korpus von `differential.rs` fuehrt sie nicht — er nennt 13 andere Dateien.",Luecke,13.8; plan.md M4-Exit,"Beim Nachziehen der Inventur gefunden: Die EX- und SEM-Eintraege der Beispiele standen auf `offen` beziehungsweise `teilweise`, und die Suche nach dem Grund zeigte, dass der differentielle Test sie nicht kennt. Alle sechs uebersetzen ohne Fehler (`takt check`).","Die Abnahmeregel aus plan.md 6.2 ist fuer eine EX-ID eindeutig: fertig heisst „derselbe Trace auf jeder bis dahin unterstuetzten Zielklasse"". Solange die Beispiele nur im Interpreter laufen, ist der M4-Exit an dieser Stelle behauptet und nicht belegt. Der Aufwand ist gering — der Rahmen steht, es fehlt die Liste: `differential.rs` nimmt Programme aus `corpus-try/`, die Beispiele liegen eine Ebene tiefer in `sim/14_x/program.takt`. Zu klaeren ist dabei, wie die Plant-Modelle behandelt werden: Im Interpreter treiben sie die Inputs, nativ braucht es entweder denselben Stimulus oder den Sim-Treiber aus `takt-hal`.","Erledigt. Alle sechs Beispiele, die M4 traegt, laufen im differentiellen Test (`examples.rs`); `OPEN` ist leer. 14.7 gehoert zu M5 (Hardware), 14.8 zu M6.",M4,hoch,behoben 2026-09-14,
FB-103,Inventur,Der Codegen kennt nur `-> ZUSTAND` als Uebergangsziel,"`step.rs:175` bricht mit `NotYet { what: ""Uebergangsziel"" }` ab, sobald ein Uebergang nicht auf einen Zustand zeigt. `Target` hat drei Varianten: `State`, `Faulted` (explizit `-> FAULTED`, 5.3) und `Fault(kind)` (der Timeout einer Sequenz, 6.2). Zwei davon fehlen.",Luecke,5.3; 6.2,"Beim Probelauf mit Beispiel 14.1 gefunden (FB-102): Die Maschine `hotfire` bekam keine Schrittfunktion, weil ihre Sequenz einen Timeout mit Fault-Ziel hat. Die uebrigen 13 Programme des differentiellen Korpus benutzen nur `-> ZUSTAND` und zeigten die Luecke darum nie.","Das ist der Grund, warum 14.1 nicht nativ laeuft, und damit die Ursache hinter FB-102. Die Abnahme in 13.8 und Satz 9.4.4 sprechen von Bit-Gleichheit ueber alle Konstrukte, nicht ueber die zufaellig getesteten — ein Programm mit `until … timeout` faellt heute stillschweigend aus dem nativen Pfad. Die Faultpfade selbst sind im Codegen vorhanden (`enter_fault`), es fehlt die Verdrahtung im Uebergang.","Erledigt: Der Uebergang behandelt alle drei Varianten von `Target`. `Fault(kind)` merkt die Fault-Art in `pending` vor und springt in den Fault-Pfad des Blatts — denselben, den ein gescheiterter `check` nimmt. `Faulted` ist kein Fault, sondern ein Ziel: Die Konfiguration bekommt den Index hinter dem letzten Blatt, den der `switch` nicht trifft, und die Outputs gehen auf `safe`. Zwei Korpusprogramme (`21_fault_targets`, `22_faulted_outputs`) fahren beide Wege im differentiellen Test; beide stimmen bitgenau mit dem Interpreter ueberein.",M4,hoch,behoben 2026-09-12,
FB-104,Inventur,Der Testrahmen verwarf den Grund eines Codegen-Abbruchs,"`common/mod.rs` rief `let _ = step_function(...)`. Bricht der Codegen ab, fehlt die Schrittfunktion still; sichtbar wird das erst als „undefined symbol"" beim Linken — ein Symptom, das den Grund nicht nennt.",Bug,13.8,"Beim Nachgehen von FB-102 gefunden: Der Linker meldete `hotfire_step`, der eigentliche Grund (`Uebergangsziel`) stand in einem verworfenen `Result`.","Dasselbe Muster wie FB-69 und FB-71: Ein stiller Abbruch ist schlimmer als ein lauter, weil die Abnahme dann etwas misst, das gar nicht erzeugt wurde. Hier war es besonders unangenehm, weil der Test die IR trotzdem baute und erst der Linker anschlug.",Erledigt: Der Rahmen druckt den Grund (`<maschine>_step fehlt: <was>`). Damit nennt der naechste Abbruch das Konstrukt statt das Symbol.,M4,mittel,behoben 2026-09-12,
FB-105,Inventur,Monomorphisierte Namen ergaben keine gueltigen LLVM-Symbole,"Eine Funktion mit Einheitenvariable heisst nach der Monomorphisierung `clamp[bar]` (3.12). `fns::symbol` reichte den Namen ungefiltert durch, und `@takt_fn_clamp[bar]` ist kein gueltiger LLVM-Bezeichner; dieselbe Luecke hatten vier Labelstellen, die nur den Punkt ersetzten.",Bug,3.12; 11.2,Beim Probelauf mit Beispiel 14.1 gefunden (FB-102): clang lehnte die IR ab. Der eigene Korpus hat keine monomorphisierte Funktion und zeigte es darum nie.,"Die Abnahme in 13.8 verlangt Bit-Gleichheit ueber alle Konstrukte. Ein Programm, das eine Bibliotheksfunktion mit Einheitenvariable benutzt — also fast jedes, sobald 11.4 steht —, haette gar nicht uebersetzt. Bemerkenswert ist, dass die IR bis dahin gueltig aussah: Der Fehler faellt erst beim Assemblieren auf, wie schon FB-67.","Erledigt: `sanitized` ersetzt zeichenweise, sodass `clamp[bar]` und `clamp[psi]` zwei Symbole bleiben; der Ersatz ist der Punkt, weil LLVM ihn zulaesst und Takt ihn in Bezeichnern nicht kennt (2.2). Symbol und Label nehmen dieselbe Funktion. Test in `machines.rs`.",M4,hoch,behoben 2026-09-12,
FB-106,Abnahme,`t_in_state` begann nativ einen Tick zu spaet,"Ein `after 30 ms` feuerte im Interpreter in Tick 3, im erzeugten Code in Tick 4. Der Interpreter schreibt den Zaehler schon am Ende der Initialisierung fort (`System::init` ruft `advance_counters`, 9.4: „der Zaehler wird wie am Ende jedes Ticks fortgeschrieben""); `init_function` im Codegen tat das nicht.",Bug,7.1; 9.4,"Beim Beheben von FB-103 an einem minimalen Programm isoliert: eine Maschine, zwei Zustaende, ein `after`. Der Fehler war unabhaengig von den Fault-Zielen und traf jede Frist.","Derselbe Fehler um eins wie FB-89, an der anderen Seite: Dort begann der Zaehler bei -1, hier fehlte der Schritt von Tick 0. Beide Male verschiebt sich jede Frist um einen Tick — bei 30 ms und 10 ms Tick sind das 33 Prozent. Der eigene Korpus fuhr `after` bis dahin nur in Programmen, deren Trace die Verschiebung nicht zeigte.","Erledigt: `advance_time` am Ende der Initialisierung, wie im Interpreter. Der Fall steht als `22_faulted_outputs` im differentiellen Korpus.",M4,hoch,behoben 2026-09-12,
FB-107,Abnahme,In `FAULTED` behielten die Outputs ihren letzten Wert,"Eine Maschine ohne `fault -> ZIEL` faultet nach `FAULTED`. Der Interpreter setzt dort die Outputs auf ihren `safe`-Wert (`machine.rs`, `safe_outputs`); der Codegen liess sie stehen, mit dem Kommentar, die Runtime stelle sie.",Bug,5.3,"Beim Beheben von FB-103 gefunden: ein Programm mit `safe = 2`, dessen `check` in jedem Tick scheitert. Der Interpreter zeigte 2, der erzeugte Code den letzten Nutzwert 5.","Die Annahme im Kommentar war falsch, und die Wirkung ist genau die, gegen die `safe` gedacht ist: Ein Ventil, das offen stand, bliebe offen — im Trace unsichtbar bis zum naechsten Commit, auf der Anlage nicht. Dass es niemandem auffiel, liegt daran, dass jedes Korpusprogramm ein Fault-Ziel deklarierte und damit den anderen Zweig nahm.","Erledigt: Beide Wege nach `FAULTED` — der Uebergang und der Fault-Pfad — leeren die Konfiguration und setzen die Outputs der Maschine auf `safe`, noch in demselben Tick. `22_faulted_outputs` prueft es im differentiellen Korpus.",M4,hoch,behoben 2026-09-12,
FB-108,Abnahme,Vier Konstrukte fehlen dem Codegen fuer die Referenzbeispiele,"Die Beispiele 14.2, 14.3, 14.5 und 14.6 lassen sich nicht senken. Der Rahmen nennt jetzt den Grund (FB-104): `repeat`/`step` in einer Sequenz (6.2), `after` mit einem Maschinenparameter als Dauer (5.8), `for i in range(n)` im Maschinenrumpf (4.1) und Stroeme (8.6).",Luecke,4.1; 5.8; 6.2; 8.6,"Beim Aufnehmen der Beispiele in den differentiellen Test gefunden (FB-102). Die vier Gruende stehen als Liste in `crates/takt-conformance/tests/beispiele.rs`; ein Test schlaegt an, sobald eines der Beispiele laeuft.","Die vier sind verschieden schwer. `for i in range(n)` ist gebaut — `fn_for` in `stmt.rs` —, aber nur im Funktionszweig verdrahtet; der Maschinenzweig hat seinen eigenen Dispatch. `after` mit Parameter ist eine Erweiterung der Dauerpruefung um einen Fall, den 5.8 vorsieht. `repeat`/`step` und die Stroeme sind echte Arbeit: Das eine ist Sequenzdesugaring im Codegen, das andere der Fensterzugriff aus 8.6, der auch die Handler traegt.","Erledigt. Die vier Konstrukte sind gesenkt, und mit ihnen die, die auf dem Weg dazu auffielen: `samples`-Reduktionen (8.9), `every` (5.8), `verdict` (13.2), `at`/`cancel` (9.8), `->` als Anweisung (11.2), Muster-Guards in Uebergaengen (8.7) und Textvergleich nach Inhalt (3.9).",M4,hoch,behoben 2026-09-14,
FB-109,Abnahme,Eine Vorlage ohne Zustaende stuerzte Dump und Codegen ab,"`dump_machine` und `initial_leaf` indizierten `m.states[m.initial.index()]`. Eine Vorlage hat keine Zustaende (5.8) — ihr Rumpf entsteht erst in der Instanz —, und `takt mir` stuerzte auf jedem Programm mit `machine name(...)` ab.",Bug,5.8,"Beim Aufnehmen von Beispiel 14.3 gefunden: Es benutzt eine Vorlage mit Instanz, und der Codegen brach mit ""index out of bounds"" ab statt mit einer Meldung.","Ein Absturz statt einer Meldung ist der Fall, den 4.1 fuer das Programm ausschliesst und den das Werkzeug sich selbst erlaubt hatte. Dass es niemandem auffiel, liegt daran, dass `takt mir` selten auf Programmen mit Vorlagen lief — der Korpus hat genau eines.","Erledigt: Beide Stellen pruefen die Liste. Der Dump nennt die Vorlage und verweist auf die Instanzen, der Codegen liefert `None` und damit die gewohnte `NotYet`-Meldung.",M4,mittel,behoben 2026-09-12,
FB-110,Abnahme,Namen mit Sonderzeichen ergaben ungueltige IR an weiteren Stellen,"FB-105 bereinigte `fns::symbol`. Dieselbe Luecke steckte in den Blocktypen (`lowpass[degC]_block`), den Zustandstypen, den Schrittfunktionen, den Zustandsmarken und den nativen Symbolen — vierzehn Formatzeichenketten, die den Namen ungefiltert in die IR schrieben.",Bug,3.12; 11.2,"Beim Aufnehmen von Beispiel 14.4 gefunden: Es benutzt `lowpass[degC]` aus der Bibliothek, und clang lehnte die IR ab.","FB-105 behob eine Stelle, nicht die Ursache. Die Bereinigung gehoert an die Namensfunktionen, nicht an jede Formatzeichenkette — sonst faellt die naechste wieder durch. Die Blockmethode behaelt ihren Unterstrich (`counter_step`), weil der Punkt dort Block und Methode trennt und der Name lesbar bleiben soll.","Erledigt: `block::type_name`, `machine::step_name`, die Zustandsmarke, das native Symbol und die Zustandstypen rufen `fns::sanitized`. Test in `machines.rs`.",M4,hoch,behoben 2026-09-12,
FB-111,Abnahme,Der Testrahmen begann nicht im sicheren Zustand,"Ein Lauf beginnt mit den Outputs auf ihrem `safe`-Wert — der Interpreter tut das in `Sim::new`, vor jedem Init. Der Rahmen nullte das Latch nur. Ein Modell mit `safe = 22 degC` lieferte damit 0, und jeder Vergleich daran haengt.",Bug,5.3; 9.4,"Beim Aufnehmen von Beispiel 14.2 gefunden: Der Interpreter wechselte bei t=10 nach CYCLING, der erzeugte Code nie — die Bedingung `cell_v.valid and chamber_t.valid` wurde nie wahr, weil das Modell seine Werte aus einem leeren Latch bezog.","Die Suche ging ueber eine Stunde durch Offsets, Perioden und Qualitaetsbytes, die alle stimmten. Der Fehler lag davor: Ein Lauf beginnt nicht bei null, sondern im sicheren Zustand — 5.3 sagt es, und der Interpreter setzt es um. Dass der Rahmen es nicht tat, fiel nie auf, weil jeder bisherige `safe`-Wert zufaellig 0 war.","Erledigt: `safe_outputs` setzt jeden Output auf sein Literal, vor den Inits und vor der ersten Simulationsbindung. Nur Literale — ein berechneter Wert braeuchte den Interpreter, dieselbe Grenze wie bei den Parametern.",M4,hoch,behoben 2026-09-12,
FB-112,Abnahme,Der Mustervergleich fehlt dem Codegen — und der DFA wird nie gebaut,"Beispiel 14.6 braucht `on s matches ""Boot v{major:int}""` und `send s, ""…{x}…""`. Der Codegen lehnt Handler mit Muster ab; `send` fehlt ganz. Schwerer wiegt: `Pattern::Text` traegt `dfa: Option<Dfa>`, und das Feld ist im ganzen Programm nie `Some` — der Interpreter vergleicht direkt ueber die `pieces`.",Luecke,8.7; 11.2,"Beim Aufnehmen von Beispiel 14.6 gefunden. Der Handler-Dispatch im Codegen ist gebaut (Fenster, Cursor, `examined`); er bricht genau an der Musterpruefung ab. Die Suche nach dem DFA ergab, dass er nirgends erzeugt wird.","11.2 ist eindeutig: „Handler-Dispatch als Schleife ueber das Fenster mit vorkompilierten DFA-Tabellen""; die Tabellen sollen in `takt size` erscheinen (dort stehen sie heute als `offen`) und auf XIP-Zielen im RAM liegen. Der Vergleich gehoert also in den erzeugten Code, nicht in die Runtime — anders als die Stromzugriffe, die zurecht ueber `takt_stream_*` laufen. Das macht die Aufgabe groesser als die uebrigen drei aus FB-108 zusammen: Erst muss M2 den DFA bauen (der Typ steht seit M0 bereit), dann emittiert der Codegen Tabelle und Durchlauf, und die Captures brauchen die Wertextraktion aus 8.7 — im Interpreter sind das 219 Zeilen.","Erledigt. Mit dem Muster-Guard in Uebergaengen (`until … matches`) ist auch der letzte Teil gesenkt: Er sucht das erste passende Element und setzt `examined` nur bis dorthin — anders als der Handler-Dispatch, der jedes Element untersucht (9.7).","Erledigt. Der Codegen senkt jetzt beide Formen: Ein Muster ohne Platzhalter laeuft ueber den Automaten (ein Durchlauf je Element, 11.2), eines mit Platzhaltern ueber den Vorwaertsdurchlauf aus 8.7 — den zusaetzlich den Automaten laufen zu lassen hiesse, denselben Text zweimal zu lesen. `has` sucht das linkeste Vorkommen ueber jede Startposition. `send` schreibt in einen Puffer fester Hoechstlaenge (`format.rs`): `{x}`, `{x:hex}` und `{x:04}` entstehen als IR, `float` bleibt aus (4.2, zweite Rundungsquelle). Der Rahmen modelliert den Sendepuffer samt `max_rate`, also prueft `compare` das Gesendete gegen den Interpreter. Korpus: `24_send_has`, `25_format`.",hoch,behoben 2026-09-14,
FB-113,Abnahme,Die Extraktion der Captures fehlt dem Codegen,"Ein Handler mit `matches ""Erasing sector {n:int}""` wird abgelehnt: Der Automat entscheidet, *ob* das Muster trifft, nicht was in `{n:int}` steht. Dasselbe gilt fuer `has` (Vorkommen statt ganzer Text) und fuer `send s, ""…{x}…""` (8.8).",Luecke,8.7; 8.8,Beim Bauen des DFA gefunden und bewusst so begrenzt: Der Codegen meldet `Capture im Handler-Muster` statt den Rumpf mit falschen Werten laufen zu lassen.,"Beim Umsetzen wurde die Frage groesser als der Befund. Die Regeln selbst stehen jetzt einmal (`takt-match`, FB-114 zeigt den Wert davon), und der Interpreter stimmt mit ihnen ueberein. Was fehlt, ist der Weg vom erzeugten Code dorthin — und der laeuft ueber die Runtime, nicht ueber eine C-ABI: `unsafe_code = ""forbid""` gilt workspace-weit, und 13.4 nennt das einen Zertifizierungsgrund. Ein `extern ""C""` mit Rohzeigern in `takt-match` waere die erste Ausnahme und damit eine Entscheidung ueber die TCB (9.5), nicht ueber ein Handler-Muster.","Teilweise erledigt: Der Vergleich mit Extraktion steht als `takt-match` bereit — `no_std`, ohne Abhaengigkeiten, wie `libtaktm` und `takt-native` (Prinzip 4). Fuenfzehn Tests, davon fuenf differentiell gegen den Interpreter; sie fanden FB-114 beim ersten Lauf.

Was bleibt, gehoert zur Runtime und nicht zum Codegen. `takt_stream_at` ist im Testrahmen ein Stub, `takt-rt-core` hat noch keine Stroeme (es ist die Tickschleife mit Angelpunkten), und ohne gelieferte Elemente gibt es nichts zu vergleichen. Der Codegen kann den Aufruf erzeugen, sobald die Runtime ihn beantwortet — die Reihenfolge ist also: erst Stroeme in `takt-rt-core` (M4/M5), dann `takt_match` daneben, dann der Aufruf im Handler.

Bis dahin meldet der Codegen `Capture im Handler-Muster` statt still zu rechnen. `float` bleibt zusaetzlich aus, bis `libtaktm` eine korrekt gerundete Konversion hat (4.2, 13.8).","Erledigt. Die Extraktion steht als IR (`captures.rs`): `int`, `hex`, `word`, `str<N>` und `{_}`; `float` bleibt aus, wie in `takt-match`. Die Naht in die Runtime zu ziehen war nicht moeglich — ein Aufruf braeuchte Rohzeiger und damit das erste `unsafe` (13.4) —, und 11.2 zeigt, dass hier die richtige Seite ist: Der Vergleich ist Sache des erzeugten Codes, weil seine Tabellen in `takt size` erscheinen. `takt-match` bleibt die Quelle der Regeln, aber als *Orakel*: Der differentielle Test (`takt-llvm/tests/captures.rs`) misst neun Muster gegen 28 Texte, Urteil und Werte. Er fand beim ersten Lauf fuenf Fehler — Vorzeichen hinter dem falschen Index, `0x`-Praefix nicht uebersprungen, `0X` faelschlich erlaubt, leeres `word` angenommen, und ein `i1` als `int` gelesen.",hoch,behoben 2026-09-13,
FB-114,Abnahme,Der kleinste `int` eines Captures war nicht darstellbar,"Beim Bauen von `takt-match` fiel `parse_int` fuer `-9223372036854775808` auf `None` zurueck: Der Betrag wurde positiv aufgebaut und am Ende negiert, und `9223372036854775808` passt nicht in `i64`.",Bug,3.1; 8.7,"Der differentielle Test gegen `takt_interp::pattern` fand es beim ersten Lauf — der Interpreter nutzt `str::parse`, das den Fall kennt.","Derselbe Fehler wie FB-95, an einer anderen Stelle: Der Zweierkomplementbereich ist asymmetrisch, und wer den Betrag zuerst bildet, verliert genau die Untergrenze. Dass er hier sofort auffiel, liegt am Aufbau des Tests — er vergleicht Werte, nicht nur Urteile, und die Grenze stand als eigener Fall darin. Ohne diesen Fall waere ein Programm, das `{n:int}` auf einer Zeile mit dem kleinsten i64 anwendet, im erzeugten Code stillschweigend nicht getroffen.","Erledigt: Der Betrag waechst negativ und wird am Ende negiert, nicht umgekehrt. Der Grenzfall steht in beiden Testsaetzen (`takt-match`, `match_gleich`).",M4,mittel,behoben 2026-09-12,
FB-115,Abnahme,Die Runtime hat noch keine Stroeme,"`takt-rt-core` ist die Tickschleife mit ihren Angelpunkten (`Clock`, `Watchdog`, `Sink`, `Program`); Stroeme kommen darin nicht vor. Im Testrahmen ist `takt_stream_at` ein Stub, der nichts liefert — ein Handler laeuft darum nativ nie.",Luecke,8.6; 12.1,"Beim Verdrahten des Mustervergleichs gefunden (FB-113): Der Codegen erzeugt den Fensterdurchlauf und den Automaten, aber es gibt kein Element, auf dem sie arbeiten.","Das erklaert rueckblickend, warum der Handler-Dispatch im Codegen so weit gedieh, ohne dass es auffiel: Er wurde nie mit Daten ausgefuehrt. 8.6 beschreibt den Byte-Ring und das Fenster vollstaendig, und der Interpreter hat beides — es fehlt die Fassung fuer `no_std` samt der drei Symbole, die der Codegen schon ruft (`takt_stream_count`, `_at`, `_examined`).","Teilweise erledigt: Der Puffer steht als `takt-rt-core::stream` — ein Ring ueber geliehenen Feldern statt ueber Const-Generics, weil letztere je Kapazitaet einen Typ erzeugt und ein Programm mit zwanzig Stroemen zwanzig Monomorphisierungen der Tickschleife bekaeme. Feste Slots und Byte-Ring sind eine Struktur: Beide teilen den Deskriptor `(seq, t, offset, len)` und unterscheiden sich nur darin, wohin `offset` zeigt. Fuenf Pruefwege, 23 Tests: die Regeln aus 8.6/9.6 einzeln, 4096 Folgen erschoepfend gegen ein Modell ohne Ringarithmetik, 2500 zufaellige Schritte gegen die Invarianten, differentiell gegen den `Buffer` des Interpreters, und ein Bau fuer `thumbv7em-none-eabihf`. Offen bleibt die Verdrahtung: Der Testrahmen bildet die drei Symbole auf eine Tabelle ueber dem Stimulus ab (`takt-conformance::streams`): Der Ring der Runtime bleibt die eine Implementierung fuer echte Ziele, aber ihn hier zu rufen braeuchte `extern \C""` mit rohem Zeiger — das erste `unsafe` im Workspace (13.4). Weil der Stimulus vor dem Lauf feststeht, genuegt dem Rahmen eine Tabelle; die Schranken aus 8.6 rechnet er je Tick nach. Ein Handler laeuft damit nativ ueber ein Fenster mit Daten, und der differentielle Test misst es (`23_patterns`).",M4,hoch,behoben 2026-09-12,
FB-116,Abnahme,Der erzeugte Code schrieb den Stromcursor nie zurueck,"Der Handler-Dispatch laedt `cur[s, m]` aus dem Zustand, laeuft ueber das Fenster und meldet jedes Element mit `takt_stream_examined` — aber er speichert den fortgeschrittenen Cursor nicht. Eine Maschine saehe dieselben Elemente in jedem Tick wieder.",Fehler,9.6; 11.2,"Beim Verdrahten der Stroeme in den Testrahmen gefunden (FB-115). Vorher nicht zu sehen: `takt_stream_count` lieferte null, also lief die Schleife nie ueber ein Element, und ein Cursor, der sich nicht bewegt, faellt bei leerem Fenster nicht auf.","Der Kommentar an der Stelle sagte, die Runtime fuehre den Cursor mit `examined` nach. Das stimmt zur Haelfte: Die Runtime braucht `examined` fuer die Eviction, weil nur sie das Minimum ueber *alle* Konsumenten kennt (9.6). Der Cursor selbst steht aber im Zustands-Struct der Maschine, und den schreibt allein der erzeugte Code. 9.6 fuehrt beides als zwei Schritte — `advance_cursors()` und die Eviction danach.","Behoben: `dispatch` merkt sich die hoechste untersuchte Nummer und schreibt `examined + 1` am Schleifenende zurueck; ohne untersuchtes Element bleibt der Cursor stehen. `23_patterns` zaehlt die untersuchten Elemente in einen Output, damit der Unterschied im Trace sichtbar ist — ohne das Rueckschreiben zeigt der Vergleich 57 Abweichungen.",M4,hoch,behoben 2026-09-12,
FB-117,Abnahme,"`takt_now` wurde gerufen, aber nie deklariert","Der Codegen senkt `now` als Aufruf von `takt_now` (`stmt.rs`), aber `Abi::declare` fuehrte das Symbol nicht. Jede IR mit `now` war damit ungueltig: `use of undefined value @takt_now`.",Fehler,3.3; 11.2,"Beim Senken von `every` gefunden — die Uhr einer Stelle im maschinenweiten `loop:` ist `now` (5.8). Vorher nicht zu sehen, weil kein Korpusprogramm `now` las: Der Aufruf entstand nie, also fehlte auch die Deklaration nie.","Ein Symbol, das gerufen und nicht deklariert wird, faellt erst dem Assembler auf — und nur, wenn ein Programm es benutzt. Die ABI-Liste ist die eine Stelle, an der beides zusammensteht; sie war unvollstaendig.","Behoben: `Abi::declare` fuehrt `takt_now` und, neu dazugekommen, `takt_verdict`. `27_every` benutzt `now` und faellt damit auf, sobald die Deklaration wieder fehlt.",M4,mittel,behoben 2026-09-14,
FB-118,Abnahme,Der Testrahmen senkte Maschinenvorlagen und meldete sie als Mangel,"`ir_of` in `tests/common/mod.rs` lief ueber alle Maschinen, auch ueber Vorlagen (`MachineKind::Template`). Eine Vorlage hat keine Blattzustaende — nur ihre Instanzen laufen —, also meldete jeder Lauf von 14.3 zweimal „valve_ctrl_step fehlt: Maschine ohne Blattzustand"".",Rauschen,5.9; 11.2,"Beim aarch64-Lauf fuer den M4-Exit gesehen. Der Harness filtert Vorlagen laengst (`build_inner`), der Testrahmen der IR nicht.","Folgenlos fuer den Trace — die Instanzen entstehen richtig, und alle Vergleiche sind gruen. Aber die Meldung las sich wie ein fehlendes Konstrukt, und genau dafuer ist sie da (FB-104): Ein Abbruchgrund soll sichtbar sein. Einer, der keiner ist, entwertet die uebrigen.","Behoben: `ir_of` ueberspringt Vorlagen, mit demselben Filter wie `build_inner`.",M4,niedrig,behoben 2026-09-14,
FB-119,Abnahme,Das Binary trug den Build-Zeitstempel,"Zwei Uebersetzungen derselben Quelle ergaben verschiedene Binaries: ein Byte von 151552, an Offset 128. Das ist der `TimeDateStamp` im PE-Kopf, und 11.3 verbietet ihn ausdruecklich („keine Zeitstempel oder Pfade im Binary"").",Fehler,11.3; 13.4,"Beim Schreiben des Tests zu `PAR-11.3-Reproduzierbare_Builds` gefunden. Die IR und die Objektdateien waren bereits bitgleich — auch aus verschieden tiefen Verzeichnissen —, nur das gelinkte Binary nicht.","Die Zusage haengt an mehr als Bequemlichkeit: 11.3 nennt Secure-Boot-Signaturpipelines und die Zertifizierung (13.4). Dazu kommt der Logik-Hash im Lauf-Header (8.4), der nur taugt, wenn dieselbe Quelle dasselbe Ergebnis liefert.","Behoben: `Clang::deterministic` setzt `SOURCE_DATE_EPOCH=0` und steht an einer Stelle, die jeder Aufrufer durchlaeuft. **Der erste Test war dabei wertlos** — zwei Laeufe in derselben Sekunde tragen denselben Zeitstempel und sind zufaellig gleich; er blieb gruen, als ich das Flag testweise entfernte. Er prueft jetzt die Ursache: dass im PE-Kopf kein Zeitpunkt steht, der von der Uhr kommt.",M4,hoch,behoben 2026-09-14,
FB-120,Abnahme,Die Cross-Target-Builds erbten die Reproduzierbarkeit nicht,"`run_for` in `targets.rs` rief `clang` und den Linker direkt, ohne `Clang::deterministic`. Die Zusage aus 11.3 galt damit fuer den Wirt und nicht fuer die Ziele — und geprueft wurde sie ohnehin nur fuer den Wirt.",Luecke,11.3; 12.8,"Beim Aufschreiben der Vergleichsmethode gefunden (Frage von aussen: „Wie sehen wir, ob die Binaries dasselbe tun?""). Die Methode stand verstreut ueber vier Testdateien, nirgends im Zusammenhang.","Eine Zusage, die nur dort gilt, wo entwickelt wird, hilft dem nicht, der signiert (13.4). Und ein Test, der nur den Wirt prueft, belegt fuer M5 (Cortex-M4F, RV32IMAC) nichts.","Behoben: Beide Aufrufe in `run_for` laufen ueber `Clang::deterministic`, und `reproducible.rs` hat eine vierte Stufe je Ziel. Dabei fiel auf, dass diese Stufe den Zeitstempel aus FB-119 *nicht* faengt — er ist ein PE-Feld, und beide Ziele sind ELF (nachgemessen: auch ueber eine Sekundengrenze gleich). Der Kommentar sagt das jetzt, statt mehr zu behaupten, als der Test prueft.",M4,mittel,behoben 2026-09-14,
FB-121,Abnahme,`takt size` rechnete die DFA-Tabellen vierfach zu gross,"Der Posten „DFA-Tabellen der Muster"" meldete fuer `23_patterns` 1696 Byte; gemessen sind es 424. Drei Ursachen: Die akzeptierenden Zustaende wurden als Tabelle gezaehlt, obwohl `dfa::run` sie als Vergleichskette emittiert; ein Muster mit Platzhaltern bekam einen Posten, obwohl der Vergleich dort ueber `captures::walk` laeuft; und gezaehlt wurde je Muster statt je emittiertem Automaten.",Fehler,11.5; 11.2; 8.7,"Beim Bauen von `takt-llvm::inspect` gefunden — der erste Vergleich der Rechnung mit dem erzeugten Objekt. Die Frage kam von aussen: „Kann man nicht decompilen und dann gucken?""","11.5 nennt jeden gerechneten Posten `exakt` („aus der MIR gerechnet""), und fuer `baremetal` wird daraus ein Compile-Fehler, wenn die Summe die Hardware sprengt. Eine Zahl, auf die sich eine Ablehnung stuetzt, darf nicht vierfach danebenliegen — sie haette ein Programm zurueckgewiesen, das gepasst haette.","Behoben: `dfa_bytes` zaehlt, was der Codegen emittiert. Der Test `measured.rs::the_dfa_tables_fit_into_rodata` haelt die Rechnung an der Messung fest und laeuft auf beiden Plattformen — PE nennt den Abschnitt `.rdata`, ELF `.rodata`; ohne beide Namen meldete die Messung auf Windows null.",M4,hoch,behoben 2026-09-14,
FB-122,Fremdprogramme,Nach `->` als Anweisung lief der Entry-Tick des Ziels nicht,"Der erzeugte Code setzte die Konfiguration und sprang ans Kettenende; die `loop:`-Bloecke des betretenen Zustands liefen erst im naechsten Tick. Der Interpreter fuehrt sie noch im selben aus (5.2 Regel 4, `switch` ruft `exec_chain(… Mode::Entry)`). An `c = c + 1; -> S1` mit einem `c = c + 10` im Ziel: Interpreter 12, erzeugter Code 2.",Fehler,5.2; 11.2,"Vom neuen Strukturfuzzer gefunden (`fuzz_machines.rs`, Runde 106 der Saat 0x2026_0914). Der vorhandene Fuzzer wuerfelt nur Ausdruecke in einem festen Rahmen; die Konstrukte, die M4 zuletzt bekam, liegen ausserhalb davon.","Bei den *Uebergaengen* stand der Entry-Tick von Anfang an — nur der Pfad ueber `->` als Anweisung fehlte, und den gibt es erst seit einer Woche. Ein geschriebener Test traf ihn nicht, weil er zwei Dinge zugleich braucht: einen Sprung im Block und einen Zaehler im Ziel, der den Unterschied sichtbar macht.","Behoben: `goto` fuehrt die `loop:`-Bloecke der betretenen Zustaende aus, mit entferntem Sprungziel (im Entry-Modus ist ein weiteres `->` wirkungslos). Der Strukturfuzzer bleibt mit derselben Saat im Testlauf — ein Fuzzer, der seinen Fund nicht mehr trifft, bewacht ihn nicht mehr.",M4,hoch,behoben 2026-09-14,
FB-123,Fremdprogramme,SC-25 meldete die eigene Initialisierung als fehlend,"Ein `if c: var k = 7; y = k` in einer Sequenz meldete ""`k` wird gelesen, bevor sie zugewiesen ist"". Deklaration und Nutzung stecken dort in *einer* Anweisung: Die Pruefung suchte alle Lesungen rekursiv (`for_each_expr_stmt` steigt in `if` ab), merkte aber nur Zuweisungen der obersten Ebene vor.",Fehler,6.2; 3.4,Am Radio-Treiber eines Nutzers gefunden (`feedback/test_radio.takt`): Nach dem Beheben von drei Formfehlern blieb dieser als einziger nicht erklaerbarer Fehler.,"Die Meldung ist die schlechteste Art von Fehlalarm: Sie nennt eine Zeile, an der sichtbar nichts falsch ist, und ihr Vorschlag (""Zuweisung in ein frueheres Segment legen"") fuehrt in die Irre. Ein Nutzer haette sein Programm umgebaut, um einer Pruefung zu genuegen, die sich irrte.","Behoben: Die Pruefung laeuft verschraenkt — je Anweisung erst ihre eigenen Ausdruecke, dann ihre Zuweisung, dann die Bloecke darunter. Dass ein bedingter Zweig seine Zuweisung nicht auf jedem Pfad haelt, bleibt die Frage der Flussanalyse (3.4); SC-25 prueft die Reihenfolge der Segmente. Ein `corpus-try/checks/SC-25/` entstand dabei *nicht*: Jeder konstruierbare Negativfall wird von SC-2 (Sichtbarkeit) oder SC-6 (ungebundene Bindung) vorher gefangen — SC-25 steht zu Recht auf `teilweise`. Der Regressionsfall steht als Test in `analysis.rs`.",M3,hoch,behoben 2026-09-14,
FB-124,eink,"Kein Weg zu erfahren, wann der Sendepuffer leer ist","Ein SPI-Treiber muss `CS` erst deasserten, wenn das letzte Bit heraus ist. 8.8 bietet dafuer nur `tx.free` — den freien Platz *im* Puffer. Dass der Puffer leer ist, heisst nicht, dass die Hardware fertig ist, und umgekehrt gibt es kein Attribut, das den Abschluss meldet. Bleibt die Schaetzung ueber `wait` aus Baudrate und Byteanzahl.",Luecke,8.8; 12.6,"Am E-Ink-Treiber eines Nutzers berichtet. In der Referenz nachgeprueft: `tx.free` ist das einzige Sendepuffer-Attribut (8.8), und `peek`/`idle`/`flushed` kommen im ganzen Dokument nicht vor.","Der staerkste der neuen Punkte. Eine Zeitschaetzung aus der Baudrate ist genau die Sorte Rechnung, die diese Sprache sonst ersetzt: Sie steht als Literal im Code, sie stimmt nur fuer eine Taktfrequenz, und sie faellt still aus, wenn jemand die Baudrate aendert. Ein `tx.idle` haette dagegen dieselbe Form wie `tx.free` — ein Input, der zu Tickbeginn gesampelt wird, mit einem Wert, den das Geraetemodell in der Simulation exakt liefert (`free == capacity` und der Sender leer). Determinismus kostet es nicht.","Zu entwerfen fuer v1.1: `tx.idle -> bool` als gesampelter Input neben `tx.free`, geliefert vom Treiberrand (12.6) und vom Geraetemodell in der Simulation. Die Kosten liegen nicht in der Sprache, sondern am Rand: Jeder Treiber muss die Frage beantworten koennen, und wo die Hardware sie nicht beantwortet, darf der Rand nicht raten. Deshalb Stufe v1.1 und nicht v1 — zusammen mit den Geraeteprofilen (8.10), die den Rand ohnehin beschreiben.",M8,hoch,"behoben 2026-10-05: `tx.idle` (8.8) in Sema, MIR (Accessor::Idle, Formatversion 18), Interpreter, HAL-Vertrag (`idle` mit `None` fuer unbekannt, Bruch bei idle bei free < capacity), Rahmen (`P_idle_<adr>` nur bei Gebrauch), Codegen und Pruefung 60 (`tx_idle = false`); dabei `tx.free` nativ, das der Codegen nicht senkte. Tests: `crates/takt-conformance` Vergleich mit corpus-try/118_tx_idle.takt, `corpus-try/checks/SC-60`; Aufzeichnung der Werte: FB-435",
FB-125,eink,"Pin und Byte werden gemeinsam committet, aber nicht gemeinsam wirksam","Ein Display-Treiber moduliert `DC`/`CS` synchron zu einzelnen Bytes. `dc = false; send tx, cmd; dc = true` in einem Tick ergibt nicht die Reihenfolge, die der Quelltext nahelegt: Der Latch liegt am Ende des Commits an der Leitung, das Byte laeuft mit `max_rate` hinaus. Der Autor half sich mit `wait 1 ms` zwischen den Schritten und erzeugte so je Transferphase einen Zustand.",Doku,8.8; 9.4,"Am E-Ink-Treiber berichtet. Die Regel selbst stand fest (9.4 schreibt Latches und Sendepuffer im selben `commit(L)`), nur ihre Folge fuer den Bus stand nirgends.","Kein Fehler, sondern die Grenze eines synchronen Modells an einem asynchronen Bus: Ein Tick ist die kleinste Einheit, in der die Sprache Reihenfolge zusagt, ein SPI-Transfer ist kuerzer als einer. Der Compiler kann hier auch nicht warnen — welche Leitung zu welchem Byte gehoert, steht nicht im Typsystem. Was fehlte, war der Satz, der einen Nutzer die zwei Minuten spart, in denen er es sich selbst herleitet.","Dokumentiert: 8.8 nennt die Folge jetzt ausdruecklich, samt dem Ausweg (je Phase ein Tick) und dem Verweis auf `port` (15, v1.2) fuer Treiber, die die Leitung selbst fuehren. Der `transaction`-Block aus dem Bericht ist damit *nicht* erledigt, sondern verschoben: Er gehoert zur Treiberstufe und nicht in den Sprachkern — siehe FB-127.",M4,mittel,behoben 2026-09-14,
FB-126,radio,`every` in einem schnell gewechselten Zustand feuert nie,"Ein 200-ms-Polling in einem Zustand, der alle 50 ms verlassen wird, ist stumm: Jeder Eintritt setzt `time_in_state` und den `every`-Zaehler gemeinsam zurueck (5.8). Der Autor nennt es eine Semantikfalle — periodische Abfragen verhungern bei schnellen Statuswechseln.",Doku,5.8,"Am Radio-Treiber berichtet. FB-09 hatte die Gegenrichtung geklaert (die Phase im maschinenweiten `loop:` ueberlebt Zustandswechsel); dass dieselbe Regel im Zustand ein Verhungern erzeugt, stand nicht da.","Die Regel ist richtig und soll bleiben: Beide Uhren haben ihren Fall, und die Wahl zwischen ihnen *ist* die Aussage des Programmierers. Eine Diagnose gibt es dafuer nicht — ob ein Zustand laenger aktiv bleibt als eine Periode, ist zur Uebersetzungszeit nicht entscheidbar. Bemerkenswert ist, dass zwei unabhaengige Autoren (servo, radio) an derselben Stelle zoegerten: Die Regel ist nicht falsch, sie ist teuer zu lernen.","Dokumentiert: 5.8 nennt die Kehrseite jetzt neben der Phasenstarrheit, mit dem Zahlenbeispiel und dem Ausweg (maschinenweites `loop:`). Eine Pruefung waere nur als Heuristik zu haben und wuerde dort schweigen, wo sie gebraucht wird.",M4,mittel,behoben 2026-09-14,
FB-127,eink,`transaction`-Block: Pin-Zustaende an den Lebenszyklus eines Transfers binden,"Vorgeschlagen wird ein Block, der `CS` fuer die Dauer eines Transfers haelt, die `send`-Aufrufe darin ordnet und die Leitung erst freigibt, wenn die Hardware fertig ist: `transaction epd_cs_n = false:` mit `drain tx` als Wartepunkt darin.",Idee,8.8; 15,"Am E-Ink-Treiber vorgeschlagen, als Antwort auf FB-125.","Der Vorschlag loest ein echtes Problem, aber an der falschen Stelle. Ein `transaction`-Block muesste ueber mehrere Ticks laufen (`drain` ist ein Wartepunkt), also waere er ein zweites Sequenzkonstrukt neben 6.2 — mit eigener Desugaring-Regel, eigener Wechselwirkung mit dem Fault-Wald (was passiert mit `CS`, wenn die Maschine mitten im Block nach `FAULTED` geht?) und eigener Kostenrechnung. Das ist kein Zucker, das ist ein Sprachkonstrukt. Zugleich ist der Bedarf genau der, den die Treiberstufe ohnehin bedienen soll: `port` (15, v1.2) fuehrt Leitungen unmittelbar statt am Commit, und damit loest sich der Grund fuer den Block auf.","Zurueckgestellt auf die Treiberstufe (v1.2). Wenn `port` steht, ist neu zu pruefen, ob dann noch etwas fehlt; der Fall ist in FB-125 und hier festgehalten, damit die Frage beim Entwurf von `port` auf dem Tisch liegt. Ein eigenes Konstrukt im Sprachkern vorher waere die teuerste aller Antworten.",M8,niedrig,zurueckgestellt 2026-09-14,
FB-128,radio,Bitfelder enden an der Bytegrenze,"`record ... with bits:` traegt Einzelbytes. Ein 10- oder 14-Bit-Wert, der auf zwei Registerbytes verteilt ist (`arg_hi`, `arg_lo`), faellt auf manuelles Schieben und Maskieren zurueck — genau die Arithmetik, die das Layout sonst uebernimmt.",Luecke,3.7,"Am Radio-Treiber berichtet. FB-02 (Bitfelder ueber Skalaren, behoben) betrifft den Zugriff auf Bits *innerhalb* eines Traegers; ein Feld ueber eine Bytegrenze hinweg ist nicht erfasst.","Die Luecke ist echt und faellt genau dort an, wo `layout` seinen Zweck haette: Ein Frame-Format wird deklariert, und trotzdem steht `>> 8` im Code. Sie ist zudem nicht selten — 10-, 12- und 14-Bit-Werte auf zwei Bytes sind in Funk- und Wandler-Registern der Normalfall. Teuer ist nicht die Idee, sondern die Wechselwirkung mit `layout little`/`big`: Ein Feld ueber zwei Bytes hat je Endianness eine andere Bitfolge, und die Regel muss beide Faelle eindeutig festlegen, sonst erzeugt sie stille Falschcodierung statt sie zu verhindern.","Zu entwerfen fuer v1.1, zusammen mit `len_field` (3.7) — beides sind Erweiterungen desselben Layoutrechners. Vorzugsrichtung: Bitbreite am Feld (`chan : u14`) und das Packen aus der Reihenfolge der Felder ableiten, statt Offsets von Hand anzugeben; die Endianness des Records bestimmt dann auch die Bitfolge. Erst spezifizieren, dann umsetzen: Eine halbe Regel ist hier schlimmer als keine.",M8,mittel,"behoben 2026-10-05 (Test ergaenzt): `crates/takt-conformance/tests/wire_codec.rs::a_bit_field_across_a_byte_boundary_follows_the_byte_order`; 3A BC: big chan 3 value 0xABC, little chan 0xB value 0xC3A, encode zurueck in derselben Ordnung; Raender alle Bits (FF FF), oberstes Nibble (F0 00 je Ordnung), 0x801 ueber die Grenze, Schreiben von value laesst chan stehen; Interpreter gleich nativ.",
FB-129,radio,Die Mindestdauer einer Sequenz ist nirgends abzulesen,"Jedes Segment einer Sequenz verbraucht mindestens einen Basis-Tick (6.2). Bei einer Konfigurationsfolge mit zwanzig Segmenten summiert sich das unbemerkt. Vorgeschlagen wird eine Compiler-Kennzahl: ""Sequence POWER_ON_SEQ minimum duration: 65 ms"".",Idee,6.2; 11.5,"Am Radio-Treiber vorgeschlagen. FB-45 (`takt latency`, behoben) rechnet Worst-Case-*Reaktions*zeiten je Pruefstelle und Output — die Mindestdauer einer Sequenz ist die andere Richtung und fehlt.","Billig und nuetzlich. Die Zahl steht bereits im MIR: Die Segmentkette ist statisch, jedes Segment kostet mindestens einen Tick, und `wait d` kostet `ceil(d/T0)`. Es ist eine Summe ueber die Kette, keine Analyse. Wertvoll ist sie, weil sie eine Groesse sichtbar macht, die der Autor sonst erst im Labor misst — und weil sie beim Lesen einer fremden Sequenz sofort sagt, ob sie in ein Zeitfenster passt.","Einzuplanen zu `takt size` (11.5), das die Berichtsform schon hat: je Sequenz die Mindestdauer, bei `until` mit dem deklarierten `timeout` als obere Schranke und ohne ihn als ""unbeschraenkt"". Kein Fehler, keine Warnung — eine Kennzahl. Die untere Schranke ist exakt; eine obere gibt es nur, wo jedes Wartesegment ein Timeout hat, und genau das sichtbar zu machen ist der halbe Nutzen. Gehoert in denselben Report wie FB-135 (Kostenbudget je Maschine und Zustand): Beide sind Kennzahlen, die der Compiler rechnet und heute niemandem zeigt, und zwei getrennte Werkzeuge dafuer waeren eines zu viel. Umgesetzt 2026-09-23: `desugar` rechnet je Sequenz `SequenceTicks { min, max }` (Grenzen je `wait`/`until`/`->`, `repeat` mit Literal vervielfacht, `until` ohne `timeout` bleibt offen); `takt size` nennt sie als Zeile `Sequenz m.S: mindestens …, hoechstens …`.",M8,mittel,umgesetzt 2026-09-23,
FB-130,eink+radio,Byte-Folgen-Literale fuer `bytes<N>`,"Fuer ein dreibyte-Registerkommando muss eine Hilfsfunktion mit `push` geschrieben werden. Vorgeschlagen: `send spi_tx, [0x01, 199, 0x00] as bytes<4>` und dieselbe Form als Initialisierer.",Idee,3.9; 3.7,"Am E-Ink-Treiber vorgeschlagen; der DMX-Bericht beschreibt denselben Schmerz von der anderen Seite (FB-34, Record-Arrays als Konstanten, behoben). Array-Literale gibt es fuer `[N] T` bereits.","Der Vorschlag ist klein und passt in das, was es schon gibt: `[6] u16 = [...]` ist erlaubt (3.7), `bytes<N>` ist der Sonderfall `[N] u8` mit Laenge. Was fehlt, ist nur die Regel, dass ein Array-Literal aus Bytewerten ein `bytes<N>` mit `len = Anzahl der Elemente` initialisiert. Damit entfaellt eine ganze Klasse von Hilfsfunktionen, deren einziger Inhalt eine Folge von `push` ist. Kein Determinismusrisiko, keine neue Analyse — der Wert ist compile-zeit-konstant.","Einzuplanen fuer v1: Ein Array-Literal aus konstanten `u8`-Ausdruecken ist ein gueltiger Initialisierer und `send`-Argument fuer `bytes<N>`, sofern die Elementzahl `N` nicht uebersteigt; die Laenge ist die Elementzahl, nicht `N`. Das ist der billigste Punkt aus beiden Berichten und beseitigt sichtbaren Boilerplate — anders als FB-17 und FB-33 schafft er keinen zweiten Weg zu etwas Vorhandenem, sondern schliesst eine Unregelmaessigkeit zwischen `[N] T` und `bytes<N>`.",M8,mittel,umgesetzt 2026-09-24,
FB-131,Inventur,Dieselbe Entscheidung wird von unabhaengigen Autoren dreimal beklagt,"Drei Punkte kehren in den Berichten wieder, obwohl sie begruendet entschieden sind: die Entdimensionierung `x / (1 U)` (FB-17, abgelehnt; jetzt erneut von radio und servo), die Wrapper-Indirektion `msg.data.*` (FB-101, entschieden — radio beklagt genau die Loesung eines anderen Befunds) und die `every`-Uhr (FB-09/FB-126, dokumentiert; servo und radio).",Beobachtung,3.2; 2.5; 5.8,"Beim Einordnen der Berichte zu Radio und E-Ink gesehen: Fuenf Autoren, die einander nicht kennen, stolpern an drei identischen Stellen.","Eine Entscheidung, die drei unabhaengige Leser derselben Referenz erneut in Frage stellen, ist entweder schlecht erklaert oder wirklich teuer. Fuer alle drei gilt das erste: Die Begruendung steht jeweils da, aber an der Stelle der Regel und nicht an der Stelle des Schmerzes. Wer `x / (1 kHz)` zum sechsten Mal tippt, liest nicht 3.2 nach; wer `msg.data.op` schreibt, sucht nicht 2.5. Der Zaehler ist kein Grund, die Entscheidungen zu kippen — `.raw` bliebe ein zweiter Weg (FB-17), und die Wrapper-Form loest eine echte Verdeckung (FB-101).","Kein Kippen, sondern eine Sichtbarkeitsfrage: Die Begruendung gehoert dorthin, wo der Nutzer sie sucht — in die Diagnose. Wo der Compiler den Fall ohnehin erkennt (ein `msg.op` auf einem Wrapper, dessen `data` das Feld traegt), soll der Vorschlag die Form nennen *und* den Grund in einem Halbsatz. Zu pruefen beim naechsten Durchgang durch die Diagnosetexte; die `every`-Uhr ist mit FB-126 bereits an der Schmerzstelle dokumentiert.",M8,niedrig,bewertet 2026-09-14,
FB-132,Fremdprogramme,Ein Streckenmodell kann den Sendestrom nicht lesen,"Ein Plant-Modell (8.3) liest die `hw`-Outputs des Programms, von einem Ausgabestrom aber nur `tx.free` — den freien Platz. Die gesendeten Bytes sieht es nicht. Ein Geraet, das auf Kommandos antwortet (SPI-Display, CANopen-Knoten, Modbus-Slave, UART-Geraet), ist damit nicht nachzubilden: Das Modell weiss, *dass* gesendet wurde, nicht *was*.",Luecke,8.3; 8.8,"Beim Bau des Streckenmodells fuer `feedback/test_eink.takt` gefunden. Das Panel muesste auf `0x20` (Master Activation) mit BUSY antworten; nachgebaut ist es ueber `status == REFRESHING`, also ueber den Zustand des Treibers statt ueber den Bus. Im Interpreter nachgeprueft: `TxBuffer` fuehrt ein Feld `sent` (`image.rs`), und 8.8 sagt „die Simulation leert exakt `max_rate * T0` Bytes pro Tick"" — die Bytes existieren, sie sind nur keinem Modell zugaenglich.","Die billigste der drei Luecken, weil die Daten bereits vorliegen: Es fehlt die Anbindung, nicht die Information. Auffaellig ist die Asymmetrie — ein Modell darf einen Stream-Input per `send` speisen (8.3), aber den Stream-Output des Programms nicht lesen; der Weg hin ist offen, der Weg zurueck fehlt. Die Folge trifft genau die Domaene, die die Sprache adressieren will: Ohne diese Anbindung bleibt jedes Bustreiber-Modell eine Karikatur, und eine Kampagne ueber Karikaturen sagt wenig. Der Determinismus ist nicht beruehrt: Der Bytestrom ist bereits eine Funktion des Programms, das Modell liest ihn mit Unit-Delay wie jeden anderen Output.","Einzuplanen zu M6, und zwar als *Voraussetzung* der Kampagnen, nicht als Erweiterung danach: M6 baut `scenario`, `campaign` und Coverage (13.2, 13.6, 13.7) — ohne modellierbare Geraete laufen die ueber Modelle, die das Geraet nicht nachbilden. Vorzugsrichtung: Der im Tick gesendete Ausschnitt als lesbarer Wert am Ausgabestrom, mit derselben Unit-Delay-Regel wie jeder Output; die Hoechstlaenge je Tick ist aus `max_rate * T0` statisch bekannt, die Kosten bleiben beschraenkt. Zu klaeren ist die Form (Fenster wie bei Eingabestroemen, 8.6, oder `bytes<N>` je Tick) — erst spezifizieren, dann umsetzen. Entworfen 2026-09-16 in plan/m6.md 2.7: Der im Tick committete Ausschnitt eines Ausgabestroms ist als `o.sent : bytes<CAP>?` lesbar (`none` ohne Sendung), Unit-Delay wie jeder Output, Hoechstlaenge `max_rate * T0`. Ein Fenster waere ein zweiter Cursor-Begriff; die Byteform je Tick ist, was ein Modell tatsaechlich sieht. Eingeplant als Schritt 12, vor `flash_model` und den Kampagnen. Umgesetzt 2026-09-16 (M6 Schritt 12): `o.sent : bytes<CAP>?` als Accessor mit Unit-Delay, `CAP = max_rate * T0`; Interpreter (`TxBuffer::sent`), Codegen (`takt_stream_sent`), C-Rahmen; 8.8 nennt die Regel, `43_sent.takt` prueft differentiell.",M6,hoch,behoben 2026-09-16,
FB-133,Fremdprogramme,Die Treue eines Streckenmodells wird nirgends gemessen,"Kein Konstrukt und kein Werkzeug vergleicht ein Plant-Modell mit der Wirklichkeit. `takt replay` (12.5) vergleicht Logik gegen Logik bei identischen Inputs; HIL (8.3) *ersetzt* das Modell durch Hardware, validiert es aber nicht; der Orakel-Modus (13.9) prueft Takt gegen Alt-C. Ein gruener Kampagnenlauf sagt damit „erfuellt seine Verdikte unter meinem Modell"" — und nichts darueber, ob das Modell stimmt.",Luecke,8.3; 12.5; 13.8,"Beim Bau des E-Ink-Modells gesehen und in der Referenz nachgeprueft: 8.3 beschreibt, wie ein Modell geschrieben wird, aber an keiner Stelle, wie man erfaehrt, ob es taugt.","Die schwerwiegendste der drei Luecken, weil sie still ist. 13.3 nennt die Gefahr fuer den Beweiser ausdruecklich — ohne `assumption` liefert der Modellpruefer physikalisch unmoegliche Gegenbeispiele, „nach dem dritten solchen Befund schaltet ein Team das Werkzeug ab"". Beim Modell kann das nicht passieren, weil es nie widerspricht: Ein zu grosszuegiges Modell laesst die Kampagne gruen durchlaufen. Das Leitprinzip aus 13.3 gilt hier woertlich — *annehmen darf man, beobachten muss man* —, nur fehlt die Beobachtung. Im E-Ink-Modell steht die Naeherung (BUSY nach fester Zeit statt nach `0x20`) als Kommentar da; dass sie dort steht, war Disziplin des Autors, nicht Wirkung des Werkzeugs.","Einzuplanen nach M6, sobald `takt driver-test` (M5) und aufgezeichnete Laeufe vorliegen — vorher gibt es nichts zu vergleichen. Die Bausteine sind da: 12.5 zeichnet jeden Lauf vollstaendig auf (Input-Snapshots mit Zeitstempeln, `free[o]`, Commands, Tunables), und 13.8 schreibt gemessene Kennwerte bereits in die Hardware-Konfiguration zurueck — der Rueckkanal von der Realitaet ins Modell existiert, bisher nur fuer Zeitgroessen. Vorzugsrichtung: eine dritte Betriebsart neben `sim` und `replay`, die einen aufgezeichneten Lauf gegen einen Modell-Lauf haelt und die Abweichung je Input als Zeitreihe berichtet. Kein Sprachkonstrukt, keine neue Semantik: Das Modell ist die Annahme, der aufgezeichnete Lauf die Beobachtung.",M7,hoch,"entschieden 2026-10-04: dritter Werkzeugmodus neben sim und replay (aufgezeichnete Inputs als Beobachtung neben den Modellausgaben derselben Adressen, Abweichung je Input als Zeitreihe), eingeplant nach M11, weil er aufgezeichnete Boardlaeufe im Stimulusformat aus Schritt 9 braucht",
FB-134,Fremdprogramme,"Abdeckung entsteht als Gitter, nicht als Suchraum","`sweep` (13.7) bildet das kartesische Produkt ueber Parameter. Das skaliert nicht: fuenf Parameter zu je zehn Stufen sind 100 000 Laeufe, und die interessanten Faelle liegen meist nicht auf dem Gitter, sondern an Kanten und in seltenen Kombinationen. `repeat n` wiederholt identische Laeufe, weil jeder Lauf eine Funktion seines Parametervektors ist (13.7).",Idee,13.7; 9.4.1,"Beim Durchsehen der Simulationsmittel gesehen. Die Sprache kennt keinen Zufall — `random` und `seed` kommen in der Referenz nicht vor —, und das ist die Grundlage von Replay, Beweisbarkeit und Zertifizierung.","Der Verzicht auf Zufall ist richtig und bleibt. Der Ausweg verletzt ihn aber nicht, weil die Referenz die Konstruktion schon zweimal vorfuehrt: Jede Nichtdeterminismus-Quelle wird zu einem *Input* gemacht — die Wall-Clock ist ein Channel (3.3), Tunables sind aufgezeichnete Inputs (8.4). Ein Stimulus-Generator, der aus einer deklarierten Saat einen reproduzierbaren Strom erzeugt, ist dieselbe Konstruktion: Die Saat steht im Lauf-Header, `takt replay` reproduziert bitgleich, Satz 9.4.1 bleibt unberuehrt. Der Unterschied ist scharf — „Zufall in der Sprache"" zerstoert 9.4.1, „ein aufgezeichneter Stimulus aus einer Saat"" aendert nichts daran.","Zurueckgestellt, bewusst. Erst wenn Kampagnen und Coverage (M6) laufen, zeigt sich, wo das Gitter wirklich nicht reicht; vorher waere es Entwurf auf Verdacht, und der Hebel ist der kleinste der drei. Wieder aufzunehmen ist die Frage, sobald eine echte Kampagne an der Zahl ihrer Laeufe scheitert — dann mit Messdaten statt mit Vermutung.",M7,niedrig,zurueckgestellt 2026-09-14,
FB-135,Inventur,Das gerechnete Kostenbudget sieht niemand,"`analysis::cost` rechnet je Maschine `B_m` (Aktivierung) und `F_m` (Fault-Pfad) als Vektoren ueber den sieben Operationsklassen und legt beide in `Machine::budget` ab. Kein Werkzeug gibt sie aus: `takt size` schluesselt Bytes auf, `takt latency` Ticks, fuer Kosten gibt es keinen Report. Der einzige Leser ausserhalb von `cost.rs` ist ein Test.",Luecke,9.4.3; 11.5,"Beim Nachgehen der Frage gefunden, wie genau ein Programm vorhersagt, wie lange es rechnet. In `cost.rs` nachgeprueft: `activation_cost` bildet je Zustand einen eigenen `CostVec` und verwirft ihn per `max` — die Aufschluesselung je Zustand entsteht also bereits und wird weggeworfen. In `takt-cli` und `dump.rs` kommt `budget` nicht vor.","Die Sprache verspricht, dass man weiss, was wann passiert, und loest das fuer die logische Zeit vollstaendig ein (`takt latency`, in Ticks exakt). Bei der Rechenzeit bleibt sie stumm — nicht, weil die Analyse fehlt, sondern weil ihr Ergebnis nicht herauskommt. Das ist die billigste Luecke im ganzen Register: Die Zahlen liegen im MIR, es fehlt die Ausgabe. Ohne sie bekommt ein Nutzer nach der Kalibrierung (M5) nur „passt ins Budget"" oder „passt nicht"", nie das *woran*: welcher Zustand, welche Klasse, welcher Anteil. Genau das ist die Frage, die man beim Verkleinern eines Budgets stellt.","Erledigt: `takt cost` gibt je Maschine `B_m` und `F_m` aus, aufgeschluesselt nach Zustand und Operationsklasse, und nennt je Klasse den Zustand, der ihre Spitze bestimmt. Beim Umsetzen fiel auf, dass es *keinen* teuersten Zustand gibt: Das Maximum ist komponentenweise (9.4.3), und weil zwei Zustaende einander ausschliessen, ist fuer jede Klasse einzeln ihr groesster Wert erreichbar — der Bericht nennt darum je Klasse einen Treiber, nicht einen je Maschine. Die Aufschluesselung entsteht in `cost::activation`, wo die Zahlen ohnehin anfallen, statt im Bericht (eine zweite Stelle mit derselben Formel) oder in `Budget` (das Feld ginge in jede MIR-Datei, Feld 20 des Formats). Der Bericht nennt, was ihm fehlt: Operationen werden erst mit `c_target` zu Zeit (13.8). Eine Zeitspalte durch gleiche Gewichtung der Klassen waere die schlechteste Antwort — auf einem Kern ohne FPU liegt `c_target[f64]` zwei Groessenordnungen ueber `c_target[i32]` (7.2).",M5,mittel,behoben 2026-09-14,
FB-136,Inventur,SC-12 steht in der Pruefliste und wird nie ausgeloest,"Pruefung 12 (10) verlangt „Kostenbudget je Maschine (9.4.3) und Schedulability (7.2)"". Im Quelltext gibt es keine Konstante `SC12`; `SC40`, `SC61` und `SC62` stehen daneben. `B_m` und `F_m` werden gerechnet und gegen nichts geprueft. In der Inventur steht SC-12 auf `teilweise`, SC-32 (Schedulability mit Abort-Phase) auf `offen`.",Luecke,9.4.3; 7.2; 10,"Beim selben Durchgang gefunden. Im Repo nachgeprueft: `grep SC12` ueber alle Crates ist leer. `SC-62` (deklariertes Budget) prueft nur `ram`; die `wcet`-Seite wird in `lower/decl.rs` als Stufe v1.1 abgelehnt, mit dem richtigen Grund — die Umrechnung braucht `c_target`.","Der Status `teilweise` ist ehrlich, aber er verdeckt, welche Haelfte fehlt. Beide Pruefungen haengen an derselben Bedingung: `c_target` existiert im Repo nur in Kommentaren, es gibt weder Datenstruktur noch Lader noch ein Werkzeug, das die Tabelle erzeugt (`takt bench`, M5). Solange das so ist, *kann* SC-12 nicht melden — nicht aus Nachlaessigkeit, sondern weil die Schwelle fehlt, gegen die zu pruefen waere. Die Ablehnung von `wcet` mit Stufenhinweis ist die richtige Zwischenform: Sie sagt dem Nutzer, dass die Zusage noch nicht einloesbar ist, statt sie stillschweigend zu ignorieren.","Behoben: SC-12 urteilt, sobald eine Kalibrierung vorliegt. `takt check --hardware DATEI.hw --target NAME` liest die Tabelle (8.10, neues Feld „Kalibrierung je Ziel""), und `takt-sema::calibrated` prueft damit beides — das deklarierte `wcet` je Maschine (Pruefung 12) und die Schedulability des Ticks (Pruefung 32, die es vorher im Quelltext gar nicht gab). Ohne Kalibrierung bleibt es beim Hinweis, und der erscheint jetzt nur noch bei `wcet`: Ein `ram`-Budget prueft SC-62 ohne Messung, ein Hinweis dort waere falsch. `wcet` im Budget wird gelesen statt abgelehnt; geprueft wird `B_m + F_m` je Aktivierung gegen den deklarierten Wert. Offen bleibt die Messung selbst: Die Zahlen in `corpus-try/hw/stm32f401.hw` sind aus Handbuchzyklen geschaetzt, nicht gemessen — `takt bench` ersetzt sie, sobald der Rueckkanal steht (FB-91).",M5,hoch,behoben 2026-09-15,
FB-137,M5-Umsetzung,Ein Flash-Werkzeug gegen ein erfundenes Protokoll,"Die erste Fassung von `takt-flash-weact` beruhte auf einer konstruierten Annahme: Befehlscode `0x01`, ein Adressfeld im Kommando, Pakete zu 64 Byte, keine Quittung. Das echte Protokoll (Quelle: `WeActStudio/WeAct_HID_Bootloader_F4x1`, `Cli/WeAct_HID_Flash_CLI.c`) hat ein Magic „WeAct:"", kennt *keine* Adresse (der Bootloader fuehrt seinen eigenen Seitenzaehler), sendet 65 Byte je Bericht und quittiert jeden Sektor. Jeder einzelne Punkt war falsch.",Fehler,12.3; 13.8,"Am Board aufgefallen, aber erst spaet: Das Werkzeug meldete „Geschrieben"", das Board blieb im Bootloader. Was wie ein laufendes Programm aussah — die LED glomm —, war der Bootloader selbst, der sein Lebenszeichen blinkt.","Der Fehler ist die Klasse, gegen die dieses Projekt sonst Vorkehrungen trifft: **Zehn Tests waren gruen, und alle zehn waren wertlos.** Sie pruefen, ob der Code seiner eigenen Annahme folgt — gegen eine erfundene Spezifikation ist das eine Tautologie. Dasselbe Muster wie FB-119, wo eine Reproduzierbarkeitspruefung gruen blieb, obwohl die Ursache entfernt war. Drei Signale wurden uebergangen: Der Schreibvorgang lief ohne jede Rueckmeldung durch; das Geraet blieb danach im Bootloader; und fuenf Hypothesen zum Fehlerbild lagen nacheinander daneben. Das dritte haette reichen muessen — wer fuenfmal falsch raet, stellt die falsche Frage.","Behoben: Das Protokoll steht jetzt nach der Quelle, mit der Fundstelle im Modulkopf. `wait_for_ack` wartet nach jedem Sektor auf die Quittung, mit Zeitgrenze und einer Meldung, die den Sektor nennt — ein Werkzeug, das nicht auf Antwort wartet, kann nicht merken, dass niemand zuhoert. Die Befehlsaufzaehlung ist vollstaendig, auch was heute niemand braucht: Eine Aufzaehlung mit Luecken laedt dazu ein, den fehlenden Wert zu raten. Belegt ist es am Board: `minimal` blinkt mit exakt 1 Hz, und damit stehen PLL, TIM2, ISR und Zaehler.",M5,hoch,behoben 2026-09-14,
FB-138,M5-Umsetzung,Kein Kommando erzeugt ein Objekt fuer ein fremdes Ziel,"Die Werkzeugliste (11.1) kennt `takt run` — es uebersetzt und fuehrt *auf dem Wirt* aus. Fuer ein Cross-Ziel gibt es nichts: kein Kommando, das aus einer `.takt`-Datei LLVM-IR, ein Objekt oder eine Bibliothek fuer `thumbv7em` macht. Das Bring-up-Programm behilft sich darum mit seiner `build.rs`, die `takt_sema::compile`, `takt_llvm::lower::program`, `clang` und `llvm-ar` hintereinander ruft.",Luecke,11.1; 11.3; 12.3,"Beim Verdrahten des ersten Takt-Programms auf der MCU aufgefallen — und vom Nutzer benannt, bevor es jemand als Entwurf verteidigen konnte: „haben wir dafuer nicht nen compiler, der eigentlich Binaries rausbringen sollte?""","Die vier Schritte gehoeren in ein Werkzeug, nicht in ein Build-Skript. Was in einer `build.rs` steht, ist nicht aufrufbar (man braucht ein Rust-Crate drumherum), meldet Fehler als `cargo:warning` statt abzubrechen, verliert die Diagnosen von `takt check` in Warnzeilen und ist unauffindbar: Wer wissen will, wie ein Takt-Programm zu einem Binary wird, sucht im CLI. Die Uebersetzung selbst ist dabei nicht das Problem — `takt_llvm::lower::program` steht seit M5 als Bibliotheksfunktion bereit, gerade damit sie ausserhalb der Abnahme benutzbar ist. Was fehlt, ist die Kommandozeile davor.","Behoben: `takt build DATEI --target NAME [--emit ir|obj] [--out PFAD]` steht im CLI. Vier Ziele, zwei Zielklassen, ein Kommando — und die Fehler sind Fehler statt `cargo:warning`. Der Zuschnitt folgt einer Abwaegung: **Es uebersetzt und assembliert, es bindet nicht.** Ein fertiges Binary braucht Startcode, Linker-Skript und Speicherkarte, und die gehoeren zum Board, nicht zum Compiler — dieselbe `.o`-Datei laeuft auf jedem F401, aber jedes Board hat seinen eigenen Flash-Versatz. Ebenso bleibt der MCU-Rahmen (12.1) draussen: Er haengt an der Speicherform in `takt-conformance`, und ihn ins CLI zu ziehen hiesse, die halbe Abnahmesuite mitzunehmen. `takt build` uebersetzt ein Programm; es baut keine Runtime. Vier Tests in `cli_build.rs`, darunter die Faelle, die eine Diagnose brauchen: unbekanntes Ziel (die Meldung nennt die bekannten) und ein Programm mit Fehlern (es bricht ab, statt ein halbes Objekt zu lassen).",M5,hoch,behoben 2026-09-14,
FB-139,M5-Umsetzung,"Der Wirt verzeiht, was das Ziel bestraft","Beide Konformitaetsrahmen legten ihre ABI-Puffer als `unsigned char`-Arrays an — Ausrichtung 1 in C. Der erzeugte Code sieht denselben Speicher als Struktur mit `i64`-Feldern und greift mit `LDRD` darauf zu. Auf dem STM32F401 landete `state_blink` dadurch auf 0x2000_0036; das erste `LDRD` auf Offset 8 traf 0x2000_003E und loeste einen UsageFault aus, der zum HardFault eskalierte. Der Fault-Handler ist eine Endlosschleife, also blieb das Board still stehen.",Fehler,12.8; 9.4.4; 11.2,"Am Board gefunden, nachdem drei Hypothesen (Trace je Tick, unbegrenzte TXE-Schleife, Kommandoquelle) nacheinander danebenlagen. Belegt per `llvm-nm -S` (die Adresse), Disassembly von `blink_init` (das `LDRD`) und der Vektortabelle (der Handler). Der Linux-Rahmen `harness.rs` hatte denselben Defekt seit seiner Entstehung.","Die eigentliche Lehre steht nicht im Fehler, sondern darin, wie lange er unentdeckt blieb: **Die gesamte Abnahme laeuft auf x86-64, und x86-64 traegt unausgerichtete Zugriffe.** Ein Konformitaetstest, der nur auf dem Wirt laeuft, belegt Satz 9.4.4 nur fuer den Wirt — fuer jede andere Zielklasse ist die Aussage unbelegt, nicht bewiesen. 12.8 trennt die Zielklassen aus genau diesem Grund, aber die Trennung stand bis hierher nur im Text. Verschaerfend: Der Fehler ist still. Kein Compilerfehler, keine Warnung, kein Diagnosetext — nur ein Board, das nichts tut, und das sieht aus wie zehn andere Ursachen.","Behoben an der Wurzel: `layout::c_buffer` erzeugt jeden ABI-Puffer mit `_Alignas(8)` (acht Byte, weil `i64` und `f64` die breitesten Felder der ABI sind), und beide Rahmen — MCU wie Linux — gehen darueber. Der Test `every_abi_buffer_is_aligned` prueft *jedes* `static`-Array im erzeugten Text ueber drei Korpusprogramme, nicht die drei bekannten Puffer; ein neu hinzukommender faellt damit auf, ohne dass jemand daran denkt. Offen bleibt die groessere Frage, die dieser Fehler aufwirft: Die Abnahme braucht einen Lauf auf echter Hardware, sonst bleibt jede Aussage ueber eine fremde Zielklasse eine Vermutung. Das ist der M5-Exit, und dieser Befund ist sein Anlassfall.",M5,hoch,behoben 2026-09-15,
FB-140,M5-Umsetzung,Der Hardwarepfad eines Channels erreicht kein Geraet,"`output led : bool @ hw(""ui/led"")` traegt seinen Pfad bis in die MIR — `Binding::Hw(Address)` in `program.rs`, serialisiert im MIR-Format. Gelesen wird er an vier Stellen, aber ausschliesslich als Gleichheitsschluessel zwischen zwei Takt-Channels: Pruefung 13 paart `sim`-Output und `hw`-Input, ebenso Abhaengigkeitsgraph, Interpreter und Abnahmerahmen. Fuer die Hardwarerichtung gibt es keinen Leser, weil das Gegenstueck fehlt: Die Hardware-Konfiguration aus 8.10 ist im Code nirgends umgesetzt — kein Lader, keine Struktur, kein `.hw`-Format, Pruefung 60 existiert nicht. `import channels from` wird als Stufenfehler v1.1 abgewiesen. Auf der MCU wird die Zuordnung darum zweimal von Hand hergestellt: als erzeugter Latch-Index (`OUT_LED`) und als Board-Konstante (`Board.led = (Port, Nummer)`); gegen den Pfad im Programm ist keine davon geprueft.",Luecke,8.10; 8.1; 8.3; 12.6; 12.1,"Beim Verdrahten des ersten Takt-Programms auf der MCU gesehen, dann in der Referenz und im Code nachgeprueft. Sieben Stellen im Code warten bereits auf dieses Artefakt und sagen es im Kommentar — `size.rs` („die Eingabe kommt mit 8.10 und 13.8""), `stack.rs` (Marge), `rt-linux/lib.rs` („8.10 hat fuer solche Angaben bereits einen Ort""), `memory.x`, dazu drei Tests, die auf `has_open()` pruefen.","Die Referenz ist in der Richtung eindeutig und in der Form stumm. Vorgeschrieben ist, **dass** die Abbildung ausserhalb des Programms steht (8.10: „gehoeren in die Hardware-Konfiguration, nicht in die Steuerlogik""), dass der Pfad ein symbolischer Schluessel ist (8.10) und Metadatum bleibt (8.3: „Bindungen sind Metadaten"", damit der Logik-Hash zwischen Sim- und HW-Build gleich bleibt), und dass die Konfiguration optional ist (Pruefung 60: „Fehlt die Konfiguration, entfaellt die Pruefung""). Offen laesst sie: das Dateiformat (nur „deklarativ"", die Endung `.hw` steht nur in einem Beispielstring in 8.2), den Aufloesungsalgorithmus, den Fehlerfall „Adresse fehlt in der Konfiguration"" — und vor allem, **wie ein Eintrag eine MCU-Peripherie benennt**. Fuer Busgeraete genuegt das Feld „Adresse"" (eine Modbus-Registernummer ist vollstaendig); ein GPIO braucht Port, Nummer, Richtung, Polaritaet, Alternativfunktion — dafuer hat die 8.10-Tabelle kein Feld. Das ist die eigentliche Luecke fuer `hw(""ui/led"")`, und sie ist eine Luecke der Referenz, nicht nur der Umsetzung.","Teilweise behoben: Der Pfad wird zum Symbolnamen — `hw(""ui/led"")` erzeugt einen Aufruf von `takt_out_ui_led`, den das Board stellt, und ein gebundener Ausgang ohne Treiber ist ein Bindefehler statt stiller Wirkungslosigkeit. Die Referenz ist nachgezogen (8.10 hat jetzt ein Feld `Anschluss` und einen Absatz dazu, wie eine Adresse ihren Treiber findet). Offen bleibt die Hardware-Konfiguration selbst. Vorzugsrichtung in zwei Schichten, weil die Referenz zwei verschiedene Dinge verlangt. **Erstens** die Konfiguration als deklarative Datei neben dem Programm, mit genau den Feldern aus der 8.10-Tabelle, die heute jemand braucht (Adresse, Richtung, Einheit, Range, `safe`) — sie ist optional, ein Programm ohne sie bleibt uebersetzbar, und sie ist die Eingabe, auf die die sieben wartenden Stellen zeigen. **Zweitens** die Peripheriebenennung, fuer die die Referenz nichts vorgibt: Der Compiler darf keine Pins kennen (9.5 haelt Treiber in der TCB), also traegt die Konfiguration den *Treibertyp* als Namen und das Board liefert die Implementierung. Konkret: Der erzeugte Rahmen ruft je Ausgang eine Funktion, deren Name aus dem Pfad entsteht, und das Board stellt sie — dieselbe Konstruktion wie `takt_board_trace`, die sich bewaehrt hat. Der Gewinn ist, dass der Linker die Vollstaendigkeit prueft: Ein fehlender Treiber ist ein unbekanntes Symbol, kein stiller Ausfall. Zu klaeren bleibt die Eingangsseite — 12.6 verlangt dort einen defensiven Rand (Zeitstempel, Range, `max_slew`, Qualitaetsflags), und der ist mehr als ein Funktionsaufruf. Nicht anzufassen: `port @ mmio(...)` aus 15 ist ein getrennter Mechanismus fuer v1.2 und loest diese Frage nicht. Behoben 2026-09-16: Die Hardware-Konfiguration hat jetzt die zweite Schicht — `[device.<name>]` mit Treibertyp, `[channel <adresse>]` mit Richtung, Rohtyp, Einheit, Range, `safe`, Geraet und dem undurchsichtigen `port` (Format 3, `takt-mir/src/hardware.rs`). Pruefung 60 vergleicht jede `@ hw(…)`-Bindung damit: unbekannte Adresse, Richtung, Einheit, Range ausserhalb der Geraete-Range, abweichender `safe`-Wert sind Fehler; ohne Konfiguration entfaellt die Pruefung (8.10). `takt build --emit consts|consts-rs --hardware` reicht die Anschluesse als `TAKT_PORT_<adresse>` bzw. `PORT_<ADRESSE>` an das Board weiter — der Compiler deutet sie nicht (9.5). `corpus-try/hw/stm32f401.hw` traegt Geraet und Kanal fuer `29_heartbeat.takt`; ein Test haelt die Passung fest. Offen bleibt die Eingangsseite als Treiberrand (12.6) und `import channels from` (v1.1).",M5,hoch,behoben 2026-09-16,
FB-141,M5-Umsetzung,"Ein Bau, der nichts tut und Erfolg meldet","`TAKT_PROGRAM` waehlt das zu uebersetzende Programm ueber eine Umgebungsvariable. Cargo legt je Variablenwert einen eigenen Build-Kontext an und verwendet aeltere wieder — darunter welche aus einer Zeit, in der `build.rs` die Zeile `rerun-if-env-changed` noch nicht enthielt. Ein solcher Kontext kennt die Abhaengigkeit nicht und wird wegen ihr nie neu ausgefuehrt: Der Bau meldet „Finished, das Binary bleibt das alte, und es linkt gegen eine Bibliothek aus einem frueheren Lauf. Dazu waehlte `find_takt` das juengste `takt`-Binary und griff damit nach `debug/takt.exe`, sobald `cargo test` es zuletzt gebaut hatte.",Fehler,13.8; 12.8,"Beim Frequenztest gesehen: Ein Bau mit `after 100 ms` statt `500 ms` meldete Erfolg, und die erzeugte ELF trug den Zeitstempel des vorigen Laufs. Am Build-Kontext nachgeprueft — sein `output` enthielt weder `rustc-link-lib` noch `rerun-if-env-changed`.","Dieselbe Klasse wie FB-139 und FB-137: ein stiller Ausfall, der wie Erfolg aussieht. Und der Commit davor behauptete bereits, das Problem sei behoben — fuer die drei damals gefundenen Ursachen stimmte das, fuer diese nicht. Der Kern ist, dass `TAKT_PROGRAM` der falsche Mechanismus ist: Was den *Inhalt* eines Baus bestimmt, gehoert nicht in eine Umgebungsvariable, deren Wirkung vom Alter eines Cache-Verzeichnisses abhaengt. 13.8 verlangt reproduzierbare Binaries; ein Bau, dessen Ergebnis davon abhaengt, welche Kontexte zufaellig noch herumliegen, erfuellt das nicht.","Teilweise behoben: `find_takt` waehlt jetzt ueber `PROFILE` statt ueber den Zeitstempel — ein Release-Bau nimmt das Release-Werkzeug, und welches Binary gerade juenger ist, spielt keine Rolle mehr. Offen bleibt die Programmwahl selbst. Vorzugsrichtung: Der Pfad gehoert in eine versionierte Datei des Crates (etwa `takt.toml` neben `Cargo.toml`), nicht in die Umgebung — dann ist er eine `rerun-if-changed`-Quelle wie jede andere, der Bau ist aus dem Repo heraus reproduzierbar, und wer ein anderes Programm bauen will, aendert eine Datei statt eine Shell-Variable. Bis dahin gilt: Nach einem Wechsel von `TAKT_PROGRAM` die Build-Kontexte des Crates loeschen. Nachgetragen 2026-09-16: Die Programmwahl steht in takt.toml neben Cargo.toml; build.rs liest sie als rerun-if-changed-Quelle, TAKT_PROGRAM sticht nur noch fuer einen einmaligen Versuch. Damit ist der Befund vollstaendig behoben.",M5,mittel,behoben 2026-09-16,
FB-142,M5-Umsetzung,Der Exit-Vergleich war nicht moeglich und niemand hat es gemerkt,"`tools/takt-on-board.sh` nennt den Vergleich des Hardware-Traces mit `takt sim` „den Kern des M5-Exits und endet mit dem Hinweis, der Trace laufe nun auf PA9. Angeschaut hat ihn ein Mensch. Beim Automatisieren kam heraus, dass der Vergleich gar nicht haette gelingen koennen: Der MCU-Rahmen schrieb `out led 1`, der Interpreter schreibt `t=0 out led false`. `run::compare` liest nur Zeilen der Form `t=<n> out <name> <wert>` und verwirft alle anderen — ein Hardwarelauf haette darum *immer* „kein Unterschied gemeldet, unabhaengig davon, was das Board rechnet. Der Linux-Rahmen hatte die richtige Form seit je, weil er taeglich dagegen geprueft wird.",Fehler,13.8; 9.4.4; 12.1,"Beim Bau von `takt-trace-serial` gefunden: Erst beim Schreiben der Vergleichsseite fiel auf, dass die beiden Rahmen verschiedene Formate schreiben. Am Text beider Erzeuger nachgeprueft (`harness.rs` schreibt `t=%lld out …`, `mcu.rs` schrieb `out …`).","Dieselbe Klasse wie FB-137 (erfundenes Protokoll, zehn gruene Tests) und FB-139 (Ausrichtung, auf dem Wirt folgenlos): **ein Mechanismus, der Erfolg meldet, ohne zu pruefen.** Hier ist er besonders heikel, weil der leere Vergleich nicht nach einem Fehler aussieht — `compare` vergleicht nur, was beide Seiten melden, und eine leere Schnittmenge ergibt eine leere Unterschiedsliste. Das ist per Konstruktion richtig (der Interpreter schreibt nur Aenderungen, der Rahmen jeden Tick), macht aber ein stummes oder falsch formatiertes Board ununterscheidbar von einem uebereinstimmenden. Der zweite Befund ist die Lehre daraus: Ein Exit-Kriterium, das kein Werkzeug prueft, ist eine Absichtserklaerung — es faellt erst auf, wenn jemand hinsieht, und nie, wenn niemand hinsieht.","Behoben: Der MCU-Rahmen schreibt `t=<tick> out <name> <wert>` wie der Linux-Rahmen, mit Variantennamen statt Diskriminanten fuer Enums (9.3) — sonst vergliche der Test Schreibweisen statt Werte. `takt-trace-serial` liest die serielle Schnittstelle und ruft `run::compare`; **dieselbe Funktion wie auf dem Wirt**, weil eine zweite eine zweite Meinung darueber waere, was „gleich heisst (9.4.4). Gegen die eigentliche Falle steht eine ausdrueckliche Pruefung: Ein Lauf ohne vergleichbare Zeilen ist ein Fehler mit Begruendung, kein bestandener Lauf, und ein stummes Board wird als stumm gemeldet statt als leerer Trace. Sieben Lesetests und zwei Formattests halten es fest. Der Trace geht je Tick heraus, wo die Leitung es traegt — `TRACE_EVERY` wird aus Tickperiode und Baudrate gerechnet statt gesetzt (2,78 ms je Zeile gegen 10 ms Tick). Offen bleibt der Lauf selbst: Der Black Pill hat keinen USB-Seriell-Wandler, PA9 braucht einen TTL-Adapter.",M5,hoch,behoben 2026-09-15,
FB-143,M5-Umsetzung,Eine ungenutzte Rahmenfunktion zieht Software-Fliesskomma ins Binary,"`takt_measure` im MCU-Rahmen gab seinen Wert als `(long long)(v * 1000000.0)` aus — eine `double`-Multiplikation. Der F401 hat eine f32-FPU, aber kein f64, also band der Linker die Software-Emulation dazu: `__muldf3` (776 B), `__aeabi_d2lz` (138 B) und `__aeabi_dmul` (12 B), zusammen 784 Byte in einem Binary von 4866 — 16 Prozent des Codes fuer eine Funktion, die dieses Programm nie rief. Entfernen kann der Linker sie nicht, weil der Rahmen sie als Symbol exportiert. Beim Beheben kam eine zweite Abweichung heraus: Keine der sechs Beobachtungszeilen (`alert`, `log`, `abort`, `measure`, `verify`, `verdict`) trug ihren Tick, obwohl `grammar/trace.md` `t=<tick> <art> …` vorgibt.",Fehler,12.3; 11.5; 4.2,"Beim Aufschluesseln des Blink-Binaries nach Herkunft gefunden: Von 4866 Byte Code stammten 144 aus der `.takt`-Datei. Am erzeugten Rahmen nachgeprueft, und dass das Programm kein `measure` enthaelt, ebenso. Der erste Eintrag schrieb der f64-Emulation 1778 Byte zu und zaehlte `u64_div_rem` (864 B) mit; das war falsch — die Funktion gehoert zu `write_u64` in der UART und bleibt zu Recht.","12.3 verlangt fuer die MCU „kein Heap, gesamter Zustand statisch und nennt Flash als knappe Groesse; 11.5 haelt den Flash-Posten gegen ein Budget. Ein Drittel des Binaries fuer eine tote Funktion ist damit kein Schoenheitsfehler, sondern eine Budgetfrage — auf einem Ziel mit 16 KiB waere es der Unterschied zwischen passt und passt nicht. Der tiefere Grund ist eine Formatentscheidung an der falschen Stelle: Der Rahmen rechnet Mikroeinheiten, weil er kein `printf` hat, und waehlt dafuer den breitesten Typ. 4.2 verlangt bitgleiche Ergebnisse ueber alle Targets, und gerade darum ist eine f64-Rechnung auf einem Kern ohne f64-Hardware die teuerste Art, sie zu bekommen.","Behoben: `measure` gibt das Bitmuster heraus statt zu rechnen — `__builtin_memcpy` in ein `unsigned long long`, kein Zeiger-Cast (der verletzte die Aliasing-Regeln und duerfte wegoptimiert werden). Das kostet keine Emulation und sagt mehr: 4.2 verlangt bitgleiche Ergebnisse ueber alle Targets, und `same_number` vergleicht Fliesskomma ohnehin bitweise (9.4.4) — eine Multiplikation waere eine zweite Rundungsquelle unmittelbar vor diesem Vergleich gewesen. Gemessen: 784 Byte weniger, 16,1 Prozent des Codes, `__muldf3` und `__aeabi_d2lz` verschwunden. Dazu tragen jetzt alle sechs Beobachtungszeilen ihren Tick. Zwei Tests halten es fest: dass im Rahmen keine Fliesskomma-Rechnung steht, und dass jede Beobachtungszeile den Tick schreibt. Der allgemeinere Punkt bleibt und ist jetzt sichtbar: Was der Rahmen an Emulation nach sich zieht, gehoert in den Flash-Posten — `takt size --object` zeigt es.",M5,mittel,behoben 2026-09-15,
FB-144,M5-Umsetzung,"Division hat eigene Gewichte, das Kostenmodell kennt sie nicht","7.2 sagt ausdruecklich: „Division hat eigene Gewichte, weil sie je nach Kern Hardwarebefehl oder Bibliotheksaufruf ist."" 9.4.3 kennt aber nur sieben Operationsklassen ohne Division, und `CostVec` bildet genau diese sieben ab. Eine Division zaehlt heute als gewoehnliche Operation ihrer Klasse — auf einem Kern ohne Hardware-Division ist das um eine Groessenordnung zu guenstig.",Luecke,7.2; 9.4.3,"Beim Einbau von `c_target` gefunden und an beiden Stellen nachgelesen. `class_of` in `analysis/cost.rs` unterscheidet nur Typ und Darstellung, nicht die Operation.","Die Referenz widerspricht sich, und beide Seiten haben ein Argument: Sieben Klassen sind eine Tabelle, die ein Mensch fuellen kann; vierzehn waeren genauer und doppelt so teuer zu messen. Der Fehler ist einseitig — die Rechnung unterschaetzt die Zeit, und eine Schedulability, die zu guenstig rechnet, sagt „passt"", wo sie es nicht weiss. Das ist dieselbe Klasse wie eine unvollstaendige Tabelle, nur subtiler: Dort faellt die Luecke auf, hier nicht.","Nicht jetzt entscheiden, aber vor dem M5-Exit. Drei Wege: (a) eine achte Klasse `div`, die der Codegen zaehlt — genauer, aber eine Aenderung an 9.4.3 und am Kostenmodell; (b) `c_target` bekommt je Klasse einen zweiten Wert fuer Division — die Tabelle waechst, das Modell bleibt; (c) 7.2 als Erlaeuterung lesen und die Abweichung in der Marge auffangen. Zu messen ist zuerst, wie gross der Fehler wirklich ist: Auf dem Cortex-M4 ist Integer-Division ein Hardwarebefehl (2-12 Zyklen), f64-Division auf einem Kern ohne FPU ein Bibliotheksaufruf. `takt bench` beantwortet das mit einer Messung statt mit einer Annahme — vorher waere jede Wahl geraten. Nachtrag 2026-09-26: Entschieden mit Weg (b) und gemessen: FB-276 gibt der Division eigene Gewichte je Zahlklasse, FB-298 dasselbe fuer `fma` und `sqrt`; `takt bench` misst sie auf beiden Boards.",M5,mittel,behoben 2026-09-25,TTL-Adapter (PA9) — die Entscheidung braucht die Messung
FB-145,M5-Umsetzung,"Was in T_IO faellt, sagt niemand","7.2 vergleicht die Rechenlast gegen `T₀ − T_IO`, 12.8 sagt, `T_IO` werde „je Zielklasse gemessen, nicht angenommen"", und 13.8 nennt es als Ausgabe von `takt bench`. Was genau hineinfaellt — Abtastung, Validierung des Treiberrands, Commit, Recorder, Treiber-ISRs —, steht an keiner Stelle. Die Umsetzung fuehrt das Feld und zieht es ab; ihr Doc-Kommentar sagt ehrlich „sagt die Referenz nicht"", und das ist keine Loesung, sondern eine festgehaltene Luecke.",Luecke,7.2; 12.8; 13.8; 12.1,"Beim Einbau von `c_target` an allen drei Fundstellen nachgelesen. 12.1 listet die Tickschleife in dreizehn Schritten auf — welche davon zu `T_IO` zaehlen, sagt sie nicht.","Ohne Definition ist `T_IO` nicht reproduzierbar messbar: Zwei Messungen desselben Boards koennten verschiedene Zahlen liefern, je nachdem, wo jemand die Grenze zieht — und die Schedulability haengt unmittelbar daran. Das ist schwerwiegender als es aussieht, weil der Fehler nicht auffaellt: Eine zu klein gemessene `T_IO` laesst mehr Programme durch, und keines davon meldet sich.","Behoben: 7.2 definiert `T_IO` jetzt ueber die Schritte der Tickschleife (12.1) — alles vor und nach `run_scheduled_machines`, ausgenommen `record_and_telemeter` (12.1 fuehrt es „ausserhalb der Semantik, nie blockierend"") und `maybe_sleep`. Die Abgrenzung ist zugleich die Messvorschrift fuer `takt bench`: Tickperiode minus Zeit in den Schrittfunktionen. Der Recorder bleibt draussen, weil die Instrumentierung sonst die Schranke verschoebe, die sie beobachtet — dieselbe Rueckkopplung, die FB-149 am Board gekostet hat.",M5,hoch,behoben 2026-09-15,
FB-146,M5-Umsetzung,Die Semantik von `wcet` ist eine Entscheidung ohne Referenztext,"7.2 sagt zu `wcet` nur: „vorgesehen, aber erst mit der kalibrierten Kostentabelle entscheidbar"". Offen bleiben vier Fragen, und die Umsetzung hat alle vier still beantwortet: die Einheit (jetzt `Duration`), ob gegen `B_m` oder `B_m + F_m` (jetzt beides, weil der Fault-Pfad im selben Tick laeuft), ob je Aktivierung oder je Tick (jetzt je Aktivierung, weil 9.4.3 `B_m` so definiert), und ob `T_IO` eingeht (jetzt nicht, weil es eine Eigenschaft des Ticks ist und nicht der Maschine).",Luecke,7.2; 9.4.3,"Beim Einbau entschieden und in `takt-sema::calibrated` begruendet. Die Begruendungen stehen im Code, nicht in der Referenz — und damit an der falschen Stelle: Wer `wcet` schreibt, liest 7.2.","Jede der vier Antworten ist verteidigbar, aber keine steht in der Referenz, und die Referenz gewinnt gegen jede andere Quelle. Solange das so bleibt, ist die Umsetzung eine Auslegung — eine zweite Umsetzung koennte anders entscheiden, und beide waeren konform. Das ist genau die Lage, die 9.4.4 vermeiden soll.","Behoben: 7.2 sagt jetzt, was `wcet` bedeutet — eine Dauer je Aktivierung, geprueft gegen `Σ_c (B_m,c + F_m,c) · c_target[c]`, mit Fault-Pfad (er laeuft im selben Tick, 5.4) und ohne `T_IO` (das gehoert dem Tick, nicht der Maschine). Je Aktivierung, weil 9.4.3 `B_m` so definiert. Dazu der Satz, dass die Pruefung ohne Kalibrierung meldet statt zu schweigen: Eine stumme Pruefung ist von einer bestandenen nicht zu unterscheiden. Die Umsetzung stand schon so; jetzt steht sie auch dort, wo man sie sucht.",M5,mittel,behoben 2026-09-15,
FB-147,M5-Umsetzung,Streuung und Marge der Kalibrierung sind ungeregelt,"13.8 sagt nur „kalibriert"". Ob `c_target[c]` das Maximum oder den Mittelwert vieler Messungen traegt, mit welcher Konfidenz, und ob eine Marge aufgeschlagen wird, steht nirgends. `plan/m5.md` 2.4 entscheidet es als Planungsvorgriff (Maximum je Klasse, Marge in die Konfiguration statt in die Rechnung) — das ist kein Referenztext.",Luecke,13.8; 7.2,Beim Einbau von `c_target` gesucht und in beiden Abschnitten nicht gefunden.,"Wird erst mit `takt bench` akut, ist dann aber sofort entscheidend: Eine Schedulability aus Mittelwerten ist keine Schranke, sondern eine Erwartung, und 9.4.2 verspricht Schranken. Das Maximum ist die einzige Wahl, die zur Zusage passt; die Marge gehoert daneben, damit sichtbar bleibt, wie viel Sicherheit eingerechnet wurde.","Mit `takt bench` entscheiden und dann in 13.8 festschreiben. Die Vorentscheidung aus m5.md 2.4 ist richtig und sollte dorthin wandern: Maximum je Klasse, Marge als eigenes Feld der Konfiguration. Eine Marge in der Rechnung waere unsichtbar, und eine unsichtbare Sicherheitsreserve ist keine.",M5,mittel,bewertet 2026-09-15,TTL-Adapter (PA9) — die Entscheidung braucht die Messung
FB-148,M5-Umsetzung,Konformitaetsbericht und Hardware-Konfiguration ueberschneiden sich,"11.3 fuehrt beide als eigene versionierte Formate. 13.8 sagt, die Messwerte „gehen in die Hardware-Konfiguration ein"" — aber `takt bench` produziert laut demselben Abschnitt einen *Bericht* mit „Verhaeltnis Takt/C je Kern, Anteil der impliziten Pruefungen, kalibrierte `c_target`-Tabelle je Klasse, `T_IO`, Tick-Jitter"". Ob `c_target` in beiden steht, oder im Bericht entsteht und in die Konfiguration uebertragen wird, ist nicht geregelt.",Luecke,11.3; 13.8,Beim Einbau von `c_target` an beiden Stellen nachgelesen.,"Zwei Formate mit demselben Inhalt sind zwei Quellen fuer dieselbe Zahl — genau die Doppelung, die bei der Tickperiode schon einmal zu einem zehnfachen Zeitfehler gefuehrt hat (FB-141). Die Unterscheidung ist trotzdem sinnvoll: Der Bericht ist ein Protokoll eines Laufs, die Konfiguration die Eingabe des Compilers. Was fehlt, ist die Richtung.","Behoben: 13.8 legt die Richtung fest. Der Bericht ist das Protokoll der Messung mit ihren Umstaenden (Datum, Board, Profil, Wiederholungen, Streuung), die Konfiguration traegt das Ergebnis, das der Compiler liest — Quelle und Ableitung, nicht zwei gleichrangige Quellen. `takt bench` schreibt beide in einem Lauf, damit sie nicht auseinanderlaufen; wer eine Zahl anzweifelt, findet im Bericht, wie sie entstand.",M5,niedrig,behoben 2026-09-15,
FB-149,M5-Umsetzung,Die Telemetrie hielt die Tickschleife auf und meldete es sich selbst,"Auf dem Board lief `29_heartbeat.takt` mit 1,5 s je Blinkzyklus statt 1,0 s, nach einer Korrektur mit 6,0 s. Zwei Ursachen, beide in der Telemetrie. Erstens rechnete `TRACE_EVERY` mit der reinen Uebertragungszeit und uebersah, dass `write_byte` blockierend auf `TXE` wartet: Was auf der Leitung steht, steht auch in der Schleife — 1,74 ms je Zeile bei 10 ms Periode, also 17 Prozent Auslastung allein fuer die Diagnose. Zweitens meldete `report`, solange `missed > 0`; jede Meldung kostete Zeit, verpasste weitere Ticks und wiederholte sich dadurch. Eine Rueckkopplung, die den Fehler von Faktor 1,5 auf Faktor 6 trieb.",Fehler,12.2; 12.3; 7.1,"Vom Nutzer gemessen (1,5 s, dann 6,0 s je Zyklus) und durch eine Probe getrennt: Mit deaktiviertem Trace blinkt es exakt 1,0 s, wie der Interpreter es vorgibt (Wechsel alle 50 Ticks). Damit ist die Telemetrie als Ursache belegt und die Tickkette entlastet — `minimal.rs` hatte sie schon mit 1 Hz bestaetigt.","12.2 sagt es fuer den `Sink` der Runtime woertlich: „wer nicht mitkommt, verwirft und zaehlt, statt die Steuerung aufzuhalten"". Die Telemetrie hielt sie auf. Der zweite Teil ist die eigentliche Lehre: Eine Diagnose, die verstaerkt, was sie misst, ist keine — sie macht aus einem kleinen Fehler einen grossen und verschleiert dabei, wie gross der kleine war. Dass die Korrektur (`TimerClock` verdrahten) zusammen mit der neuen Meldung kam, machte es schlimmer: Zwei Aenderungen in einem Commit, und die Messung konnte sie nicht auseinanderhalten.","Behoben: `TRACE_EVERY` verlangt jetzt das Zehnfache der Zeilendauer statt des Doppelten — bei 10 ms Tick heisst das eine Zeile je Sekunde und 0,28 Prozent Auslastung statt 17. `report` meldet nur noch Aenderungen, nicht Zustaende; ein Zaehler, der sich nicht bewegt, schweigt. Beide Zaehler bleiben, weil sie richtig sind: `TimerClock::missed` und `Telemetry::dropped` kannten die Ursache die ganze Zeit, nur las sie niemand. Offen bleibt die Frage, ob die Telemetrie ueberhaupt blockierend sein darf — 12.2 verlangt einen Ringpuffer mit nicht-blockierendem Sender, und `write_byte` mit Schranke ist nur die halbe Antwort. Das gehoert zu `takt driver-test` (M5, Schritt 7).",M5,hoch,behoben 2026-09-15,
FB-150,M5-Umsetzung,"Drei Fehler im Systemschlaf, keiner davon sichtbar","Die frisch gebaute `idle`-Vertikale hatte drei Fehler, und alle drei waren still. (1) `next_deadline` lieferte relative Ticks, der Trait verlangt einen absoluten Zeitpunkt in Nanosekunden — `Runtime::sleep` zog `now` davon ab, erhielt eine tief negative Zahl und schlief nie. (2) 9.9 verlangt „fuer jede Maschine: time_in_state += n*T0“; ein uebersprungener Tick ruft kein `_step`, also blieb der Zaehler stehen, und jede `after`-Frist waere um die geschlafenen Ticks zu spaet gefeuert — Satz 9.9.1 verletzt. (3) Die Fristrechnung teilte durch den Basis-Tick statt durch `period * T0`; bei `every 50 ms` war sie fuenfmal zu gross. Fehler 1 verdeckte 2 und 3, weil die Vertikale nie lief.",Fehler,9.9; 7.2,"Einen Fehler selbst gefunden — die Einheit fiel beim Nachlesen des Trait-Kommentars auf —, zwei durch einen Audit. Alle drei am Code belegt: der Trait-Vertrag in `loopcore.rs`, die Inkrementstelle von `t_in_state` in `step.rs`, und die Periodenrechnung, die `after` selbst benutzt.","Die Lehre ist die Testform, nicht die Fehler. Meine drei Tests prueften den *Text* der erzeugten IR — `sub i64 50,` stand da, also schien es zu stimmen. Keiner liess die Runtime laufen, und genau darum fiel nicht auf, dass die Zahl in der falschen Einheit ankam und der Zaehler nicht mitwuchs. Ein Test, der eine Zeichenkette sucht, prueft die Schreibweise; ein Test, der `Tick::slept` liest, prueft das Verhalten. Dasselbe Muster wie FB-142, wo ein Werkzeug Traces verglich, die nie zueinander passten.","Behoben: Die Umrechnung steht im Rahmen, wo `takt_now` ohnehin die Zeitquelle ist — `takt_now() + best * T0`. `<maschine>_advance(st, n)` traegt die uebersprungenen Ticks nach, `Program::advance` reicht sie durch, und die Tickschleife ruft sie nach jedem Schlaf. Die Fristrechnung nimmt `period * T0` und gibt Basis-Ticks zurueck, weil die Runtime darin springt. Drei neue Tests: zwei an der laufenden Runtime (`Tick::slept` und `advanced`), einer an einem Multirate-Programm. Nachgetragen 2026-09-15, die drei uebrigen Befunde des Audits: `dropped` wird beim Verwerfen in `idle` nicht gezaehlt (5.10 verlangt es), `StreamPaused` gibt es nirgends, und `takt_mcu_idle` prueft zwei der sechs Konjunkte statt der im Kommentar behaupteten vier. Alle drei behoben: `dropped[s, m]` sitzt jetzt je Maschine neben `cursors` und `examined` — 9.6 unterscheidet es ausdruecklich von `dropped[s]` am Puffer, weil beim Verwerfen in `idle` nur die schlafende Maschine verliert. `s.dropped` liest beide Anteile. Der Alert `StreamPaused` kommt beim Verlassen des Zustands, nicht waehrend des Schlafs. Und `takt_mcu_idle` prueft jetzt ein anliegendes Wake-Kommando mit; der Doc-Kommentar sagt, was wirklich geprueft wird — drei der sechs Konjunkte sind auf der MCU gegenstandslos, weil es dort keine geplanten Ausgaben, keine Jobs und keine Stroeme gibt. Beim Testen fiel ein vierter Fehler auf: Der Ueberlauf-Fault wurde an zwei Stellen erzeugt, und nur die interne war behandelt — `overflow_channel` stellte ihn auch schlafenden Maschinen zu.",M5,hoch,behoben 2026-09-15,
FB-151,M5-Umsetzung,"Der Interpreter beendete den Lauf, der erzeugte Code nicht","Tiefschlaf nach 12.7 war zuerst nur im Interpreter umgesetzt: `reboot = DEEP_SLEEP` beendete dort den Lauf und setzte die Outputs auf `safe`, der erzeugte C-Rahmen lief weiter. Satz 9.4.4 sagt, der Interpreter sei die Spezifikation — eine Abweichung ist ein Fehler des Codegens, und hier war es einer. Dass sie niemand bemerkt haette, lag an der Abnahme: Keines der 21 Korpusprogramme im Differentialtest band `sys/reboot`, und die einzige Datei, die es tut (`corpus-try/ref/12_7_01.takt`), wird nur tokenisiert und formatiert, nie ausgefuehrt.",Fehler,12.7; 9.4.4,"Durch einen Audit gefunden und sofort belegt: Ein neues Korpusprogramm `32_reboot.takt` in der Differentialliste liess den Test anschlagen — „t=5 reboot: Interpreter `NONE`, nativ `DEEP_SLEEP`"". Beim Beheben kam ein zweiter Fehler heraus, der aelter ist: `literal` im Rahmen kannte keine Enum-Varianten, also wurde *jeder* Enum-Ausgang mit `safe` nie zurueckgesetzt — nicht nur der Reboot-Befehl.","Zwei Befunde, eine Ursache: Was nicht verglichen wird, driftet. Der Differentialtest ist der Mechanismus, der 9.4.4 traegt, und er deckt nur ab, was in seiner Liste steht. Ein Konstrukt ohne Korpusprogramm ist unbewacht, egal wie sorgfaeltig beide Seiten geschrieben sind.","Behoben: Der Rahmen bricht bei `RESTART` und `DEEP_SLEEP` ab und setzt die Outputs auf `safe`; `literal` kennt feldlose Varianten und nimmt ihre Diskriminante, die explizit gesetzt sein kann. `32_reboot.takt` steht in der Differentialliste. Dazu drei kleinere Befunde desselben Audits: Nur der vordefinierte `RebootCmd` loest ein Kommando aus (ein eigenes Enum mit Variante `RESTART` tat es vorher auch), nur eine `hw`-Bindung (`sim` speist einen Input, und `sys/reboot` hat keinen), und ein Roundtrip-Test haelt die neue Trace-Zeile fest — den gab es fuer *keine* Zeilenart. Nachtrag: `literal` hat zwei Aufrufer — `safe_outputs` und `param_literal`. Geprueft wurde zuerst nur der erste; ein Parameter mit Enum-Default hatte dasselbe Problem. `33_enum_param.takt` in der Differentialliste belegt beide: Ohne den Fix meldet der Test 1 Abweichung beim Reboot und 61 beim Parameter.",M5,hoch,behoben 2026-09-15,
FB-152,M5-Umsetzung,"Der Typ-Hash schuetzte nicht, wogegen er schuetzen sollte","`persist` Stufe 1+2 war frisch geschrieben und trug sieben Fehler, fuenf davon genau an der Stelle, die `persist` ueberhaupt rechtfertigt. (1) `validate` prueft die deklarierte Range, aber nicht die Breite: `u8` ohne `in a..b` traegt `range: None`, also nahm eine u8-Variable den Wert 9999 an — und die Maschine faultete im Tick 0 mit `RangeFault`, statt den Default plus `PersistReset` zu liefern. 5.9 verlangt ausdruecklich das Gegenteil. (2) `write_enum` schrieb die Variantenzahl nicht vor die Liste, `write_record` schon; eine geschachtelte Variante konnte die Bytes der naechsten Variante des aeusseren Enums schlucken, und zwei verschiedene Typen bekamen denselben Schluessel. (3) `EnumDef::layout` floss nicht ein, obwohl `layout u8` die Byte-Breite des gespeicherten Werts ist — ein Update auf `u16` behielt den Eintrag und las ein Byte als zwei. (4) Einheiten gingen nur ueber den Namen ein: `unit spam = 2 m` zu `= 3 m` liess ein gespeichertes `5 spam` still 15 m statt 10 m bedeuten. (5) `is_pod` liess `bytes` durch und lehnte `vec` ab, obwohl 3.7 beide gleichrangig als POD nennt. (6) `Type::Map` fiel in einen `Debug`-Fallback, der TypeId-Nummern kodiert — die haengen an der Internierungsreihenfolge, also am Rest des Programms. (7) Der Codegen kennt `persist` nicht und erzeugte still Defaults, ohne das zu melden.",Fehler,5.9; 3.1; 3.2; 3.7; 9.4.4,"Von einem Audit gegen die Referenz gefunden, jeder Befund am Code belegt und von mir nachgestellt: Der u8-Fall zeigte `t=0 fault m RangeFault ""9999 ausserhalb der Range""`, die Enum-Kollision zwei Programme mit demselben Schluessel `0xf767f3095ca08957`, `layout u8` und `layout u16` denselben mit `0x82f0…`, `= 2 m` und `= 3 m` denselben mit `0xb21f…`. Nach den Korrekturen unterscheiden sich alle vier.","Die Lehre haengt an Befund 1. Ich hatte die Range geprueft, weil 5.9 sie nennt — und uebersehen, dass die Breite bei schmalen Typen ohne `in a..b` die einzige Schranke ist. Das Ergebnis war nicht bloss eine fehlende Pruefung, sondern ihr Gegenteil: Ein Eintrag, den `persist` gerade verwerfen sollte, riss die Maschine in den Fault-Pfad, bevor Programmcode sie schuetzen konnte. Die Befunde 2 bis 4 haben eine gemeinsame Form — ich hatte in den Doc-Kommentar geschrieben, der Hash solle „lieber einmal zu viel verwerfen als einmal zu wenig"", und dann eine Kodierung gebaut, die das an drei Stellen nicht leistet. Ein Kommentar, der eine Eigenschaft behauptet, ist kein Beleg fuer sie.","Behoben: `validate` prueft zuerst `arith::bounds(width)`, dann die Range — die vorhandene Funktion statt einer zweiten Quelle. `write_enum` schreibt Variantenzahl und `layout`, `write_unit` Dimension, Faktor und affinen Versatz. `vec` ist POD, mit Arm in `validate`; `line<N>` bleibt draussen, weil es mit `truncated` ein Zustandsbit traegt, das 3.7 bei den POD-Standardwerten nicht nennt. Der `Debug`-Fallback in `write_type` ist weg: Jeder POD-Typ hat einen eigenen Arm, alles andere nur seinen Diskriminanten — TypeIds gehoeren nie in einen Schluessel, der Firmware-Staende ueberdauert. Fuer Befund 7 meldet der Codegen jetzt `without_persist`, statt still Defaults zu erzeugen; das Journal bleibt M5-Schritt 11. Fuenf neue Tests, je einer je Kollision, und `35_persist.takt` in der Differentialliste — mit dem Vermerk, dass es die Rechnung prueft und nicht das Laden, weil beide Seiten mit leerem Speicher starten.",M5,hoch,behoben 2026-09-15,
FB-153,M5-Umsetzung,"Drei Fehler im Journal, die nur die Schleife zeigen konnte","Beim Bau des `persist`-Journals fielen drei Fehler auf, keiner davon in den Unit-Tests. (1) `Journal::new` allein war ein gefaehrlicher Zustand: Ohne vorheriges `load` wusste das Journal nicht, welcher Slot belegt ist, und der erste Schreibvorgang loeschte blind Slot 0 — den einzigen gueltigen Eintrag. Gefunden hat es der erschoepfende Stromausfalltest: Abbruch nach Byte 1 zerstoerte das Magic des *alten* Eintrags. (2) Die neue Trace-Zeile `persist <hex>` lief ueber `self.order`, die der Test zu Satz 9.4.1 permutiert — die Zeile haengt damit von der Schrittfolge ab, obwohl sie zum Trace gehoert. (3) `begin` rechnete den CRC ueber den lebenden Puffer `current`, `advance` schrieb Ticks spaeter aus demselben Puffer; dazwischen hatte sich der Wert geaendert, der CRC passte nicht mehr, und kein Slot galt. In den 13 Journal-Tests war `current` konstant — dort konnte der Fehler nicht auftreten.",Fehler,5.9; 9.4.1; 12.1,"Alle drei durch Tests belegt, die das Verhalten fahren statt den Text zu pruefen: der Stromausfalltest fuer jedes Byte des Schreibvorgangs (1), `theorem_9_4_1_holds_with_a_filled_store` mit drei Permutationen (2), und `the_loop_writes_the_journal_and_a_restart_reads_it_back`, der das Journal in `Runtime::step_persisting` mit einem Zaehler fahren laesst, der jeden Tick weiterzaehlt (3). Dazu eine Probe, dass der native Range-Test greift: ohne Pruefung im Codegen 41 Abweichungen.","Die Lehre ist dieselbe wie in FB-150, nur eine Stufe weiter: Dort prueften Tests den Text statt des Verhaltens, hier prueften sie das Verhalten — aber mit Eingaben, die sich nicht bewegten. Ein Journal, dessen Nutzlast zwischen zwei Polls konstant bleibt, ist ein Journal ohne Programm dahinter. Erst der Test, der die Tickschleife laufen laesst, stellt die Frage, die das Journal beantworten muss: Was passiert, wenn sich der Wert aendert, waehrend das Geraet noch schreibt? Der Reihenfolgefehler (2) zeigt etwas Aehnliches: Eine Zeile, die *neu* in den Trace kommt, muss die Zusagen erfuellen, die der Trace schon hat — und der Test zu 9.4.1 lief bereits, er musste nur ein Programm mit `persist` bekommen.","Behoben: `load` ist Vorbedingung, `poll` und `flush` verweigern ohne es. Die `persist`-Zeile laeuft ueber die Deklarationsreihenfolge (`runnable`), nicht ueber `self.order`. `begin` kopiert den Stand nach `stored` und schreibt daraus; `stored` ist damit zugleich Vergleichsstand und Kopie, ein dritter Puffer entfaellt. Ein Fehlschlag setzt `stored_len = 0`, der naechste Vergleich schreibt neu. Unterwegs eine Korrektur am eigenen Kommentar: Die Reihenfolge „Nutzlast vor Kopf"" schuetzt nicht allein — mit vertauschter Reihenfolge blieben alle Tests gruen, weil der CRC Kopf und Nutzlast deckt. Der Kommentar nennt sie jetzt die zweite Linie.",M5,hoch,behoben 2026-09-15,
FB-154,M5-Planung,"Der M5-Exit haengt an 14.7, und 14.7 uebersetzt nicht — aus drei Gruenden ohne Hardware","`EX-14.7` steht als blockiert durch Board 2. Das Referenzbeispiel selbst (definition.md 14.7, Zeilen 2458-2574) uebersetzt aber heute nicht, und keiner der Gruende ist Hardware. (1) 5.2 verlangt „genau ein `initial` je Verschachtelungsebene mit Kindern""; das Beispiel schreibt `initial SELFTEST` auf Maschinenebene, waehrend SELFTEST ein Kind von ACTIVE ist und ACTIVE kein eigenes `initial` hat. SC-8 lehnt das ab — die Pruefung folgt der Regel, das Beispiel nicht. (2) Die Bibliotheksbloecke `rising()` und `integrate[U]` aus 11.4 (LIB-rising, LIB-integrate, M6 offen) gibt es nicht; `prelude.takt` traegt bislang keinen einzigen Block, nur `clamp` und `lerp`. (3) Das Beispiel ruft `rising(charger)` wie eine Funktion in einem `if`; 11.4 fuehrt `rising` als Block, und ein Block braucht eine Instanz, deren `step` die Implementierung nur als Anweisung zulaesst — `if chg_edge.step(charger):` wird abgelehnt, `charge_as = coulomb.step(...)` nicht. Die Referenz nennt diese Anweisungsregel nicht ausdruecklich. Nebenbefund: `07_embedded_field.takt` ist nicht 14.7, sondern ein Feature-Mix mit 14.8-Anteilen (u32[B], Jobs, sha256); das Register hat fuer 14.7 keine Korpusdatei und keinen Golden-Trace.",Planung,14.7; 5.2; 11.4; plan.md 4 (M5-Exit),"Beispiel woertlich aus der Referenz extrahiert und mit `takt check` gefahren: SC-8 zweimal, SC-2 fuer `rising`, `integrate`, `coulomb`. Mit korrigiertem `initial` und zwei provisorischen Bloecken in der Syntax von `04_blocks_and_multirate.takt` bleibt genau ein Fehler, und der liegt an der Aufrufform von `rising` — alles andere (persist, idle, table, System-Channels `sys/image_state`, `Edge`-Muster, `after 7 d`) uebersetzt.","Der M5-Exit ist damit nicht nur durch Board 2 blockiert, sondern durch zwei Bibliotheksbloecke und zwei Referenzfragen — und die stehen alle in M6 oder nirgends. Die Entscheidung aus m5.md 3.6, nur `persist` und `idle` vorzuziehen, war nach dem Wortlaut des Beispiels unvollstaendig: Sie hat die Bibliothek nicht mitgezaehlt, weil 14.7 sie stillschweigend voraussetzt. Das ist genau der Fall, vor dem plan.md 1 bei Vorgehen D warnt — Features zwischen den Beispielen fallen durch. Hier fielen sie *im* Beispiel durch, weil niemand es woertlich uebersetzt hat.","Behoben 2026-09-16, anders als vorgeschlagen: (1) Das Beispiel traegt jetzt `initial ACTIVE` und `initial SELFTEST` in ACTIVE — die Regel aus 5.2 bleibt. (2) `rising`, `falling` und `integrate[U]` stehen im Prelude, in Takt geschrieben, sodass Interpreter und Codegen sie aus einer Quelle uebersetzen (Prinzip 4). (3) Der dritte Punkt war falsch gerahmt: 5.7 definiert `if rose(start):` ausdruecklich als anonyme Instanz je Aufrufstelle. Also musste nicht das Beispiel instanziieren, sondern das Sema die anonyme Form koennen. Sie entsteht ohne neuen MIR-Knoten — eine versteckte Instanz auf Maschinenebene und `tmp = inst.step(args)` vor der umgebenden Anweisung; Ausdruecke bleiben seiteneffektfrei (4.4). Erlaubt nur in Anweisungen (nicht in Guards) und nicht in `for`-Schleifen, wie 5.7 es verlangt; neun Tests in `blocks.rs`, darunter die Gleichheit der Traces von anonymer und benannter Form. Ergebnis: Das Referenzbeispiel 14.7 uebersetzt im Wortlaut, laeuft im Interpreter mit Plant-Modell und zwei Golden-Szenarien (`corpus-try/sim/14_7`), und Satz 9.4.1 gilt auch dort (permutierte Schrittfolge). Nativ fehlt ihm genau ein Konstrukt: das Record-Muster `when button matches Edge(rising = true) as e` — der Codegen senkt Muster nur als Text, und Record-Elemente haben im Byte-Ring noch keine Form. Das steht in `examples.rs` unter OPEN und in den Abnahmegrenzen (`LIMITS`); der Codegen bekam unterwegs `round`/`floor`/`ceil` mit Fault-Pfad und `abs` auf Floats. Der M5-Exit haengt damit an Board 2 und an dieser einen Codegen-Luecke, nicht mehr an der Bibliothek.",M5,hoch,behoben 2026-09-16,
FB-155,M6-Planung,Die v1.1-Positionen sind nicht unabhaengig,"plan.md 4 begruendet M6 als Vertikalen, „weil diese Features voneinander unabhaengig sind“, und definition.md 15 sagt: „jede Position ist unabhaengig von den anderen“. Beim Planen von M6 zeigt der Abhaengigkeitsgraph aus Referenz und Code sechs Ketten: Bibliothek (Ganzzahleinheiten, `[const N]`, Bloecke), Test (Szenarien, `takt test`, Coverage, Kampagnen, Stromausfall-Kampagne), Nachweis (`property`, `assumption`, Monitore, `prove`, Vertraege), Ausfuehrung (Jobs, Chunk-Natives, Projekt-Natives, 14.8), Ordnung (`follows`, Pruefung 33, Schrittordnung, 9.4.1) und Eingaben (Tunables, Stimulus, Replay).",Planung,plan.md 4; 15 (Stufenplan),"Je Konstrukt den Stand in Parser, MIR, Sema, Interpreter, Codegen und Runtime erhoben (vier Erhebungen, Fundstellen in plan/m6.md 0.1 und 3) und die Voraussetzungen aus der Referenz daneben gelegt: `takt test` fuehrt Szenarien aus (13.6), Kampagnen sammeln Verdikte und Coverage (13.7, 13.2), `prove` beweist Eigenschaften (13.3), `reader`/`writer` brauchen `[const N]` (3.12), `pid_i` braucht Ganzzahleinheiten (3.2).","Die Aussage gilt fuer die Sprachstufe — kein Konstrukt setzt ein anderes syntaktisch voraus, und jedes v1-Programm bleibt gueltig. Fuer die Arbeit gilt sie nicht: Ein Plan, der die Positionen als unabhaengig behandelt, baut `takt test` vor den Szenarien oder `prove` vor den Monitoren. Der Befund aendert die Reihenfolge, nicht die Referenzsemantik.","Entworfen in plan/m6.md 1.2 und 2.1: fuenf Straenge (Typen und Bibliothek, Ausfuehrung und Plattform, Zeit und Ordnung, Test und Nachweis, Analyse), innerhalb geordnet, untereinander parallel; fuer eine Person eine verzahnte Folge (Abschnitt 5). In plan.md 4 und definition.md 15 ist ein Satz nachzuziehen: unabhaengig als Sprachstufe, geordnet als Arbeit.",M6,mittel,"behoben 2026-10-04: definition.md 15 (v1.1) sagt jetzt: als Sprachstufe unabhaengig, als Arbeit geordnet (plan/m6.md 1.2); plan.md 4 sagte es schon",
FB-156,M6-Planung,`pulse_counter` ist nach 5.7 nicht schreibbar,"11.4 fuehrt `block pulse_counter()  step(edges: stream) -> int`. Ein Block hat nach 5.7 kein I/O und liest keine Channels; einen Strom als Parameter gibt es in der Grammatik nicht (`param := IDENT "":"" type`, und `stream<E>` ist ein Channel-Typ, kein Wertetyp). Der Eintrag ist damit heute nicht als Takt-Code schreibbar, obwohl er in der Bibliothek steht.",Widerspruch,11.4; 5.7; 2.3 (`param`),"Beim Planen der Bibliothek (plan/m6.md 2.9, Schritt 5) an der Signatur gescheitert; die uebrigen 21 Eintraege sind mit Bloecken, `T?`, `[U]` und `[const N]` schreibbar.","Der Zaehler selbst ist trivial; nur die Uebergabe des Stroms ist es nicht. Ein Strom als Blockparameter waere ein neuer Typbegriff mit Cursor-Fragen (wer konsumiert?) — genau die Sorte zweiter Begriff, die 8.6 vermeidet.","Referenz aendern, nicht die Sprache: `block pulse_counter()  step(n: int) -> int`, gerufen mit `s.count` je Tick. Zaehlt dasselbe, bleibt ein Block, braucht keinen neuen Typ. Mit Schritt 5 der M6-Folge umzusetzen, sobald die Aenderung bestaetigt ist. Behoben 2026-09-16 (M6 Schritt 5): `block pulse_counter()  step(edges: int) -> int`, je Tick mit `s.count` gerufen; 11.4 nennt die Form, der Golden-Trace `corpus-try/sim/11_4` treibt sie.",M6,niedrig,behoben 2026-09-16,
FB-157,M6-Umsetzung,Der maschinenweite `loop:` lief im Interpreter nicht im Tick 0,"Der differentielle Test von `36_int_units.takt` zeigte fuenf Abweichungen im Tick 0: Der erzeugte Code fuehrt den maschinenweiten `loop:` beim ersten Eintritt im Entry-Modus aus (`emit_init` nimmt `m.loop_block` in die Kette), der Interpreter nur im Modus RUN — im Tick 0 also gar nicht. Bis dahin unbemerkt, weil kein Korpusprogramm mit maschinenweitem `loop:` im Tick 0 einen Output berechnete, der vom `safe`-Wert abweicht.",Fehler,"1.5; 5.1; 5.2 (Regel 4); 9.3 (`exec_chain`, `entered`)","9.3 fuehrt den maschinenweiten `loop:` als `loop(root)` der Kette `root ⊂ s1 ⊂ … ⊂ sn` (5.1); `entered(C_old, C_new)` umfasst beim ersten Eintritt (C_old leer) die ganze Kette einschliesslich `root`. Der Codegen las das so, der Interpreter behandelte `root` als Sonderfall. Beim Nachziehen zeigte sich ein zweiter Rand: 14.2 faultete im Tick 0, weil seine Modell-Outputs ohne `safe` den Default 0 V liefern und der Treiberrand (12.6) das als `Bad` ausserhalb der Range einstuft — der Konformitätsrahmen markierte denselben Wert bisher unbesehen `Good`.","Dreierlei: (1) Der Interpreter fuehrt `loop(root)` beim ersten Eintritt im Entry-Modus aus, wie 9.3 es sagt; 1.5 nennt es jetzt ausdruecklich. (2) Der Konformitaetsrahmen prueft beim Binden eines `sim`-Outputs an einen Input die deklarierte Range und setzt sonst `Bad` — dieselbe Regel wie der Interpreter; `max_slew`/`debounce` bleiben dort offen. (3) 14.2 traegt an seinen Modell-Outputs den Anfangszustand der Strecke als `safe` (22 degC, 3.9 V), wie 14.7 seit FB-154. Einzige Traceaenderung im Korpus: 14.6 zeigt `i_dut_sim` schon im Tick 0.","Behoben in `takt-interp/src/machine.rs` (`switch`, `first_entry`), `takt-conformance/src/harness.rs` (`range_check`), `definition.md` 1.5 und 14.2, `corpus-try/sim/14_2/program.takt`; Golden 14.6 neu.",M6,hoch,behoben 2026-09-16,
FB-158,M6-Umsetzung,Vorlagen der Bibliothek sahen den Dateibereich des Nutzers,"Generische Funktionen und Bloecke werden bei der ersten Verwendung instanziiert, und das geschah im Dateibereich des Nutzers: Ein Programm mit einem Input `x` konnte `hysteresis` nicht instanziieren, weil dessen `step(x: ...)` mit dem Input kollidierte (`x ist schon definiert`, Festlegung 5); umgekehrt sah `pid` ein `clamp` des Nutzers statt des eigenen. Bis dahin unbemerkt, weil kein Korpusprogramm einen Namen der Bibliotheksparameter trug.",Fehler,"2.5 (Verdeckung, Festlegung 5); 3.12 (Instanziierung); 11.4","2.5 erlaubt dem Nutzer, Prelude-Namen zu verdecken, und Festlegung 5 verbietet Verdeckung innerhalb eines Programms; beides setzt lexikalische Bereiche voraus: Ein Rumpf sieht, was an seiner Definitionsstelle sichtbar ist, nicht was an der Aufrufstelle steht.","Ein Fehler der Sema, keiner der Referenz. Das Prelude ist jetzt ein eigener aeusserer Rahmen unter dem Dateirahmen; eine Vorlage aus dem Prelude wird ueber dem Prelude-Rahmen allein instanziiert, eine des Nutzers ueber beiden. Warnungen aus dem Rumpf einer Bibliotheksvorlage erreichen den Nutzer nicht, ein Fehler dort steht als interner Fehler an der Aufrufstelle.","Behoben in `takt-sema/src/symbols.rs` (`detach_inner(keep)`), `lower/generics.rs` (`with_env`, `library_diags`) und `lower/mod.rs` (`run`: eigener Dateirahmen). Tests `a_user_name_does_not_collide_with_library_parameters` und `the_library_uses_its_own_helpers` in `takt-sema/tests/stdlib.rs`.",M6,hoch,behoben 2026-09-16,
FB-159,M6-Umsetzung,Der erzeugte Code initialisierte Blockinstanzen nicht und nahm ihr step-Flag nie zurueck,"Der differentielle Test von `36_int_units.takt` mit `lowpass_i` und `pid_i` zeigte drei Luecken im Codegen: (1) `<m>_init_vars` uebersprang Blockinstanzen — Parameter und Zustandsvariablen blieben auf der Null des Speichers, `tau` war 0 und jede Verstaerkung 0; (2) das `stepped`-Flag (5.7) wurde gesetzt, aber nie zurueckgenommen — `step` lief nativ genau einmal; (3) `tick` war ausserhalb einer Maschine ein NotYet, und ein uebersprungenes Blockverfahren wurde nicht gemeldet, sodass erst der Linker das fehlende Symbol fand. Bis dahin unbemerkt, weil `18_blocks.takt` seinen Zaehler nur mit einem Command steppt, den der Test nie sendet, und kein Korpusprogramm einen Block mit Parametern durch den Codegen trieb.",Fehler,5.7; 9.4.4; 11.2,"9.4.4: Der Interpreter ist die Spezifikation — `instantiate_block` wertet die Argumente im Maschinenkontext aus und die Initialwerte im Rahmen der Instanz, `step_m` nimmt das Flag je Aktivierung zurueck.","Drei Fehler des Codegens, keiner der Referenz. Die Initialisierung folgt jetzt dem Interpreter (Parameter, dann Zustand im Kontext der Instanz, Flag zurueck), `reset()` nutzt denselben Helfer, das Flag geht zu Beginn jeder Schrittfunktion zurueck, `tick` ist in jedem Kontext die Konstante des Programms, und ein uebersprungenes Blockverfahren steht in `Lowered::skipped`.","Behoben in `takt-llvm/src/step.rs` (`init_instance`, `clear_stepped`), `block.rs` (`init_state`), `fns.rs` (`BlockVars::of_instance`), `expr.rs` (`Vars::builtin`) und `lower.rs`. `36_int_units.takt` treibt beide Integer-Bloecke durch den differentiellen Test.",M6,hoch,behoben 2026-09-16,
FB-160,M6-Umsetzung,Sichtbarkeit eines Job-Handles,"4.5 sagte „ein Job-Handle ist zustandslokal oder Maschinenvariable\“, nannte aber keine Deklaration dafuer: `job v = f(args)` ist die einzige Stelle, die ein Handle einfuehrt, und sie steht in einem Block (Sequenz, Aktionsblock). Ein Handle, das in einem anderen Zustand gelesen werden soll, hat keine Form.",Luecke,4.5; 2.5 (Sichtbereiche),"Die Faelle der Referenz (14.8, 07) lesen `v.done`/`v.result` in derselben Sequenz, in der `job` steht.","Fuer v1.1 genuegt: Das Handle lebt in der Maschine (Slot statisch, `Layout::job_slots`) und ist in dem Block sichtbar, in dem `job` steht; 4.5 sagt es jetzt so. Eine zustands- oder maschinenweite Sicht braeuchte eine Deklaration (etwa `var v : job` oder `job v` auf Maschinenebene) und kommt, wenn ein Programm sie braucht.",Umgesetzt 2026-09-16 (M6 Schritt 8) mit der engeren Regel; 4.5 nachgezogen.,M6,mittel,umgesetzt 2026-09-16,
FB-161,M6-Umsetzung,Ein `param` in einer Kapazitaet uebersetzte mit seinem Default,"`var buf : bytes<N> = default` mit `param N : int in 1..64 = 8` uebersetzte ohne Meldung zu `bytes<8>`: `const_int` faltete den Ausdruck, und `fold` setzt fuer einen Parameter seinen Default ein — richtig fuer Profile und Anfangswerte, falsch fuer eine Konstante. Bis dahin unbemerkt, weil kein Korpusprogramm einen Parameter als Kapazitaet benutzte; Pruefung 35 (Tunables) machte es sichtbar.",Fehler,8.4 (`param` ist zur Compile-Zeit unbekannt); Pruefung 35,"8.4: „`param` ist zur Compile-Zeit unbekannt, aber typ- und range-geprueft.“ Eine Kapazitaet ist eine Compile-Zeit-Konstante (3.9).","Ein Fehler der Sema. `const_int` prueft jetzt vor dem Falten, ob der Ausdruck einen Parameter traegt: `param` ergibt `zur Compile-Zeit unbekannt (8.4)`, `tunable param` Pruefung 35.","Behoben in `takt-sema/src/lower/mod.rs` (`const_int`, `first_param`); Test `a_tunable_is_no_compile_time_constant` in `takt-sema/tests/tunables.rs`, Pruefkorpus `checks/SC-35`.",M6,hoch,behoben 2026-09-16,
FB-162,M6-Umsetzung,Eine `line` war nie gleich einem `str`-Literal,"`e.text == ""a""` an der Bindung eines `stream<line<16>>` war im Interpreter immer falsch: Die Sema laesst den Vergleich zu, der Interpreter verglich `Value::Line` mit `Value::Str` als verschiedene Varianten. Gefunden beim Test des Handler-Guards (FB-14).",Fehler,8.6 (line); 4.4 (Vergleich),"Eine `line` ist ihr Text; `truncated` ist ein Flag der Lieferung, kein Teil des Werts.","Ein Fehler des Interpreters. `value::same` vergleicht Text mit Text, alles andere wie bisher; `==` und `!=` gehen darueber.","Behoben in `takt-interp/src/value.rs` (`same`), `eval.rs`, `arith.rs`; Test `the_guard_selects_the_handler`.",M6,mittel,behoben 2026-09-16,
FB-163,M6-Umsetzung,Eine Maschinenvorlage im Prelude stand in jedem Programm,"`register_machine` legte fuer jede Vorlage sofort einen Eintrag `MachineKind::Template` mit ihren Variablen an. Mit `flash_model` im Prelude bekam damit jedes Programm eine erste Maschine `flash_model` — vor den eigenen — und `takt size` rechnete ihre 73 KB (die `map` der Chunks) in jedes Budget, auch ohne Instanz; zudem zaehlte `size` die Platzhalter auch der Vorlagen aus der Nutzerdatei, obwohl ihr Rumpf nur in den Instanzen liegt.",Fehler,5.8 (Vorlagen); 11.5 (Speicherbudget),"Der Platzhalter ist eine Beschreibung der Vorlage, kein Speicher; das Prelude darf ein Programm nicht veraendern, das es nicht nutzt.","Eine Vorlage aus dem Prelude bekommt ihren Eintrag erst mit der ersten Instanz (`MachineTemplate.id: Option`), unmittelbar vor ihr; Vorlagen der Nutzerdatei bleiben, wo sie waren. `size` ueberspringt `Template`-Eintraege (Zustaende, sched-Warteschlangen, Scratch).","Behoben in `takt-sema/src/lower/machine.rs` (`template_entry`), `collect.rs`, `takt-mir/src/analysis/size.rs`; Test `the_library_template_appears_only_when_instantiated`.",M6,hoch,behoben 2026-09-16,
FB-164,M6-Umsetzung,`push`-Marken einer Maschine kollidierten mit denen einer Funktion,"`method_call` im Maschinenkontext nummerierte `push{n}`/`append{n}` mit dem Zaehler der Maschine, ohne Maschinennamen; Funktionen nehmen den Modulzaehler. Mit `flash_blank` (ein `push` in einer Schleife) im Prelude standen in `13_framing` zwei `push5:` in einem Modul. LLVM erlaubt das je Funktion, der Test `every_label_in_the_generated_ir_is_unique` nicht — derselbe Befund wie FB-72.",Fehler,13.8 (Codegen),"Marken sind modulweit eindeutig, damit ein Blick in die IR eindeutig ist.",Der Maschinenkontext nimmt fuer Sammlungsmethoden und den Step-Waechter der Bloecke den Modulzaehler (`m.next_label()`).,"Behoben in `takt-llvm/src/stmt.rs` (`method_call`, Block-Step).",M6,niedrig,behoben 2026-09-16,
FB-165,M6-Umsetzung,Der COFF-Zeitstempel machte Objektdateien zeitabhaengig,"`the_same_ir_yields_the_same_object` schlug unter Last fehl und lief allein durch: Dieselbe IR ergab zwei Objekte gleicher Groesse, verschieden in Byte 5 bis 8 — dem `TimeDateStamp` des COFF-Kopfes, den LLVM auf Windows-Zielen fuer den inkrementellen Linker von MSVC mit der Uhr fuellt. `SOURCE_DATE_EPOCH = 0` erreicht ihn nicht. Allein fielen beide Uebersetzungen in dieselbe Sekunde.",Fehler,11.3 (reproduzierbare Builds),"11.3 verlangt „keine Zeitstempel oder Pfade im Binary“; der Test hatte recht, die Flags nicht.","`Clang::deterministic` gibt `-mno-incremental-linker-compatible` mit: Dann schreibt LLVM null. Auf ELF ohne Wirkung, darum ohne Fallunterscheidung.","`Clang::deterministic` gibt `-mno-incremental-linker-compatible` mit: Das Objekt traegt null, und lld schreibt beim Linken im reproduzierbaren Modus (`/Brepro`) einen Hash des Inhalts statt der Uhr in den PE-Kopf. Auf ELF ohne Wirkung, darum ohne Fallunterscheidung. Der Test uebersetzt zweimal im Abstand einer Sekunde statt auf null zu bestehen.",M6,hoch,behoben 2026-09-16,
FB-166,M6-Umsetzung,"14.8 und 12.7: `boot_jump` mit `safe = NONE` an `u8`, Slot 0 waere kein Sprung","Die Referenz schrieb `output boot_jump : u8 @ hw(""sys/jump"") with safe = NONE` (12.7 und 14.8) und `boot_jump = idx as u8`: `NONE` ist kein `u8`, und ein Sprung in Slot 0 waere vom Safe-Wert nicht zu unterscheiden — die Runtime beendet den Lauf bei einem Wert ungleich null. Dazu nannte 14.8 ein eigenes `FlashCmd` mit `len` und `u32[B]`, waehrend die kuratierte Vorlage `flash_model` das Prelude-Enum mit `size` und Bytezaehlung ohne Einheit verlangt.",Fehler,"12.7, 14.8, 8.11",Der Safe-Wert ist 0 und heisst kein Sprung; ein Sprung in Slot k schreibt k + 1. Das Beispiel nutzt die kuratierten Namen.,"Referenz nachgezogen: `safe = 0`, `boot_jump = (idx + 1) as u8`, `FlashCmd` aus dem Prelude mit `size`, Adressen ohne Einheit; `corpus-try/sim/14_8/` ist der Wortlaut.",Nachgezogen 2026-09-16 (M6 Schritt 17).,M6,mittel,behoben 2026-09-16,
FB-167,M6-Umsetzung,Szenario-Namen mit Leerzeichen brechen die Trace-Zeilen,"`scenario ""no image""` ergibt Zeilen wie `verify no image ok ""…""`; T1 trennt Felder mit Leerzeichen, der Leser findet kein Anfuehrungszeichen. Ein Golden-Trace mit einem solchen Szenario liest sich nicht zurueck (`every_golden_trace_round_trips`), `replay` und `verify-trace` scheitern daran ebenso.",Fehler,"13.6, grammar/trace.md T1",Ein Maschinenname im Trace ist ein Wort. Die Grammatik erlaubt fuer Szenarien eine Zeichenkette.,"Entweder die Sema bildet den Namen auf ein Wort ab (`no image` -> `no_image`, `takt test --scenario` nimmt beide Formen) oder der Trace zitiert Namen mit Leerzeichen. Bis dahin: Szenario-Namen ohne Leerzeichen im Korpus (`14_8`).","Offen; klein, gehoert zu 13.6.",M7,niedrig,"behoben 2026-09-16 (M6 Schritt 27): der Maschinenname eines Szenarios ist der String mit `_` statt Leerraum (`takt_mir::machine::scenario_name`), 13.6 und trace.md T1 nennen die Regel; `--scenario` nimmt beide Schreibweisen",
FB-168,M6-Umsetzung,Im Tick 0 holte kein Treiber ab,"Interpreter und C-Rahmen leerten den Sendepuffer erst ab Tick 1 (`step`); ein `send` in `enter` eines Anfangszustands lag bis zum naechsten Tick, und der Trace zeigte im Tick 0 keine `out <strom>`-Zeile. Gefunden mit den Szenarien von 14.8, die den Flash im Tick 0 fuellen: Ihr Seed kam einen Tick spaeter, hinter dem ersten `READ`.",Fehler,"8.8, 9.4","Tick 0 ist ein Tick: Ausgaben werden committet, der Treiber holt seine Rate ab.","`Sim::init` leert die Sendepuffer wie `step` (`drain_tx`), der Writer zeigt die Bytes im Tick 0, der Rahmen ruft `takt_tx_commit(0)`.","Behoben in `takt-interp/src/system.rs`, `run.rs`, `takt-conformance/src/harness.rs`; kein Golden hat sich geaendert.","Behoben in `takt-interp/src/system.rs`, `run.rs`, `takt-conformance/src/harness.rs`; kein Golden hat sich geaendert, ein Test (`an_output_stream_appears_as_the_driver_takes_it`) erwartete das erste Byte einen Tick zu spaet.",mittel,behoben 2026-09-16,
FB-169,M6-Umsetzung,"Scratch liegt als `alloca` auf dem Stack, nicht in `.bss`","11.2 verlangt fuer Temporaerwerte einen statischen Scratch je Maschine in `.bss`. Der Codegen legt sie — bei `decode`, Index mit Laufzeitwert, `append` und jetzt bei den Matrizen — als `alloca` im Eintrittsblock der Schrittfunktion ab; LLVM hebt sie in den Rahmen. Die Groesse ist statisch und steht seit Schritt 18 in `Layout::scratch_bytes` (`takt size`, Posten `Scratch je Maschine`), der Ort ist der Stack der Schrittfunktion.",Abweichung,"11.2, 11.5, 12.3","Gemessen 2026-09-23 am UART-Stapel (`-fstack-usage`, `-Os`, rv32imac): `uart_link_step` 3 216 Byte Rahmen bei 8 260 Byte Temporaerwerten — die Lebensdauermarken (FB-214) legen die Slots uebereinander, wie 11.2 es fuer den Scratch verlangt. Ein Scratch je Maschine in `.bss` kostete die Summe ueber die Maschinen (rund 8 KiB), der Stack das Maximum (3,2 KiB), weil nur eine Maschine je Tick rechnet.","Entweder `.bss`-Scratch je Maschine im Zustands-Struct (ein Feld `Role::Scratch`, die `alloca`s werden `getelementptr`), oder 11.2 nennt den Stack als Ort und 12.3 rechnet `scratch_bytes` in den Programmanteil. Entscheidung mit dem Stack-Posten von 12.3.","Bewertet 2026-09-23: Auf dem Stack bleiben — die Wiederverwendung der Slots, die 11.2 meint, leisten die Lebensdauermarken; `.bss` je Maschine waere teurer als der geteilte Stack. Offen bleibt, dass `takt size` den Stack als `offen` fuehrt: Der Posten kann aus `-fstack-usage` des erzeugten Objekts `gemessen` werden (11.5). Entscheidung ueber eine Anpassung von 11.2 beim Nutzer.",mittel,offen,umgesetzt 2026-09-24,
FB-170,M6-Umsetzung,Die Soundness-Schleife von `takt prove` fand eine Luecke der Kodierung,"Der erste Bericht fuer 14.1 nannte die Pruefstelle `check chamber_p > IGNITION_P` (Sequenzsegment S2) nach drei Ticks erreichbar; der Interpreter bestaetigte den Pfad nicht. Ursache: Feuerbedingungen, die in den Bloecken eines Zustandswechsels (`exit`, `enter`, Entry-`loop`) aufgezeichnet wurden, trugen die Bedingung des Wechsels nicht — sie galten, als faende der Wechsel immer statt.",Fehler,"13.3, plan/m6.md 2.8","Genau der Fall, fuer den 2.8 die Schleife verlangt: Ein Gegenbeispiel muss im Interpreter die Eigenschaft verletzen, sonst ist die Kodierung falsch, nicht das Programm.","Behoben: `switch` bekommt die Pfadbedingung (`under`) und beginnt seine Bloecke damit; Gegenbeispiele und Pfade, die der Interpreter nicht bestaetigt, bleiben als „unbewiesen/unentschieden — Kodierung weicht ab“ mit dem Stimulus im Bericht sichtbar.",M6,,hoch,behoben 2026-09-16,
FB-171,M6-Umsetzung,"Text-Bindung im erzeugten Code ohne `t`, `seq`, `text`","`takt_stream_at` schrieb das Element an den Anfang der Bindungsvariablen — ueber die Captures und die Felder `t` und `seq` der Wrapper-Regel (8.7); in einer Handler-Kette bekam nur die Bindung des ersten Handlers das Element. `m.t` und `ev.text` in 14.6 lasen darum nativ andere Bytes als der Interpreter; die Abnahme sah es nicht, weil kein Golden-Stimulus eine Logzeile liefert.",Fehler,"8.7, 11.2","Beim Bau von Schritt 23 gefunden: Die Byteform eines Records passt nicht in eine Bindung mit vorangestellten Captures, also musste die Ablage ohnehin neu.","Satz 9.4.4: weicht der Codegen ab, ist der Codegen falsch. Der Fehler lag in der Ablage, nicht im Vergleich — die Muster trafen richtig.","Behoben mit Schritt 23: Das Element kommt in einen Scratch, `bind_element` schreibt `t`, `seq` und `text`/`data` an ihre Feldindizes, je Handler; `49_record_streams.takt` prueft `l.t`, `l.seq`, `l.text.len` differentiell.",M6,hoch,behoben 2026-09-16,
FB-172,M6-Umsetzung,Die Abnahme verglich Listen nur bis zum ersten Leerzeichen,"`same_number` in `takt-conformance/src/run.rs` nahm das erste Wort einer Ausgabe; bei `out tx [0x64, 0x3d, …]` war das `[0x64,` — jeder Sendepuffer und jedes Array galt als gleich, sobald das erste Element stimmte. Sichtbar wurde es, als der Rahmen Array-Outputs ausgab (14.7): `25_format` schrieb `{k:04}` von -2 nativ als `00-2`, der Interpreter `-002`.",Fehler,"9.4.4, 3.9, 12.5","Zwei Befunde in einem: der Vergleich war fuer Listen wirkungslos, und `digits_padded` setzte die Nullen vor das Vorzeichen.","Ein Vergleich, der nicht vergleicht, ist schlimmer als keiner — `24_send_has` und `43_sent` galten als gruen, ohne dass ein Byte hinter dem ersten geprueft war.","Behoben mit Schritt 23: Listen elementweise (`same_number` rekursiv), Array-Outputs mit `safe`-Literal und Ausgabe im Rahmen, Vorzeichen vor den Nullen (`takt-llvm/src/format.rs`).",M6,hoch,behoben 2026-09-16,
FB-173,M6-Umsetzung,Der Trace-Leser kannte keine Records,"T2 nennt `CanFrame(1, 2)` als Wertform; `parse_value` in `takt-interp/src/trace.rs` lehnte Records ab („kann der Trace nicht lesen“). Ein Stimulus fuer einen `stream<Edge>` war damit im Interpreter unmoeglich — 14.7 hatte darum nie einen Tastendruck im Szenario.",Fehler,"grammar/trace.md T2, 8.6",Beim Stimulus fuer `49_record_streams.takt` gefunden.,"Die Grammatik verspricht die Form, die Umsetzung fehlte; ein Leser, der weniger kann als sein Schreiber, macht Golden-Traces einseitig.","Behoben mit Schritt 23: `Name(feld, …)` positional, wie `value_text` ihn schreibt.",M6,mittel,behoben 2026-09-16,
FB-174,M6-Umsetzung,Satz 9.9.1: das Veralten einer Wake-Quelle ist ein Weckereignis,"Der Beweis von 9.9.1 nimmt an, dass ein `when`-Guard im `idle`-Zustand waehrend des Schlafs nicht feuert. Liest er eine Wake-Quelle mit `max_age`, faultet er in dem Tick, in dem ihre Abtastung veraltet (SensorFault) — ohne Schlaf im Tick 3, mit Schlaf erst beim naechsten Wecken. Der erste Testlauf zeigte genau diese Abweichung.",Referenzluecke,"9.9, 3.5, 12.6",Beim Bau von Schritt 24 gefunden (`takt-rt-linux/tests/sleep.rs`).,"Der Satz haelt, sobald das Veralten einer Wake-Quelle als Weckereignis gilt — das ist ein Treiberereignis, wie 12.6 sie nennt, und es aendert an Programmen nichts.","Behoben: 9.9 nennt das Veralten bei den Weckereignissen, der Beweis den Grund; `earliest_deadline` in `takt-interp/src/runtime.rs` rechnet den Tick aus `age` und `max_age`. Test: der Fault steht mit und ohne Schlaf im Tick 3.",M6,mittel,behoben 2026-09-16,
FB-175,M6-Umsetzung,Oktagone: die Kennzahl traegt den Bau nicht,"plan/m6.md 2.12 verlangte, vor dem Bau der Oktagon-Domaene zu messen, wie viele der verbliebenen impliziten Pruefungen eine Relation `±x ± y <= c` beweisen koennte. `takt check --report` zaehlt sie jetzt (`davon relational`: der Ausdruck nennt zwei Variablen oder Inputs, oder ein dominierender Vergleich hat seine Variable zu einer anderen in Beziehung gesetzt — eine Obergrenze). Ueber alle 56 uebersetzbaren Programme des Korpus (corpus-try, sim, feedback) bleiben nach der Intervallanalyse 116 implizite Pruefungen; 8 davon sind Kandidaten (7 %): eine in 45_journal_cut, drei in 14.7, vier in 14.8. Zehn Programme uebersetzen nicht (bekannte Luecken, Negativbeispiele, FB-93/94) und zaehlen nicht.",Befund,"3.4, plan/m6.md 2.12","Kennzahl mit `takt check --report` ueber corpus-try/*.takt, corpus-try/sim/*/program.takt und feedback/*.takt erhoben; Warnrauschen (`davon mit Warnung`) unveraendert.","Eine Domaene mit O(n³) je Verschmelzung, die `facts.rs`, `walk.rs` und ueber `prove.rs` den nativen Code beruehrt, fuer hoechstens 8 Pruefungen im ganzen Korpus: das Verhaeltnis traegt den Bau nicht. Die Referenz behaelt Oktagone als v1.1-Erweiterung; die Kennzahl bleibt im Report und entscheidet spaeter neu.","Nicht bauen (2.12: „Zeigt sie es nicht, bleibt die Referenz, wie sie ist“); `PAR-3.4-Oktagone_v1.1` zurueckgestellt; wer den Anteil wachsen sieht, misst mit `takt check --report`.",M6,mittel,entschieden 2026-09-16,
FB-176,Treiber-Beispiel uart,Textliteral in einem `bytes`-Strom blieb `str`,"`send app_tx, ""PING 1\n""` in einen `stream<bytes<1024>>` legte im Interpreter ein `str`-Element ab; `.len` ging, `payload[i]` in `make_data` brach mit `Bug(""Index auf str"")` ab. Die Sema laesst das Literal zu (8.8), der Wert hatte nur nicht die Form des Elements.",Fehler,"8.8, 3.9",Beim Kompilieren von `feedback/test_uart.takt` gefunden.,"Der Interpreter ist die Spezifikation (9.4.4); ein Element muss die Form seines Typs haben, egal wie es geschrieben wurde.",Behoben 2026-09-17: `as_element` wandelt Text beim `send` in Bytes (`takt-interp/src/system.rs`); `51_text_into_bytes.takt` differentiell.,M6,hoch,behoben 2026-09-17,
FB-177,Treiber-Beispiel uart,"Rahmen: Zustandspuffer zu klein, Abbild-Eintraege mit Padding adressiert","Der Konformitaetsrahmen reservierte je Maschine feste 4096 Byte; ein Zustands-Struct mit Bindungen ueber `bytes<1024>` (`for m in app_tx`) belegt mit Ausrichtung mehr, und der Schritt von `uart_link` ueberschrieb den Latch von `st_sim` — der Treiber sah ploetzlich einen ungueltigen Status und faultete. Daneben las der Codegen Abbild-Eintraege ueber einen LLVM-Struct (`{ wert, i8, i8, i64 }` mit Padding), waehrend Versatzrechnung und Rahmen ohne Padding summieren: `age` lag um zwei Byte daneben.",Fehler,"11.2, 13.8",Mit Druckbefehlen nach jedem Maschinenschritt im erzeugten Rahmen eingekreist.,Beides sind Layout-Zusagen zwischen erzeugtem Code und Runtime (11.2); eine feste Zahl und ein Struct-Zugriff sind zwei Quellen fuer dieselbe Groesse.,"Behoben 2026-09-17: `LlvmType::align`/`aligned_size`, `StateStruct::aligned_size` im Rahmen; Abbild-Eintraege byteweise ohne Ausrichtung (`image_slot`).",M6,hoch,behoben 2026-09-17,
FB-178,Treiber-Beispiel uart,`inout` schrieb nie zurueck,"Die Sema gab den `inout`-Parameter am Ende der Funktion zurueck (3.9), aber ein Aufruf als Anweisung galt als „Ausdruck ohne Wirkung"", und `-> T` neben `inout` wurde stumm angenommen — `cobs_encode(f.data, enc)` liess `enc` leer, im Interpreter wie nativ. Der Framer meldete `frames_out`, ohne ein Byte zu senden.",Fehler,"3.9, 4.4","Minimalbeispiel mit `fill(src, enc)` und `enc.len` in beiden Implementierungen.","3.9 nennt den Zucker: `fill(b, x)` als Anweisung steht fuer `b = fill(b, x)`; daneben kann `-> T` keinen zweiten Weg zurueck haben.","Behoben 2026-09-17: `inout_call` in der Sema (Anweisung → Zuweisung an die Stelle des Arguments), `inout` und `-> T` schliessen sich aus (Fehler mit Hinweis); 3.9 praezisiert; `54_inout.takt`, `takt-sema/tests/inout.rs`.",M6,hoch,behoben 2026-09-17,
FB-179,Treiber-Beispiel uart,"Rahmen ohne interne Stroeme, Szenarien und sim-gekoppelte Eingabestroeme; Faults nativ unsichtbar","`takt_stream_send` kannte nur Ausgabestroeme; ein `send` in einen internen Strom kam nie bei einem Leser an, Szenarien liefen nativ gar nicht, ein `sim`-Ausgabestrom speiste keinen `hw`-Eingang, und ein Fault des erzeugten Codes stand nirgends im Trace — der Vergleich sah nur andere Outputs.",Luecke,"8.6, 8.3, 13.6, 13.8",Beim ersten nativen Lauf von `51_text_into_bytes.takt` und des Treibers.,"Ohne interne Stroeme prueft die Abnahme keinen geschichteten Treiber; ohne Szenarien nicht, was `takt test` prueft.","Behoben 2026-09-17: Ringe im Lauf mit Unit-Delay und Freigabe unter dem kleinsten Cursor (`takt_stream_examined(s, m, seq)` traegt die Maschine), `build_scenario`/`run_native_scenario`, Kopplung beim Commit (`takt_couple`), `takt_fault(m, from)` im ABI; `tests/scenarios.rs`.",M6,hoch,behoben 2026-09-17,
FB-180,Treiber-Beispiel uart,"Codegen: Elementformen, `for` ueber Fenster, `s as e`, `wrap_*`, `count`, Padding, Arrays im Draht","`send` eines Skalars oder Records legte den LLVM-Wert roh in den `{ len, bytes }`-Puffer; `for x in s` (ForEach) war nicht gesenkt, ebenso `until s as e`, `x.wrap_u8()`, `s.count`; ein Record-Literal ohne Padding-Feld hatte zu wenige Elemente; `encode` schrieb ein Array-Feld als `i24`. Jedes davon liess eine Schrittfunktion aus — und `takt build` meldete es nur auf stderr, das Objekt entstand trotzdem.",Luecke,"11.2, 8.6, 3.7, 3.10",Reichweite mit `takt build` (Zeilen `_step fehlt`) und dem Treiber vermessen.,plan/m6.md 2.2 legt die kanonische Byteform als Elementform fest; der Codegen hatte sie fuer `send` noch nicht.,"Behoben 2026-09-17: kanonisches `send` (`encode_canonical`), `for_window`/`for_items`, `next_element`, `Accessor::Wrap`/`Count`, Padding als `default` im Literal (Sema), Arrays in `wire.rs`; `52_padding_fields.takt`, `53_stream_kinds.takt` differentiell.",M6,hoch,behoben 2026-09-17,
FB-181,Treiber-Beispiel uart,Hoechstlaenge eines Sendewerts nahm die Drahtgroesse,"`max_len` in der Sema nahm fuer Records `wire_size` (nur mit `layout`, sonst 1) — fuer `send pulses, Pulse(...)` ohne `layout` war der Sendepuffer ein Byte gross.",Fehler,"8.8, plan/m6.md 2.2",Beim kanonischen `send` im Codegen aufgefallen.,Die Elementform ist die kanonische Byteform; ihre Groesse ist `bytes::max_size`.,Behoben 2026-09-17: `max_len` = `max_size` fuer alles ausser Text.,M6,mittel,behoben 2026-09-17,
FB-182,Treiber-Beispiel uart,"`feedback/test_uart.takt`: sechs Programmfehler, Ringgroessen, TX-Deadlock","Zeile 173 `rest : u32` (der Rest von `Hz % Hz` traegt Hz), `.with_bit` auf dem Record statt auf `flags`, `UartData(byte = ev)` statt `ev.data`, `if not buf.push(...)` (`push` ist Anweisung), `stable[10 us]` unter dem Tick, `f0 : u8` in `u32`; vier Stroeme ohne `capacity_bytes` fuer die Hoechstlast (Lemma 9.6.1); COBS mit `inout` neben `-> bool`; die TX-Pumpe des Framers wartete in `SYNC` auf ein Nullbyte, das im Loopback nie kommt, bevor sie selbst sendete.",Befund,"3.2, 3.7, 3.9, 4.4, 8.6, 8.7, 13.3","Mit `takt check`, dann mit einer Probe ohne v1.2 (Ports zu Kanaelen) in beiden Implementierungen.","Die Beispiele sollen das volle Arsenal pruefen, nicht fruehe Fassungen; die v1.2-Teile (`port`, `driver machine`, `resume`) bleiben stehen, bis die Stufe da ist.","Behoben 2026-09-17 in der Datei; Bitfelder als Sichten (3.7), COBS ohne Rueckgabetyp mit leerem Puffer als Fehler, TX-Pumpe maschinenweit. Ohne v1.2 laeuft das Loopback-Szenario im Interpreter und nativ bitidentisch (PASS nach 316 Ticks); `port`/`resume` melden weiter v1.2. — M8 Schritt 19: mit v1.2 uebersetzt das Programm ganz, und beide Szenarien bestehen (`crates/takt-conformance/tests/driver_uart.rs`). Dabei fielen vier Dinge auf, die die Probe ohne Ports nicht zeigen konnte: Der Framer startete in `SYNC` und verschluckte den ersten Frame, weil COBS mit dem Nullbyte *endet*, auf das `SYNC` wartet; `de_before_data` war als `always(P implies stable[T0](P))` geschrieben und hiesse damit „P faellt nie""; die RS-485-Richtung fiel im selben Tick, in dem das letzte Byte hinausging; und `app_tx2` hatte keinen Leser (seit FB-213 entfaellt es ganz). Zwei weitere Befunde sind eigene Zeilen (FB-212, FB-213).",M6,hoch,behoben 2026-09-22,
FB-183,Treiber-Beispiel servo,"Einheitenalgebra: `Hz*inc` und `inc/s`, `rpm^2`","`feedback/test_servo.takt`: `v.to(Hz) * inc_per_rev` hat den Typ `float[Hz*inc]`, erwartet ist `float[inc/s]`; `rpm^2` (rpm = 0.01666… Hz) meldet „Faktor nicht darstellbar"".",Befund,3.2,Mit `takt check feedback/test_servo.takt`.,"3.2 ist nominal: `Hz*inc` und `inc/s` sind verschiedene Einheiten, `.to(1 1/s)` wandelt exakt; `rpm^2` scheiterte nur an der dezimalen Definition — `unit rpm = 1 1/min` ist exakt und potenzierbar.","Im Programm behoben (`v.to(1 1/s) * inc_per_rev`, `unit rpm = 1 1/min`); Dezimalfaktoren als Rational zu fuehren bleibt eine Frage an 3.2.",M6,mittel,behoben 2026-09-17,
FB-184,Treiber-Beispiel servo,Negative Literale als Betrag geprueft,"`param LO : float[inc] in -100..0 inc = -20 inc` und `i16 = -32768`: die Sema prueft den Operanden von `-` fuer sich — `20 inc` liegt nicht in `-100..0`, `32768` nicht in `i16` — statt das negative Literal als einen Wert zu nehmen.",Fehler,"3.1, 3.2",Mit `takt check feedback/test_servo.takt`; `takt-sema/tests/negative_literals.rs`.,"Ein negatives Literal ist ein Wert; Breite und Range gelten fuer ihn, nicht fuer seinen Betrag.",Behoben: die Sema faltet das Vorzeichen in das Literal.,M6,hoch,behoben 2026-09-17,
FB-185,Treiber-Beispiel servo,Frueher Ausstieg dominiert nicht,"`if not f.valid: break` (oder `return`) und danach `f.id`: die Sema warnt SC-45 und setzt einen impliziten Check, obwohl 3.5 Dominanz „durch dieselbe Flussanalyse wie Definite Assignment"" verspricht; nur `if x.valid:` und `check x.valid` galten.",Luecke,"3.5, 3.8",Mit `takt check feedback/test_servo.takt`; `takt-sema/tests/dominance.rs`.,"Ein Zweig, der unter `not x.valid` den Block immer verlaesst (`return`, `break`, `abort`), bewacht den Rest wie `check x.valid`. Eine Transition nicht: im Entry-Tick ist `->` wirkungslos (5.2).",Behoben in der Sema (`always_exits`).,M6,mittel,behoben 2026-09-17,
FB-186,Treiber-Beispiel servo,Pruefung 43 zaehlt eine Sequenz statisch,"`stream<SdoFrame> sdo_req_q with capacity = 8`: `nmt_master` sendet in einer `sequence` zehn SDO-Anfragen, je eine bis zum naechsten `until` — SC-17 zaehlt alle zehn als Elemente je Aktivierung und verlangt `capacity = 10`.",Hinweis,"8.6, Pruefung 43",Mit `takt check feedback/test_servo.takt`.,"Die Referenz nennt die statische Hoechstzahl von `send` je Aktivierung; eine Sequenz laeuft je Tick nur bis zu ihrem naechsten Halt, die Zahl ist also eine Obergrenze, keine scharfe.","Offen: SC-17/43 duerfen Segmente einer `sequence` getrennt zaehlen; das Programm setzt bis dahin `capacity = 10`. Behoben 2026-09-23: `max_sends` zaehlt Bloecke ausserhalb der Sequenzen in der Summe und in einer Sequenz das Maximum je Segment (Grenzen wie in 6.2, `else`-Zweig eines `timeout` als eigenes Segment).",M7,niedrig,behoben 2026-09-23,
FB-187,Treiber-Beispiel servo,`break` in einem Handler,"`on tx_q as f: … break` wollte ein Element je Tick abarbeiten; die Sema liess das `break` durch, der Interpreter brach mit „Sprung ausserhalb einer Funktion"" ab.",Fehler,"4.4, 8.6",`takt test feedback/test_servo.takt`; `takt-sema/tests/break_placement.rs`.,`break` gehoert in `for` (4.4); ein Element je Tick heisst `for f in s: … break` — die uebrigen Elemente bleiben im Strom (8.6).,Behoben: SC-8 meldet `break` ausserhalb von `for`; der Treiber nutzt `for f in tx_q`.,M6,hoch,behoben 2026-09-17,
FB-188,Treiber-Beispiel servo,`max_rate = 100 kHz` zaehlte als 100 Hz,"Die Sema nimmt jede Frequenzeinheit an, legt aber die Zahl unveraendert ab; Sema (MAXPT, `sent`), Interpreter (Sendepuffer) und Konformitaetsrahmen lesen sie als Hz. `can_tx` mit 100 kHz wurde mit einem Byte je Tick geleert und lief nach 27 Ticks ueber.",Fehler,"8.6, 8.8",`takt-sema/tests/semantics.rs` (`a_prefixed_rate_counts_in_hertz`).,"Eine Rate ist in Hz definiert; der Faktor der Einheit (`kHz`: 1000, `1/min`: 1/60) gehoert in die Zahl, sobald sie in der MIR liegt.",Behoben in der Sema (`in_hertz`); alle Leser bleiben.,M6,hoch,behoben 2026-09-17,
FB-189,Treiber-Beispiel servo,Record-Elemente mit `bytes<N>`-Feld auf Stroemen,"`can_rx_sim : stream<CanFrame>` (mit `data : bytes<8>`): der Interpreter schrieb die kanonische Form variabler Laenge in den Sendepuffer und schnitt beim Koppeln in Stuecke von `max_size` — kein Element kam an; nativ dasselbe (`len = n`, Kopplung in `max_size`-Breite).",Fehler,"plan/m6.md 2.2, 8.3",`corpus-try/55_frames_with_bytes.takt` differentiell (Interpreter ≡ nativ).,"2.2 legt je Element `bytes(E)` fester Laenge fest; ein `bytes<N>`-Feld macht die kanonische Form variabel, der Slot muss auf `max_size` gefuellt sein.","Behoben: `send` fuellt auf `max_size` (Interpreter `element_bytes`, Codegen `send`); der Leser dekodiert das Praefix (`decode_slot`).",M6,hoch,behoben 2026-09-17,
FB-190,Treiber-Beispiel servo,Szenarien ohne Trace,"`takt test` meldet FAIL nach N Ticks, aber nicht warum; `takt run` fuehrt kein Szenario aus.",Hinweis,"13.6, 12.5",`takt test feedback/test_servo.takt --out DIR`.,Ohne Trace ist ein Szenarioversagen nicht zu deuten; `takt campaign --out DIR` hat die Form schon.,Behoben: `takt test --out DIR` schreibt je Szenario `NAME.trace`.,M6,mittel,behoben 2026-09-17,
FB-191,Treiber-Beispiel servo,Programmfehler im Servo-Treiber,"Neben FB-183/184: das Plant-Modell las einen nie deklarierten Strom `can_rx_model` und wertete keine Kommandos aus; `sim`-Outputs fuer Host und Pruefstand fehlten (Szenarien konnten weder freigeben noch stoppen); `estop_sim` ohne `safe` faultete den Antrieb in Tick 0; Record-Konstruktoren mit `i32` statt `i32[inc]`; `s*Hz*inc` statt `inc`; Enums als Zahl ins Drahtformat; das Quick-Stop-Szenario pruefte den Stillstand vor der Rampe; `sto_when_disabled` verlangte denselben Tick, obwohl der maschinenweite `loop:` vor dem Zustand laeuft (5.1); `fault_is_fail = true` neben einem fault-basierten Netzverlust.",Befund,"3.2, 3.7, 5.1, 8.3, 8.8, 13.5, 13.6",Mit `takt check` und `takt test --out`; alle drei Szenarien PASS (262/799/465 Ticks).,"Die Beispiele sollen das volle Arsenal pruefen: das Modell liest `can_tx.sent` (8.8) und antwortet auf NMT, RPDO und SDO; Szenarien stellen Host und Pruefstand ueber `sim`-Outputs (13.6).","Behoben 2026-09-17 in der Datei; `fault_is_fail = false`, weil Netzverlust ein Fault mit Fault-Ziel ist; die Eigenschaft mit `eventually[1 ms]`.",M6,hoch,behoben 2026-09-17,
FB-192,Board 2 (ESP32-C6),Periodenrechnung mit ganzzahligen Nanosekunden je Schritt,"`takt-board-support::counts_for` und `period_ns` rechneten ueber `ns_per_count` = 1e9 / f als Ganzzahl: bei 16 MHz (SYSTIMER) 62 statt 62,5 ns, die 1-ms-Periode wurde zu 16129 Schritten und 999 998 ns — acht Promille daneben, ohne Fehler.",Fehler,"7.1, 12.3",`tick` auf dem ESP32-C6 (nominal 999 998 ns); Tests in `clock.rs`.,"„Ein falscher Prescaler bricht nichts, er verschiebt nur die Zeit"" — genau das; die Rechnung muss exakt sein, nicht nur fuer 1-MHz-Timer.",Behoben: `counts_for` und `period_ns` rechnen in `u128` exakt; `ns_per_count` bleibt fuer die Schrittdauer.,M6,mittel,behoben 2026-09-17,
FB-193,Board 2 (ESP32-C6),`build.rs` nimmt ein veraltetes `takt`,"`find_takt` in den Bring-up-Skripten (F401 und C6) nimmt `<target>/release/takt.exe`, wenn es existiert — auch aus einem Stand vor M6. Das Objekt hatte dann nur `heartbeat_step`, der Rahmen fand `init_vars`/`enter` nicht, der Linker brach ab; nichts sagte, dass das Werkzeug alt war.",Hinweis,"12.3, 13.8","Bau von `takt-bringup-esp32c6` mit altem Release-Werkzeug. Wieder aufgetreten in M8 Schritt 20 (2026-09-22): Der Bring-up nahm ein `takt.exe` von vor Schritt 22; `cargo build -p takt-cli --release` vorweg half. Der Befund steht also nicht nur historisch da — er trifft jeden, der das Board nach einer Sprachänderung anfasst.","Ein Bau, der still ein altes Werkzeug nimmt, ist nicht reproduzierbar (13.8).","Offen: `build.rs` soll das Werkzeug bauen oder seinen Stand pruefen (Version oder MIR-Hash); bis dahin `cargo build -p takt-cli --release` vor dem Bring-up. Behoben 2026-09-23: `build.rs` prueft die Aenderungszeit von `takt.exe` gegen jede Quelle der Compiler-Crates und bricht mit dem Dateinamen ab, wenn das Werkzeug aelter ist. Belegt durch Antasten von `takt-llvm/src/lib.rs`: der Bau bricht mit FB-193 ab.",M6,mittel,behoben 2026-09-23,
FB-194,Board 2 (ESP32-C6),MCU-Rahmen: Zustandspuffer aus einer Schranke,"`takt_conformance::mcu` reservierte je Maschine `vars*8 + states*16 + 64` Byte; der Zustands-Struct des Codegens (Bloecke, Puffer, `bytes<64>`-Felder) ist groesser — bei `39_sha256` rund 700 gegen 128. Der erzeugte Code schrieb ueber den Puffer hinaus, auf dem Board bis in die Stack-Wache (`esp-hal`: Schreibzugriff auf den Wachwert). Auf dem Wirt fiel es nie auf: Dort gilt seit FB-177 die exakte Groesse.",Fehler,"11.2, 12.3",`39_sha256.takt` auf dem ESP32-C6; nach der Korrektur 37 Programme mit 0 Abweichungen.,"Ein Puffer, den der Rahmen „nur bereitstellt"", muss so gross sein wie das, was der Codegen hineinschreibt — die Schranke war eine Vermutung.","Behoben: `state_struct(m, p).aligned_size()` wie im Linux-Rahmen (FB-177).",M6,hoch,behoben 2026-09-17,
FB-195,Board 2 (ESP32-C6),MCU-Rahmen trug nur Skalare,"`takt_conformance::mcu` kannte weder die Stroeme (`takt_stream_*`), noch Natives (`takt_native_*`), `sim`-Bindungen, Monitore (`takt_property`), Fliesskommazahlen, Arrays und vorzeichenlose Werte im Trace; jeder Ausgang brauchte einen Treiber `takt_out_*` am Board. Von 25 Programmen liefen 1.",Luecke,"12.1, 12.3, 13.8",Korpuslauf `board_esp32c6.rs`.,Der Rahmen war fuer den Heartbeat geschrieben; die Konformitaet auf Hardware (13.8) verlangt denselben Umfang wie der Linux-Rahmen.,"Behoben: Natives (`harness::natives`), Stroeme (`streams::emit` mit `Trace::Board`), `sim_bindings`, Monitore, `takt_board_trace_{u64,f64,hex8}`, schwache Defaults fuer `takt_out_*`.",M6,hoch,behoben 2026-09-17,
FB-196,Board 2 (ESP32-C6),USB-Serial-JTAG nach dem Flashen stumm,"Im ersten Lauf nach einem langen Bau las der Test 30 s lang nichts, nicht einmal den ROM-Bootloader; derselbe Lauf ging danach durch. Der USB-Serial-JTAG legt nach `probe-rs download` neu an, und der erste Reset traf ihn offenbar davor.",Hinweis,13.8,`board_esp32c6.rs`; 1 von 74 Laeufen.,"Ein Lauf ohne ein einziges Byte ist kein Befund am Programm, sondern am Kanal.","Behoben: ein zweiter Reset, wenn der erste Mitschnitt leer bleibt; ein Lauf mit Ausgabe wird nicht wiederholt.",M6,niedrig,behoben 2026-09-17,
FB-197,Board 2 (ESP32-C6),Flash-Journal blockiert den Tick,"`esp-storage` loescht und schreibt ueber die ROM-Routinen mit abgeschaltetem Cache; ein Journal-Schreibvorgang (Sektor loeschen, Nutzlast, Kopf) kostete im Lauf von `35_persist` drei bis vier Ticks zu 10 ms — die Schleife meldet sie als verpasste Ticks.",Befund,"12.3 (`xip_flash`), 5.9","`board_esp32c6.rs`; mit `57_persist_often` (`min_interval = 0`) gemessen: 16 Schreibvorgaenge, 429 verpasste Perioden ohne RAM-Residenz, 400 mit — Zahlen, die `TimerClock::missed` beim Aufholen mehrfach zaehlte (FB-203); korrigiert 54, mit Log-Journal 4. Loeschen hoechstens 49,9 ms, Programmieren 0,12 ms.","Teilweise behebbar, und die Grenze ist Hardware: Eine Sektorloeschung ist unteilbar und dauert laenger als der Tick, also vergehen Perioden. Was zaehlt, ist die Semantik — die logische Zeit haengt am SYSTIMER, nicht an der Schleife (FB-198), und der Trace bleibt der des Interpreters (Satz 9.4.4).","Behoben, soweit der Chip es zulaesst (Schritt 7): Tick-ISR, Wartepfad und der erzeugte Takt-Code liegen im RAM (`#[ram]`, `rwtext_hook.x`), und `esp-storage` laeuft ohne `critical-section`, sperrt die Interrupts also nicht. Die verbleibenden Perioden zaehlt `the_journal_costs_time_but_not_semantics` und schreibt sie hin, statt sie zuzusichern. Wer sie nicht verlieren darf, waehlt `min_interval` so, dass zwischen zwei Schreibvorgaengen Luft bleibt — dafuer ist es da.",M5,hoch,behoben 2026-09-17,
FB-198,Board 2 (ESP32-C6),ISR-Zaehler verliert Ticks unter gesperrten Interrupts,"Die Tickzahl kam aus einem Zaehler in der Alarm-ISR. Sperrt eine Flash-Operation die Interrupts laenger als eine Periode, faellt danach *ein* Alarm an, und der Zaehler uebersieht die Ticks dazwischen; die Schleife saehe weder Verzug noch verpasste Ticks.",Fehler,"7.1, 12.3",`tick`-Bring-up, Journal-Lauf.,"Der Zaehler ist die Zeit, der Interrupt nur das Wecken: Der SYSTIMER laeuft weiter, ein ISR-Zaehler nicht., Behoben: `SystimerTick::ticks()` teilt den SYSTIMER-Stand durch die Schritte je Tick; die ISR misst nur noch die Periode.",M6,hoch,behoben 2026-09-17,
FB-199,Board 2 (ESP32-C6),`TimerClock` wartete auf das naechste Ereignis statt auf die Frist,"`wait_until(deadline)` ignorierte die Frist und wartete ein Tick-Ereignis ab. Nach `n` virtuellen Ticks (9.9) rueckt die Schleife ihre Frist um `n + 1` Perioden vor; die Uhr wartete trotzdem nur eine — das Programm lief der Zeit davon, und `missed` zaehlte falsch.",Fehler,"9.9, 12.3",`takt-rt-baremetal/src/clock.rs`, drei Tests; `56_idle_timer` auf dem Board.,"Satz 9.9.1 verlangt denselben Trace mit und ohne Schlaf; das geht nur, wenn die Uhr die geschlafenen Perioden wirklich abwartet., Behoben: die Uhr wartet, bis der Zaehler die Frist erreicht; liegt sie zurueck, sind die Ticks dahinter verpasst.",M6,hoch,behoben 2026-09-17,
FB-200,Board 2 (ESP32-C6),`esp-println` verwirft Bytes unter Last,"Der USB-Serial-JTAG-Drucker von `esp-println` wartet bei vollem FIFO 50 000 Schleifendurchlaeufe und gibt dann den Rest des Aufrufs auf. Bei einer Zeile je Tick zu 10 ms fehlte im Korpuslauf (`25_format`, t=22) das Ende einer `tx`-Zeile samt der naechsten; der Vergleich meldete eine Abweichung, die das Programm nicht hatte.",Fehler,13.8,`board_esp32c6.rs`; einmal in vier Laeufen.,"Ein Trace-Kanal, der unter Last still verliert, entwertet jeden Vergleich (9.4.4): Eine fehlende Zeile sieht aus wie ein Programmfehler.","Behoben: eigene Telemetrie auf dem `esp-hal`-Treiber (`uart.rs`) — je Byte bis 50 ms auf Platz warten, ein Paket je Zeile; erst danach gilt der Host als abwesend, und eine Sekunde lang wird verworfen, damit ein Board ohne Leser nicht steht.",M6,hoch,behoben 2026-09-17,
FB-201,Board 2 (ESP32-C6),`takt size` wies RAM-residenten Code nicht aus,"Auf XIP-Zielen liegen Tick-Code und tick-gelesene Konstanten im RAM (12.3), und 10 Zeile 39 verlangt, das gegen `iram` zu pruefen. Die Sektionsmessung kannte nur `.text`/`.rodata`/`.data`/`.bss`; `.rwtext` und `.trap` fielen als `.r…` in die Flash-Konstanten, und der Posten fehlte im Bericht.",Luecke,"12.3, 11.5, 10 (Pruefung 39)","`takt size --object` auf dem C6-Abbild: 8788 Byte in `.trap` und `.rwtext`, vorher im Flash gezaehlt.","Ein Budget, das RAM-residenten Code dem Flash zuschlaegt, laesst ein Programm passen, das den RAM sprengt — die Pruefung zeigte in die falsche Richtung.","Behoben: `Sections` traegt `iram_text` und `iram_rodata`, `takt size` einen eigenen Posten mit eigener Grenze. Teilen sich Daten und Code denselben Bereich (`ram == iram`, wie auf dem C6), prueft `takt size` die Summe beider gegen die eine Grenze.",M5,mittel,behoben 2026-09-17,
FB-202,plan/nvm.md,Die Overrun-Policy hatte keine Syntax,"7.3 nennt die Reaktion auf einen Ueberlauf konfigurierbar (`fault` oder `alert`), aber kein Systemeintrag traegt sie; die Runtime bekam `Policy::Fault` als Konstante im Bring-up. Ein Programm konnte die Freigabe, die Pruefung 32 auf blockierendem NVM verlangt, nirgends aussprechen.",Luecke,"7.3, 2.3",Grammatik und `takt-rt-core::Policy`.,"Eine Wahl, die die Referenz dem Programm zuschreibt, muss im Programm stehen — sonst entscheidet das Board (Leitsatz 18).","Behoben: `system: overrun = fault | alert` (Default `fault`), kein Logikanteil; `takt build --emit consts` exportiert `OVERRUN_ALERT`, das Bring-up nimmt es.",M5,mittel,behoben 2026-09-17,
FB-203,Board 2 (ESP32-C6),`TimerClock::missed` zaehlte beim Aufholen mehrfach,"Die Uhr addierte bei jedem `wait_until` den ganzen Rueckstand. Nach einem Stillstand von fuenf Perioden holt die Schleife fuenf Ticks nach, und jeder davon zaehlte den Rest erneut: 5 + 4 + 3 + 2 + 1 statt 5. Die 400 verpassten Perioden aus Schritt 7 waren so ueberhoeht; wirklich waren es 54.",Fehler,"12.3, 7.3",`58_persist_alert` mit gemessener Loeschzeit (49,9 ms = 5 Perioden) gegen die gemeldete Zahl.,"Ein Zaehler, der Verluste mehrfach bucht, macht jede Messung daran wertlos — und die Board-Tests bauen auf ihm., Behoben: Gezaehlt wird nur der Zuwachs des Rueckstands; ein Test mit Aufholen und zweitem Stillstand (`clock.rs`).",M5,hoch,behoben 2026-09-17,
FB-204,plan/nvm.md,Das Journal loeschte je Schreibvorgang,"Jeder Eintrag begann mit einer Sektorloeschung, auch wenn der Slot fast leer war: Stillstand und Verschleiss je Eintrag statt je Sektor. Bei 4 KiB und 36 Byte je Eintrag sind das 113 Loeschungen, wo eine reichte.",Luecke,"5.9, 12.3",`58_persist_alert` auf dem C6: 16 Loeschungen fuer 16 Eintraege.,"5.9 verlangt Ping-Pong der Slots, nicht der Eintraege; die Loeschung ist die teure Operation (FB-197).","Behoben: Slotformat Version 2 — Eintraege werden angehaengt, geloescht wird erst der andere Slot bei vollem aktiven; ein nicht geloeschter Rest sperrt den Slot. Auf dem C6: 21 Eintraege, eine Loeschung, vier verpasste Perioden.",M5,hoch,behoben 2026-09-17,
FB-205,Board 2 (ESP32-C6),Die physische Zeit je Tick stand nirgends,"Die Runtime misst je Tick `took`, `drift`, `overrun` und `slept` und reicht sie an den `Sink`; kein Sink schrieb sie mit. Ein Ueberlauf war damit gezaehlt, aber keinem Tick zuzuordnen, und die Board-Tests konnten nur Summen pruefen — genau die Luecke, in der FB-203 unentdeckt blieb.",Luecke,"7.3, 12.3, 12.5",`58_persist_alert` auf dem C6: 60 Zeitzeilen, `takt timing` nennt Tick 1 mit 40,"6 ms Rueckstand., Die logische Taktgenauigkeit ist mehrfach belegt (Golden-Traces, Permutationslauf, Differential, Hashkette, Replay); die physische hatte kein Werkzeug. Beides gehoert getrennt — und beides sichtbar., Behoben: Metazeile `t=<k> time took=<ns> drift=<ns> slept=<n>` in `grammar/trace.md`, geschrieben von den nativen Runtimes, ausserhalb von kanonischer Ordnung, Hashkette und Vergleich (12.5). `takt timing` rechnet daraus die vier Kennzahlen und nennt die spaetesten Ticks. `TimerClock::missed` entfaellt; `Overrun` faltet `drift` je Tick.",M5,mittel,behoben 2026-09-17,
FB-206,plan/esp32c6.md,Innerhalb eines Ticks gab es keine Sicht,"Der Trace zeigt je Tick, was beobachtbar ist; zwischen zwei Zeilen liegen alle Anweisungen. Wer wissen wollte, welche Zuweisung welchen Wert schrieb, hatte nur `log` und `measure` im Programm.",Luecke,"13.1, 11.2",`takt sim --steps` auf einem Zaehlerprogramm: zwei Zeilen je Tick mit Wert; auf dem C6 `pc device 869`.,"Ein deterministischer Lauf braucht keinen Haltepunkt: Der Schrittmitschnitt eines Ticks ist so gut wie einer darin, und er veraendert den Lauf nicht.","Behoben: `takt sim --steps DATEI` schreibt je ausgefuehrter Anweisung `t=<k> step <maschine> <zeile>:<spalte> [= <wert>]`; der Interpreter liefert Byteversaetze, das Werkzeug macht Zeile und Spalte daraus. Auf dem Chip gibt `takt_mcu_pc` den Programmzaehler je Maschine aus, wenn `--instrument statements` gebaut wurde (11.2).",M5,mittel,behoben 2026-09-17,
FB-207,Projektstruktur,Sprache und Board-Code liegen unsortiert nebeneinander,"Der Workspace fuehrt heute beides in `crates/`: was zur Sprache gehoert und ohne das niemand mit Takt arbeiten kann (`takt-syntax` bis `takt-cli`, `takt-rt-core`, die Profilaufsaetze, `libtaktm`), und was ein einzelnes Board betrifft (`takt-board-stm32f401`, `takt-board-esp32c6`, die Bring-up-Crates). Die Board-Crates sind eigene Workspaces wegen `unsafe`, aber die Grenze steht nirgends geschrieben: Wer Takt ausliefert, weiss nicht, was dazugehoert.",Befund,"11.1, 9.5","`ls crates/`: 21 Crates, davon vier boardspezifisch; 11.1 nennt sie nicht.","11.1 listet die Komponenten der Sprache; die Board-Crates stehen dort nicht und sollen es auch nicht — sie sind TCB je Chip (9.5), nicht Sprache. Was fehlt, ist die ausdrueckliche Trennung: ein Verzeichnis oder eine Konvention, die sagt, was ausgeliefert wird und was Beispiel ist.","Offen, spaeter aufzuraeumen: Board- und Bring-up-Crates in ein eigenes Verzeichnis (etwa `boards/`), 11.1 und `plan/plan.md` Abschnitt 3 nennen die Grenze, und die Konformitaetstests sagen, welche Crates zur Auslieferung gehoeren. Kein Sprachanteil, reine Ordnung.",M7,niedrig,offen 2026-09-18,
FB-208,M8 Schritt 1,Der Codegen fuehrt nur einen `t_in_state` statt einen je Ebene,"11.2 nennt `t_in_state: [u64; DEPTH]`, und der Struct hat das Array auch — geschrieben und gelesen wird aber nur Index 0. Ein `after` an einem zusammengesetzten Zustand liest damit den Timer des Blatts: Es feuert, wenn das Kind lange genug steht, nicht der Elternteil. Der Interpreter fuehrt je Ebene einen Timer und ist korrekt.",Fehler,"5.2, 11.2","`60_resume.takt` mit `after 30 ms` an WORK und `after 20 ms` an WORK.FIRST: der Interpreter wechselt bei t=3, der native Code bei t=5 (38 Abweichungen). Mit Commands statt der aeusseren Frist sind beide gleich.","Satz 9.4.4 gilt fuer solche Programme nicht — der Codegen ist falsch, nicht der Interpreter. Der Fall ist bisher nicht aufgefallen, weil kein Korpusprogramm `after` auf zwei Ebenen derselben Kette hatte.","Offen: `reset_time`, die Erhoehung am Schrittende und `after` bekommen die Ebene des Zustands statt der festen Null; der Interpreter zeigt die Semantik. Danach `60_resume.takt` auf die Fassung mit verschachtelten Fristen zurueckstellen. Behoben 2026-09-23: `t_in_state` je Zustand (plus einer fuer das Blatt, `time_in_state`); `after` liest den Zaehler seines Zustands, `_deadline` rechnet je Blatt das Minimum ueber die Kette. `73_after_levels.takt` prueft zwei Fristen auf einer Kette gegen den Interpreter.",M8,hoch,behoben 2026-09-23,
FB-209,M8 Schritt 2,"`expect` und `alert` tragen keine Anforderungsreferenz, obwohl 13.4 sie nennt","13.4 sagt, jeder `check`, `expect`, `alert`, `verify` traegt optional eine `req`-Referenz. Geparst wird sie nur an `check` (`parser/stmt.rs:290`) und `verify` (`:370`). `expect` ist ein Sequenzelement (`parser/machine.rs:487`) ohne `req`, `alert` (`:296`) ebenso. Ein `expect … req ""SR-1""` ist heute ein Syntaxfehler.",Luecke,13.4,"`expect dut.state == CLOSED, ""x"" req ""SR-1""` → `erwartet Zeilenende, gefunden `req``. Der Report (M8 Schritt 2) deckt darum nur `check` und `verify` ab; `requirements.rs` kennt `SiteKind::Expect` bereits.","Kein Fehler im Report, sondern eine fehlende Grammatikzeile. Die Rueckverfolgung ist ohne `expect` unvollstaendig: gerade Abnahmeschritte in Sequenzen sind die Stellen, die eine Anforderung belegen.","Offen: `req` in die Produktionen von `expect` und `alert` aufnehmen (Grammatik, AST, Parser, Formatter, Golden), dann in `requirements.rs::referenced` ergaenzen — `SiteKind::Expect` steht schon. Klein, aber Grammatikarbeit; passt zu Schritt 14, der die Bitfeld-Produktionen ohnehin anfasst. Behoben 2026-09-23: `req` an `expect` und `alert` (Grammatik 2.3, AST, Parser, Formatter, S-Ausdruck, MIR, Kodierung, `requirements::referenced` mit `SiteKind::Alert`); `03_sequences_and_faults` und `10_nuances` tragen je eine Referenz.",M8,mittel,behoben 2026-09-23,
FB-210,M8 Schritt 8,"Ein Instanz-Array laesst sich deklarieren, aber nicht indiziert lesen","`instance cells[i in 0..3] = cell(idx = i)` legt vier Maschinen an und deklariert `Entity::MachineArray`. Gelesen wird der Eintrag nie: `lower/expr.rs` baut `MachineRef` ausschliesslich mit `index: None` (`:1816`), und `cells[k].value` scheitert schon an der Namensaufloesung (`SC-2: cells ist nicht definiert`). `Entity::MachineArray` wird an genau einer Stelle geschrieben und an keiner gelesen.",Luecke,5.11,"`corpus-try/10_nuances.takt:148` deklariert `twins[i in 0..2]`, indiziert sie aber nie. Ein Testprogramm mit `cells[k].value` meldet SC-2.","plan/m8.md 2.2 nimmt an, die Sema senke das schon und nur der Codegen melde `NotYet` — das stimmt nicht. Der Codegen-Teil ist mit Schritt 8 da (`psi::load_indexed`, Regionen liegen hintereinander und sind gleich gross), die Sema-Seite fehlt ganz.","Offen: `Entity::MachineArray` in der Namensaufloesung lesen, `cells[k]` als `MachineRef { machine: erste, index: Some(k) }` senken, Index gegen die Laenge pruefen (3.4). Der Codegen nimmt es dann ohne Aenderung. Eigener Schritt, nicht Teil von 8. Behoben 2026-09-23: Instanzen auf Dateiebene werden vor den Maschinenruempfen angemeldet (Ids, Name, Schnittstelle, Wertparameter in derselben Reihenfolge wie der Rumpf); `cells[k].member` senkt zu `MachineRef { index }`, ein Literal wird beim Uebersetzen, ein gerechneter Index zur Laufzeit geprueft — Interpreter (`machine_index`, Fault `Range`) und Codegen (`icmp ult` vor `load_indexed`). Elemente heissen `NAME_i`, weil Rahmen und Codegen Symbole daraus bilden. `74_instance_index.takt` in der Differenzsuite.",M8,mittel,behoben 2026-09-23,
FB-211,M8 Schritt 13,Der Codegen bildet kein Enum mit Feldern ab,"`ty::lower` liefert fuer ein Enum nur dann einen Typ, wenn alle Varianten feldlos sind (`ty.rs:136`); sonst `None`, und die Schrittfunktion faellt mit `NotYet: Typ` aus. Das trifft `CaptureCmd` (8.9, `ARM(pre, level, edge)`), `EfuseCmd` (`BURN_MIN_VERSION(version)`) und `FaultKind::ARITHMETIC(kind)`.",Luecke,"3.6, 11.2","`corpus-try/66_capture.takt` mit `output cap_arm : CaptureCmd`: `ctrl_step fehlt: Typ`. Ohne den Kanal uebersetzt dasselbe Programm. Zaehlung 2026-09-23 ueber `corpus-try`: Nur `45_journal_cut` bleibt nativ ausgespart (`flash_cmd : FlashCmd` mit `ERASE(sector)`, `PROGRAM(addr, size)`, `READ(addr, size)`; dazu `flash_step` mit einem Index auf `bytes`).","Der Interpreter fuehrt solche Werte laengst (`Value::Enum { variant, fields }`); nur der Codegen fehlt. Die Kommando/Status-Muster aus 8.11 haengen daran — `capture`, `flash`, `efuse` nennen alle ein Enum mit Feldern.","Offen: `ty::lower` gibt einem Enum mit Feldern ein Struct aus Diskriminante und dem groessten Variantenrumpf (11.2 nennt die Form beim Musterabgleich schon); `stmt`/`expr` bauen und lesen es. Eigener Schritt, nicht Teil von 13. Entwurf 2026-09-23: `ty::lower` gibt `{ i32, [W x i64] }` (Diskriminante, groesster Variantenrumpf, 8-ausgerichtet); `self_variant` baut ueber eine typisierte Sicht auf die Nutzlast, `bind_fields` liest sie so; `==` vergleicht bytegleich (Nutzlast bei Bau genullt); `persist`/`bytes` kanonisch `8 + worst` wie `bytes::size_at`; beide Rahmen schreiben `NAME(f1, f2)` wie `value_text`. Dazu `Place::Index` auf `bytes<N>` (Feld 1). Eigener Schritt mit Differenztest auf `45_journal_cut`.",M8,mittel,umgesetzt 2026-09-24,
FB-212,M8 Schritt 19,"Ein Register, das beim Lesen weiterschaltet, ist im Sim-Build nicht darstellbar","Ein Port liest im Sim-Build den Modellwert des Ticks (12.9, `mmio/ADR/r`), und der ist innerhalb des Ticks derselbe. Ein UART-Datenregister, das bei jedem Lesen das naechste Byte der FIFO liefert, laesst sich damit nicht modellieren: Sechzehn Lesevorgaenge in einer Schleife lieferten sechzehnmal dasselbe Byte. `feedback/test_uart.takt` musste seine RX-Pump auf ein Byte je Tick umstellen, um im Interpreter zu laufen — auf der Zielhardware waere die Schleife richtig.",Luecke,"12.9, 8.3","`feedback/test_uart.takt` gegen sein Geraetemodell; mit Schleife blieb `frames_in` auf 0, mit einem Byte je Tick bestehen beide Szenarien.","Die Bindung an ein Channelpaar ist fuer Pegelregister (Status, Steuerung, Baudrate) genau richtig und kostet nichts. Sie trifft nur den Sonderfall des lesenden Pops. Der Schreibweg kann es laengst — `mmio/ADR/w` ist ein Strom und fuehrt jeden Vorgang einzeln.","Offen: Der Lesekanal koennte wahlweise ein Strom sein (`mmio/ADR/r` als `stream<Rec>`), aus dem ein Portlesen ein Element entnimmt; ein Pegelkanal bliebe der Default. Damit waere die Asymmetrie zwischen Lesen und Schreiben weg. Eigener Schritt, nicht Teil von 19.",M8/M9,mittel,umgesetzt 2026-09-24,
FB-213,M8 Schritt 19,"Pruefung 43 kennt die Szenarien-Ausnahme nicht, die Pruefung 26 macht","13.6 sagt: „zwei Szenarien duerfen denselben Output stellen, weil sie nie zusammen laufen"". Fuer Outputs setzt `checks.rs` das um (SC-7/SC-26 zaehlen Szenarien gesondert). Fuer interne Stroeme nicht: `lower/stream.rs` traegt einen Schreiber ein und meldet jeden zweiten als SC-43, auch wenn beide Szenarien sind. `feedback/test_uart.takt` braucht darum `app_tx2` neben `app_tx` — zwei Stroeme fuer dieselbe Sache, nur damit die Pruefung schweigt.",Inkonsistenz,"8.6, 13.6",Beide Szenarien auf `app_tx`: `error[SC-43]: interner Stream `app_tx` hat mehrere Schreiber`.,"Dieselbe Begruendung, dieselbe Ausnahme — nur an zwei Stellen umgesetzt und an einer vergessen. Der Besitzer eines Stroms sollte wie bei Outputs die Nicht-Szenario-Maschine sein.","Offen: `stream.rs` zaehlt Szenarien gesondert wie `checks.rs` es fuer Outputs tut; `def.writer` bekommt den ersten Nicht-Szenario-Schreiber. Klein, aber eine Semantikaenderung — eigener Schritt. Behoben 2026-09-23: `lower/stream.rs` laesst zwei Szenarien denselben Strom senden, wie Pruefung 26 es fuer Outputs macht; ein Szenario neben einer Maschine bleibt SC-43 (`tests/scenario_streams.rs`). `app_tx2` ist aus allen drei UART-Programmen entfernt.",M8,mittel,behoben 2026-09-23,
FB-214,Board 2 (ESP32-C6),Ein Puffer als Wert kopiert macht aus 1836 IR-Zeilen 656 000 Assemblerzeilen,"`crates/takt-bringup-esp32c6/programs/test_uart_c6_hw.takt` (der Treiberstapel ohne Modell) uebersetzt zu 2,3 MB Objektcode und laesst sich nicht linken: `.rwtext will not fit in region RAM, overflowed by 1830304 bytes`. Die Ursache steht in der IR: Der Codegen laedt und speichert `bytes<1024>` als Aggregatwert (`load { i32, [1024 x i8] }`, 172 solcher Kopien allein in `uart_link_step`) statt `llvm.memcpy` zu rufen. LLVM senkt das zu einzelnen Byte-Zugriffen mit je eigener Adressrechnung — gezaehlt: 92 164 `lui`/`sub`-Paare in einer Funktion. `uart_link_step` wird 1,3 MB, `uart_framer_step` 448 KB. Zum Vergleich: `uart0_port.takt` (zwei Ports, keine Puffer) sind 3904 Byte.",Befund,"9.4.4, 11.2, 12.3","Objektgroessen der drei C6-Programme verglichen; IR und Assembler von `uart_link_step` ausgezaehlt (`llvm-objdump -t`, Befehlshistogramm). Auf x86_64 faellt es nicht auf — dort ist der Speicher da.","Auf Linux ist es eine Unschoenheit, auf dem MCU der Unterschied zwischen laeuft und passt nicht. Es trifft jedes Programm mit `bytes<N>` ueber ein paar hundert Byte, also genau die Protokollschichten, fuer die `bytes` gedacht ist. Der Interpreter kennt das Problem nicht (er reicht Werte weiter), also faellt es erst am Board auf — spaet.","Behoben 2026-09-22 in fuenf Schritten, alle mit derselben Wurzel — der Codegen war durchgehend wertbasiert, also materialisierte jeder Lesegriff das ganze Aggregat. (1) Grosse Aggregate gehen per Zeiger durch die Signatur (`sret`, Zeigerparameter) wie in C und Rust; `LlvmType::indirect` haelt die Schwelle an einer Stelle. (2) `Module::copy` kopiert Stelle zu Stelle ueber `llvm.memmove` — `memmove` und nicht `memcpy`, weil ein `inout` dieselbe Stelle als Quelle und Ziel gibt (3.9); mit `memcpy` verlor `39_sha256` seinen Hashwert. (3) `Vars::address` liefert die Adresse, wo es eine gibt; darauf bauen `field_of`, `.len`, `index_of` und `assign`, die vorher alle den Vollwert luden. (4) `alloca` liegt jetzt immer im Eintrittsblock — gezaehlt waren 150 ausserhalb, davon 98 grosse; die Annahme, LLVM hebe sie dorthin, gilt in einer Schleife nicht. (5) Argumentkopien und `zeroinitializer` ohne Umweg ueber den Wert. Der Bounds-Check ist dabei von `sge`+`slt`+`and` auf ein `icmp ult` geschrumpft. Gemessen: der Treiberstapel `test_uart_c6_hw.takt` von 2 310 468 auf 367 732 Byte (Faktor 6,3); die Beispielfunktion mit `bytes<1024>` als Parameter und Rueckgabe von 71 736 auf 10 440 Byte, gegen 1020 Byte in C. Offen bleibt der Rest: `Lowered` traegt weiter einen Wert und keinen Zeiger, weshalb `encode`, `slice` und ein `call` mit `sret` ihr Ergebnis am Ende doch laden; `insertvalue`-Ketten bei grossen Array- und Matrixliteralen; abgerollte Reduktionen ohne Obergrenze. Nachtrag 2026-09-23: `alloca` im Eintrittsblock liess jeden Slot fuer die ganze Funktion leben — `uart_link_step` hatte 15 488 Byte Rahmen und ueberlief den Stack des C6. Jetzt mit `llvm.lifetime.start/end` je Slot (Beginn bei der Anlage, Ende am Anweisungsende), sodass LLVM Slots uebereinanderlegt: 256 Byte Rahmen. Objekt 357 016 Byte. Nachtrag 2 (2026-09-23): Der Rest ist behoben. `Module::copy` und `memset` messen mit `aligned_size` — `size` packt, das Layout nicht; ein aufgefuellter Record (`70_padded_record`) verlor so sein letztes Feld. `vec<T, N>` war im Codegen gar nicht abgebildet (FB-216). `lower_into`/`store` schreiben Aufruf (`sret`), Teilbereich und Literal unmittelbar an die Stelle; ein Literal, das sein Ziel liest, bleibt ein Wert (`reads`). Lauter konstante Elemente werden eine LLVM-Konstante statt einer `insertvalue`-Kette. Grosse Argumente gehen als `ptr readonly` auf ihre Stelle (FB-218). Reduktionen lesen an der Stelle, abgerollt bis acht Elemente, darueber als Schleife in derselben Reihenfolge (4.2). `send` liest die Stelle und kopiert den kleineren von Wert- und Puffertyp. Ein Index im Ziel: erst der Wert, dann die Stelle, wie der Interpreter (Satz 9.4.4) — der erste Schritt hatte die Reihenfolge fuer `sret` gedreht. `-Os` fuer MCU-Ziele. Gemessen: `test_uart_c6_hw` 55 628 Byte (vorher 357 016, Anfang 2 310 468), keine Aggregatlast ueber 16 Byte mehr; `takt_fn_build` mit `bytes<1024>` als Parameter und Rueckgabe 180 Byte Text. Geprueft mit `71_places.takt` in der Differenzsuite. Nachtrag 3 (2026-09-23): 36 `alloca` standen noch ausserhalb des Eintrittsblocks (Zaehler der Fenster- und Musterschleifen, Scratch der Handler, `format`) — LLVM kann solche Slots nicht in Register heben. Jetzt alle ueber `Module::alloca`; UART-Stapel 23 556 auf 23 344 Byte Text.",M8/M9,hoch,behoben 2026-09-22,
FB-215,Board 2 (ESP32-C6),"`takt size` rechnet 81 KB, der Linker verlangt 1,78 MB `.bss`","`test_uart_c6_hw.takt` linkt nicht: `.bss will not fit in region RAM, overflowed by 1784752 bytes`. `takt size` weist fuer dasselbe Programm 80 777 Byte aus (11 941 Maschinenzustaende, 68 800 Stroeme, 36 Prozessabbild), und die Zahl ist als „belastbar"" markiert. Zwischen der Analyse und dem, was der erzeugte C-Rahmen tatsaechlich anlegt, liegt also mehr als das Zwanzigfache.",Befund,"11.5, 11.2","Nach der Behebung von FB-214 verlagerte sich der Linkfehler von `.rwtext` (Code, 1,83 MB Ueberlauf) auf `.bss` (Daten, 1,78 MB). Der Code ist damit nicht mehr die Ursache.","11.5 ist die Grundlage jeder Speicherzusage — `takt size` sagt, ob ein Programm auf ein Board passt. Wenn die Zahl um den Faktor zwanzig danebenliegt, ist die Zusage wertlos, und zwar nach oben *und* unten: Ein Programm koennte abgelehnt werden, das passte.","Offen: Die Sektionen des erzeugten Objekts gegen die Posten von `takt size` stellen und die Differenz benennen. Verdacht ist der Rahmen (`mcu.rs`), der Puffer je Kanal und je Strom anlegt, ohne dass die Analyse sie fuehrt — aber das ist eine Vermutung, keine Messung. Behoben 2026-09-23: Der C-Rahmen legte die internen Ringe als Rechteck an — jeder Ring bekam die groesste Kapazitaet mal das groesste Element (7 × 256 × ~1050 Byte). Jetzt ein Pool mit Versatz und Schrittweite je Ring, wie `takt size` rechnet: `g_int_pool` 52 160 statt 1 878 016 Byte. Der Treiberstapel linkt fuer den C6.",M8/M9,hoch,behoben 2026-09-23,
FB-216,Codegen-Durchsicht (FB-214),"`vec<T, N>` hatte im Codegen keinen Typ","`ty::lower` kannte `Type::Vec` nicht: Jede Maschine mit einem `vec<T, N>` bekam „kein Zustands-Struct"" und lief nur im Interpreter. Der Typ ist ein `{ i32, [N x T] }` wie `bytes<N>`, und `push`/`append` rechnen laengst damit.",Befund,"3.9, 11.2","`70_padded_record.takt` mit `vec<Padded, 4>` in der Differenzsuite.","Ein Sammlungstyp aus 3.9, den der native Weg nicht uebersetzt — jeder Treiber mit einem `vec` fiel still auf den Interpreter zurueck.",Behoben 2026-09-23: `Type::Vec` senkt wie `bytes<N>`.,M8/M9,mittel,behoben 2026-09-23,
FB-217,Codegen-Durchsicht (FB-214),`min`/`max` ueber `u8`-Felder verglichen mit Vorzeichen,`reduce.rs` nahm fuer jede Ganzzahl `icmp slt`/`sgt`; `LlvmType::Int` traegt kein Vorzeichen. Ein `[4] u8` mit 200 und 3 gab 200 als Minimum. Der Interpreter vergleicht den Wert.,Befund,"8.9, 3.2, Satz 9.4.4","`71_places.takt` (`bytes8.min()`, `.max()`) gegen den Interpreter.","Ein falsches Ergebnis ohne Fault — genau die Abweichung, die Satz 9.4.4 ausschliesst.",Behoben 2026-09-23: `elem_signed` aus dem Elementtyp; `ult`/`ugt` fuer vorzeichenlose Elemente.,M8/M9,hoch,behoben 2026-09-23,
FB-218,Codegen-Durchsicht (FB-214),Grosse Argumente wurden zweimal kopiert,"`call_with` kopierte jedes indirekte Argument in einen Slot, und `prologue` kopierte den Slot noch einmal in einen eigenen — bei `crc16_ccitt(body, …)` zweimal 1028 Byte je Aufruf, obwohl der Rumpf `body` nur liest.",Befund,"11.2, 9.4.3",IR von `test_uart_c6_hw.takt` gelesen.,"Kostet Zeit und Stack auf dem MCU, wo beides knapp ist; C und Rust reichen einen `const`-Zeiger.","Behoben 2026-09-23: Zeiger auf die Stelle (`ptr readonly`), Kopie nur im Rumpf und nur fuer Parameter, die er schreibt (`assigned`). Ein Argument, das das `sret`-Ziel liest, bekommt weiter einen Slot — sonst schriebe der Aufruf in seine Quelle.",M8/M9,mittel,behoben 2026-09-23,
FB-219,Codegen-Durchsicht (FB-214),`xs = xs[1..]` kopierte mit `memcpy` ueber sich selbst,"`slice_into` rief `llvm.memcpy`, dessen Quelle und Ziel sich nicht ueberlappen duerfen; ein Teilbereich der eigenen Stelle tut genau das. Undefiniert, nicht sichtbar falsch — bis LLVM es ausnutzt.",Befund,3.9,`71_places.takt` (`buf = buf[1..buf.len]`) gegen den Interpreter.,Undefiniertes Verhalten in erzeugtem Code ist ein Zertifizierungsgrund (13.4).,Behoben 2026-09-23: `memmove`.,M8/M9,mittel,behoben 2026-09-23,
FB-220,Board 2 (ESP32-C6),Handler aller Ebenen in einem Durchlauf: der Vorfahr nahm dem Nachfahren jedes Element,"`step.rs` sammelte die Handler der Maschine und aller Zustaende des aktiven Pfads in eine Liste und liess `dispatch` einmal ueber das Fenster laufen — je Element gewann der erste passende Handler, also immer der des Vorfahren. 8.7 sagt: Handler laufen unmittelbar nach dem `loop:` ihrer Ebene, Vorfahren vor Nachfahren, und jede Ebene sieht das ganze Fenster; `exec_chain` im Interpreter tut genau das. Im UART-Stapel quittierte der Handler von `RECEIVING` jede DATA, aber `AWAIT_ACK` sah die ACK nie: 40 Wiederholungen, eine von elf Zeilen zugestellt, und ein laengerer `ACK_TIMEOUT` aenderte nichts. Dazu liefen alle `loop:`-Bloecke vor allen Handlern, sodass ein `loop:` des Nachfahren nicht sah, was der Handler des Vorfahren im selben Tick schrieb.",Befund,"8.7, 9.3, Satz 9.4.4","Board: nach der Behebung 10 von 11 Zeilen ueber den Draht, 0 Wiederholungen, 0 CRC-Fehler; `72_handler_levels.takt` in der Differenzsuite (Zaehler je Ebene, Reihenfolge von `loop:` und Handler).","Eine Abweichung vom Interpreter ohne Fault — genau das, was Satz 9.4.4 ausschliesst. Sie traf jedes Programm mit Handlern auf zwei Ebenen desselben Stroms, und Szenarien im Interpreter konnten sie nicht sehen.","Behoben 2026-09-23: je Ebene erst der `loop:`, dann ihre Handler, wie `exec_chain`.",M8/M9,hoch,behoben 2026-09-23,
FB-221,Board 2 (ESP32-C6),Der C-Rahmen legte Elemente variabler Laenge in Slots fester Groesse ab,"8.6 legt `line<N>`/`bytes<N>` in einen Byte-Ring der Groesse `capacity_bytes` mit einem Deskriptorring `(seq, t, off, len)`; der Rahmen gab jedem Element seine volle Kapazitaet — `stream<bytes<1024>>` mit `capacity = 8, capacity_bytes = 1024` belegte 8 416 statt 1 216 Byte. `takt size` rechnete daneben Slots *und* Byte-Ring zusammen (55 296 Byte, wo der Rahmen 43 776 anlegte). Der Commit kopierte ausserdem je Tick alle verbleibenden Elemente nach vorn, bis 8 KB `memcpy` je Strom, und Fenster wie Zugriff suchten linear.",Befund,"8.6, 9.6, 11.5","Objekt des Bring-ups (`llvm-size`): `.bss` des Rahmens 57 128 auf 36 744 Byte; `takt size` fuer `test_uart_c6_hw.takt` 66 387 auf 34 387 Byte. Differenzsuite und MCU-Rahmentests gruen; auf dem Board dasselbe Verhalten (10 von 11 Zeilen, 0 Wiederholungen).","RAM ist auf dem MCU das knappe Gut, und `expect_len`/`capacity_bytes` sind in 8.6 genau dafuer da — der Rahmen ignorierte sie. Dazu eine Speicherangabe, die um den Faktor 1,6 danebenlag (11.5).","Behoben 2026-09-23: Byte-Ring mit Deskriptoren je Strom (auch fuer feste Elemente, `CAPB = CAP * N`), Freigabe von vorn ohne Kopie, Fensteranfang als Nummerndifferenz und Fensterende als Zahl der Elemente dieses Ticks — alles O(1). `takt size` rechnet `capacity_bytes + capacity * 24`. Der Rahmen kopiert ein Element beim Lesen weiter in den Scratch; ein Zeiger in den Ring spart das, sobald der Deskriptor ohne Umbruch liegt (offen).",M8/M9,hoch,behoben 2026-09-23,
FB-222,Codegen-Durchsicht (FB-214),Der Schritt trug den Code jeder Zwischenebene so oft wie sie Blaetter hatte,"`write_step` erzeugte je Blatt einen Zweig mit dem ganzen aktiven Pfad: `loop:` und Handler der Maschine und aller Vorfahren standen in jedem Zweig noch einmal. Der Handler von `RECEIVING` im UART-Stapel (Rahmen pruefen, CRC, zwei `send`) stand viermal im Objekt; `uart_link_step` war 6 178 Byte. Dazu trug `_init` den Rumpf von `_init_vars` und `_enter` ein zweites Mal.",Befund,"5.2, 8.7, 11.2","`test_uart_c6_hw.takt` fuer `riscv32imac`: Text 23 128 auf 16 140 Byte; `uart_link_step` 6 178 auf 2 994, `uart_framer_step` 3 176 auf 1 796, `uart_port_init` 1 122 auf 86. Differenzsuite und MCU-Rahmentests gruen, Board unveraendert (10 von 11 Zeilen, 0 Wiederholungen).","Hierarchische Maschinen sind in Takt der Normalfall; ein C-Programmierer schreibt den Handler des Vorfahren einmal. Die Vervielfachung wuchs mit der Zahl der Blaetter, also gerade bei den Maschinen, die Code brauchen.","Behoben 2026-09-23: Der Schritt ist ein Baum — je Ebene einmal `loop:` und Handler, dann ein `switch` ueber die Blaetter darunter; Uebergaenge und Trampolin bleiben je Blatt. Auf einer geteilten Ebene entscheidet das Blatt zur Laufzeit: `->` verzweigt je Blatt in die bekannte Form, ein Fault nimmt `fault_<m>_any`, das auf den Trampolin des Blatts fuehrt. `_init` ruft `_init_vars` und `_enter`. Offen: Auch die Uebergaenge der Vorfahren stehen je Blatt; sie sind klein.",M8/M9,mittel,behoben 2026-09-23,
FB-223,Codegen-Durchsicht (FB-214),"Abbild, Latch und Parameter lagen bytegepackt, jede Ladung mit `align 1`","`image::offset_of`/`latch_offset`/`param_offset` summierten die gepackten Groessen; ein `bool`-Eintrag (`{ i1, i8, i8, i64 }`, 11 Byte) schob alle folgenden auf ungerade Versaetze, und `image_slot` lud mit `align 1`. Auf rv32 zerlegt LLVM ein `load double` an solchen Stellen in acht Byte-Zugriffe mit Schiebereien; der C-Rahmen dereferenzierte `*(long long *)(latch + 1)` ebenso byteweise. `04_blocks_and_multirate`: 12 406 Byte Text, die Haelfte davon aus dieser Quelle.",Befund,"11.2, 12.3","`04_blocks_and_multirate.takt` fuer `riscv32imac`: 12 406 auf 4 066 Byte Text (mit den Attributen aus FB-225 und `-Os`); UART-Stapel 15 786 auf 14 322. Differenzsuite, MCU-Rahmen und Fuzzer gruen.","Ein Layoutfehler, der auf dem C6 nur Code und Zeit kostet — auf einem Cortex-M waere `LDRD` an einer ungeraden Adresse ein Fault (dieselbe Klasse wie `c_buffer` in `layout.rs`).","Behoben 2026-09-23: Eintraege, Latch und Parameter natuerlich ausgerichtet (`image::after`, `LlvmType::field_offset`), Ladungen ohne `align 1`; Rahmen und `takt size` lesen dieselben Funktionen, die Puffer sind `_Alignas(8)`. Kosten: hoechstens 7 Byte je Channel.",M8/M9,hoch,behoben 2026-09-23,
FB-225,Codegen-Durchsicht (FB-214),"Definitionen ohne Attribute und Bindung, Deklarationen ohne Speicherzusage","Jede Funktion war extern und ohne `nounwind` (jedes Objekt trug eine Abwickeltabelle, 704 Byte im UART-Stapel); Zustand, Parameter und Latch kamen ohne `noalias`, sodass jeder Latch-Store alle Ladungen aus dem Zustand entwertete; die Runtime-Deklarationen trugen kein `memory(...)`, sodass `takt_now` und `takt_stream_count` nie zusammengelegt wurden. Das ausgelieferte Objekt (`--emit obj`) bekam `-O2`, obwohl `run` laengst `-Os` auf MCU-Zielen nimmt; `after d` rechnete je Tick `ticks * P` statt in Aktivierungen zu vergleichen.",Befund,"11.2, 4.1","UART-Stapel: 15 786 auf 14 396 Byte Text; `13_protocol_analysis` −32 %, `68_uart_port` −29 % (Audit).","Alles Zusagen, die der Codegen laengst haelt (keine Ausnahmen, kein Aliasing zwischen den vier Zeigern, Runtime-Statics unerreichbar) und LLVM nur nicht mitgeteilt bekam.","Behoben 2026-09-23: `nounwind` an jeder Definition, `noalias` auf `st`/`par`/`out` (nicht `in`: `takt_job_begin` schreibt das Abbild), `internal` fuer reine Funktionen, Blockmethoden und `_init`, `memory(inaccessiblemem: …)` an den Runtime-Deklarationen, `-Os` und eine Sektion je Funktion fuer das Objekt, `after` mit Literal als ein Vergleich in Aktivierungen.",M8/M9,mittel,behoben 2026-09-23,
FB-224,Codegen-Durchsicht (FB-214),Die Entry-Tick-Bloecke standen an jeder Uebergangsstelle noch einmal — mit dem Trampolin des verlassenen Blatts,"5.2 Regel 4 laesst die `loop:`-Bloecke der betretenen Zustaende noch im Wechseltick laufen. `transitions`, `goto`, `fault_path`, `resume_into` und `_enter` senkten sie je Stelle neu: `uart_port_step` trug den RUN-Rumpf dreimal (Selbstuebergang, `after`, Ebene), `_enter` ein viertes Mal; `46_matrices` bestand zu 44 % aus solchen Kopien. Dazu sprangen Checks in diesen Kopien auf `fault_<m>_<altes Blatt>`, weil `ctx.leaf` noch das Quellblatt war — 5.2 verlangt das Fault-Ziel der *neuen* Konfiguration.",Befund,"5.2, 5.3, Satz 9.4.4","UART-Stapel 14 322 auf 13 702 Byte Text, `uart_port_step` 3 516 auf 1 324; Differenzsuite, MCU-Rahmen und Fuzzer gruen.","Groesse und ein Semantikfehler aus derselben Wurzel: Was je Stelle kopiert wird, traegt den Kontext der Stelle statt den des Ziels.","Behoben 2026-09-23: je (Blatt, Eintrittsmenge) eine `internal`-Funktion `<m>_entry<n>` mit den Entry-Tick-Bloecken und dem Trampolin des neuen Blatts; Aufruf aus allen fuenf Stellen, Tick 0 mit dem maschinenweiten `loop:`. Marken sind ueber den Modulzaehler eindeutig, Trampoline tragen je Funktion einen Anhang. Die Funktionen entstehen nach dem Schritt und koennen einander anfordern (Fault-Wald).",M8/M9,hoch,behoben 2026-09-23,
FB-226,Rahmen-Durchsicht (FB-214),Die Abtastungen alterten im Rahmen nie — `Stale` gab es nur im Interpreter,"3.5 macht `Stale` am Alter fest: Der Interpreter zaehlt je Tick `tick` auf `age` und setzt ueber `max_age` `Stale`. MCU- und Linux-Rahmen setzten `age` nur bei Lieferung auf null und zaehlten nie hoch — `.age` blieb null, `.stale` immer falsch, ein ausgefallener Treiber hielt seinen letzten Wert fuer immer (Satz 9.4.4).",Befund,"3.5, 12.1, Satz 9.4.4","`age_inputs` im Interpreter gegen `takt_mcu_tick` und die Tickschleife des Linux-Rahmens; die Differenzsuite blieb gruen, weil kein Korpusprogramm einen ausbleibenden Treiber mit `max_age` prueft.","Semantikluecke, die erst am Board sichtbar wird.","Behoben 2026-09-23: `harness::aging` schreibt in beide Rahmen vor der Lieferung dieselbe Regel wie `age_inputs` (gesaettigte Addition, `Stale` mit Grund 0 ueber `max_age`, `Bad` bleibt); `sim`-Bindungen setzen das Alter bei Lieferung zurueck.",M8/M9,hoch,behoben 2026-09-23,
FB-227,Board-Messung (ESP32-C6),Der Trace je Tick kostete mehr als der Tick: jede Zeile ein USB-Paket,"Im Konformitaetslauf schrieb `takt_mcu_dump` jeden Tick alle Ausgaenge (11 Zeilen), die Telemetrie schickte je Zeilenende ein USB-Paket und las je Byte den SYSTIMER; die Zeitzeile lief ueber `core::fmt`. Bei 500 us Tick waren alle 20 000 Ticks verspaetet und rund 21 000 verloren — der Trace verfaelschte, was er messen sollte.",Befund,"12.2, 12.3, 9.3","`verspaetet 20000 verloren ~21000` vor, `verspaetet 503 verloren 89` nach der Aenderung; `took` im Mittel 22 us, Rest an den Sendestellen (Buendel von Hex-Zeilen).","Die Diagnose darf die Steuerung nicht aufhalten (12.2).","Behoben 2026-09-23: `takt_mcu_dump(all)` schreibt ohne `all` nur geaenderte Ausgaenge (wie der Interpreter, 9.3; `compare` vergleicht ueber die Vereinigung der Ticks beider Seiten), ein `flush` je Tick statt je Zeile, Zeitquelle nur im langsamen Pfad, Ziffern in 32 Bit, Zeitzeile und Hex ohne `core::fmt`. Der Rest ist Sache des Ringpuffers in der generischen Telemetrie (FB-230).",M9,hoch,behoben 2026-09-23,
FB-228,Rahmen-Durchsicht (FB-214),Sendepuffer je Ausgabestrom fest 4 KiB plus 4 KiB `sent`,"`g_tx` und `g_tx_sent` hatten je Strom `TAKT_TX_MAX = 4096` Byte, unabhaengig von `capacity` (Default 256) und der Rate; `takt_stream_send` prueft ohnehin gegen die Kapazitaet.",Befund,"8.8, 12.3","UART-Stapel `.bss`: 8 KiB je Strom fuer Puffer, deren Fuellstand 256 nie ueberschreitet.","Speicher ohne Gegenwert.","Behoben 2026-09-23: `g_tx` nach der groessten Kapazitaet, `g_tx_sent` nach dem groessten Abholvolumen je Tick (`min(capacity, per_tick)`); die doppelte Schranke entfaellt.",M8,mittel,behoben 2026-09-23,
FB-229,Board-Durchsicht (ESP32-C6),Journal ohne `persist`: Flash lesen und Code binden fuer nichts,"`takt.rs` legte das Journal immer an, las beim Start zwei Flash-Sektoren und band `Journal`/`FlashNvm`, auch bei `PERSIST_BOUND == 0`. Die Freigabepruefung des Bring-up (`assert_fresh`, FB-193) zaehlte zudem `takt-conformance` zu den Quellen der CLI, die davon nicht abhaengt, und hielt den Bau nach jeder Rahmenaenderung an.",Befund,"5.9, 12.3","Text 523 282 auf 512 252 Byte im UART-Stapel ohne `persist`; `journal: keins` im Trace.","Was das Programm nicht braucht, gehoert nicht ins Binary.","Behoben 2026-09-23: `Persist` nur bei `PERSIST_BOUND > 0` (konstant, der Optimierer entfernt den Zweig), Bilanzzeile mit Nullen; `assert_fresh` ohne `takt-conformance`.",M9,mittel,behoben 2026-09-23,
FB-230,Board-Durchsicht (Nutzer),"Trace, Programm-Bindung und Schleife je Board kopiert statt einmal generisch","`Telemetry` (Zahlen, Zeilen, Warten auf die Leitung), die C-ABI-Bindung `Generated` und die Bring-up-Schleife (Trace-Takt, Journal, Bilanz) standen je Board in eigener Fassung; der F401 hing schon zurueck (`takt_mcu_tick(k)` ohne Versatz, kein `persist`, `clock.missed()` gab es nicht mehr, der Bring-up baute nicht). Jede Optimierung am C6 waere eine zweite am F401 gewesen — gegen plan/m5.md 2.2: eine Tickschleife, nicht eine je Board.",Befund,"12.1, 12.2, 12.3, plan/m5.md 2.2","`program.rs` beider Boards im Diff; F401-Bring-up ohne Bau; am C6 `verspaetet 503` durch Buendel an den Sendestellen trotz FB-227.","Was kein Register anfasst, gehoert nicht ins Board (`takt-rt-baremetal`, board.rs).","Umgesetzt 2026-09-23: `takt_rt_baremetal::Telemetry<Port, N>` — Ring vor der Leitung, `flush` je Tick, bei vollem Ring verwerfen und zaehlen (12.2), Zahlen ohne `core::fmt`; `run`/`report` mit `Cadence` und `Traced`; `takt-mcu-program` als eine C-ABI-Bindung fuer alle Boards; Board-Crates stellen nur noch die Leitung (`UsbJtag`, `Usart1`). C6: verspaetet 503 auf 66 (ein Block bei t=79 bis 144, der JTAG-Abzug von probe-rs nach dem Reset, 29 ms), verworfen 0, Text 512 252 auf 500 900 Byte, `.bss` +8 KiB Ring; F401 baut wieder.",M9,hoch,umgesetzt 2026-09-23,
FB-231,Rahmen-Durchsicht (FB-214),"`takt_mcu_dump` als groesste Funktion des Rahmens; Deskriptoren mit ableitbarer Nummer, Lesepfad mit Modulo und Doppelarbeit","Je Ausgang stand ein eigener Codeblock (Trace-Aufrufe, Vergleich, Kopie): 3 700 Byte fuer 14 Ausgaenge. Der Deskriptor eines Ringelements trug `seq`, obwohl die Nummern um eins steigen und die Freigabe FIFO ist; `takt_int_at` rechnete `first` zweimal, nullte je Lesen die ganze Elementkapazitaet und teilte mit `%` (auf RV32 ein Bibliotheksaufruf).",Befund,"8.6, 9.6, 12.3","`llvm-nm --size-sort`: `takt_mcu_dump` 3 700 auf 320 Byte, `g_int_desc` 8 448 auf 5 632 Byte; Differenzsuite, Fuzzer und MCU-Rahmen gruen, Board `verspaetet 0 verloren 0 verworfen 0`.","Tabellen statt Code, Ableitung statt Speicher.","Behoben 2026-09-23: `g_outs[]` mit Versatz, Groesse, Art und Variantentabelle, eine Schleife darueber; `takt_idesc {tick, off, len}` (16 statt 24 Byte), `takt_int_seq_at` aus naechster Nummer und Anzahl; `first` einmal, Null nur hinter `len`, bedingte Subtraktion statt `%`. Nicht umgesetzt: `g_int_ex` je Leser statt je Maschine — 240 Byte gegen eine Suche je `examined`.",M8/M9,mittel,behoben 2026-09-23,
FB-232,Codegen-Durchsicht (FB-214),"Zustandslokale Variablen ohne Overlay, Felder in Deklarationsfolge, `inout`-Aufruf mit drei Kopien","11.2 verlangt das Overlay exklusiver Zustandsspeicher; der Codegen gab jeder zustandslokalen und gehobenen Variablen ein eigenes Feld (`uart_link`: drei Bindungen zu je 1 044 Byte nebeneinander). Die Felder standen in Deklarationsfolge mit Fuellbytes zwischen `i1` und `i64`. `dst = f(src, dst)` (3.9) kopierte `dst` in einen Slot, der Prolog noch einmal, `return` ein drittes Mal.",Befund,"11.2, 3.9, 11.5","Zustands-Structs des UART-Stapels 12 224 auf 11 096 Byte (`uart_link` 6 472 auf 5 408); `takt size` rechnet 10 895. Differenzsuite, Fuzzer, MCU-Rahmen und `takt-llvm`-Tests gruen.","Der Codegen soll rechnen, was `takt size` verspricht (11.5).","Umgesetzt 2026-09-23: Overlay ueber den Zustandsbaum (`place`: eigene Variablen, dann das Maximum der Kinder; `pub var` und Blockinstanzen bleiben Felder), Zugriff nur ueber `StateStruct::field_ptr`; Felder hinter `conf`/`t_in_state` nach Ausrichtung; das Ziel eines `sret`-Aufrufs geht ohne Slot, wenn der Gerufene es im Prolog kopiert. Verworfen: Elementzahlen je Schritt vorab zaehlen (kostet bei einem Strom je Blatt mehr, als es spart) und `inout` echt in place (ein Fault im Rumpf liesse das Ziel halb geschrieben — der Interpreter laesst es unberuehrt, Satz 9.4.4).",M8/M9,mittel,umgesetzt 2026-09-23,
FB-233,plan/codegen-hebel.md A,"Toolchain-Hebel: `-msave-restore` und Outliner ja, `-Oz` und LTO nein","Gemessen am UART-Stapel (C6): `-Oz` spart 5 % Objekt, kostet aber ein Fuenftel der Schrittzeit (20,9 auf 25,7 us); `-msave-restore` (Millicode, das `compiler_builtins` nicht liefert) und der Machine-Outliner sparen zusammen 10 % ohne Laufzeitpreis. Programm und Rahmen als ein LTO-Modul (`ld.lld -r`) wurden in jeder Variante rund 3,5 KB *groesser* als getrennt uebersetzt; `--icf=all` bringt 1 %. `cold` auf Fault-, Log- und Alert-Pfaden brachte nichts.",Befund,"12.3, 12.8","`took`-Mittel je Variante: -Os 20,9 us, -Oz 25,7, -Oz+sr 25,2, -Oz+sr+outl 25,2, -Os+sr+outl 21,5; Objekt 13 782 auf 12 432 Byte, Rahmen 5 868 auf 5 480, `.rwtext` 20 816 auf 18 688.","Groesse nur, wo sie die Schrittzeit nicht kostet (7.3).","Umgesetzt 2026-09-24: `toolchain::object_flags` als eine Quelle fuer CLI und Bring-ups (`-Os`, Sektionen je Funktion, `-msave-restore` auf RISC-V, Outliner auf MCU), Millicode `millicode.S` im C6-Bring-up, `--icf=all` beim Binden. Verworfen: `-Oz`, LTO-Modul, `cold`.",M9,mittel,umgesetzt 2026-09-24,
FB-234,plan/codegen-hebel.md B1,Der `loop:`-Rumpf eines Zustands stand dreimal im Objekt,"Der Schritt trug ihn im Baum, jede Entry-Tick-Funktion noch einmal je Eintrittsmenge, Tick 0 ein drittes Mal: `uart_port` 1 324 + 1 042 + 1 106 Byte fuer einen Rumpf von rund 1 KB; ein Viertel des Objekts.",Befund,"5.2 Regel 4, 11.2","UART-Stapel 12 432 auf 9 868 Byte, `04_blocks` 4 034 auf 3 320, `46_matrices` 6 368 auf 3 456; Differenzsuite, Fuzzer, MCU-Rahmen und Codegen-Tests gruen; Board `verspaetet 0`.","Ein Rumpf, ein Ort — der Modus ist ein Argument, keine Kopie.","Umgesetzt 2026-09-24: `<m>_loop_<zustand>(st, in, par, out, i8 blatt, i1 entry) -> i8` als `internal`-Funktion; `->` wird im Entry-Tick zur Laufzeit uebersprungen, der Rueckgabewert sagt dem Rufer, ob der Schritt endet (1), der Fault-Trampolin des Blatts folgt (2) oder `abort` die Funktion verlaesst (3). Schritt, Entry-Tick-Funktionen und Tick 0 rufen dieselbe Funktion. Dazu D1: Telemetrie-Ring 8 auf 2 KiB.",M9,hoch,umgesetzt 2026-09-24,
FB-236,plan/codegen-hebel.md D2,Ringdeskriptor 16 Byte je Element,"`struct takt_idesc { long long tick; int off; int len; }` — das 8-Byte-Feld erzwang Ausrichtung 8 und Fuellbytes; Versatz und Laenge brauchen bei `capacity_bytes <= 65 535` nur je zwei Byte.",Befund,"8.6, 12.3","`g_int_desc` am UART-Stapel 5 632 auf 4 224 Byte; `.bss` 35 784 auf 34 384; Differenzsuite, Fuzzer, MCU-Rahmen gruen.","Ein Deskriptor traegt Tick, Versatz und Laenge — nicht mehr, und nicht breiter als noetig.","Umgesetzt 2026-09-24: `{ unsigned tick_lo, tick_hi; unsigned short off, len; }` (12 Byte, Ausrichtung 4), bei groesserer Bytekapazitaet `unsigned` fuer Versatz und Laenge; der Tick bleibt exakt 64 Bit.",M9,mittel,umgesetzt 2026-09-24,
FB-237,plan/codegen-hebel.md B3 und B4,"Fristen als Tabelle, grosse Felder ans Ende des Zustands-Structs","`_deadline` stand je Maschine als Kaskade von `select` ueber alle Blaetter (`uart_port_deadline` 266 Byte); die Felder des Zustands-Structs lagen nach Ausrichtung, grosse Puffer und Overlay damit vor kleinen Skalaren, deren Versatz so ueber 2 047 hinauswuchs (RISC-V: `lui`+`addi`).",Befund,"9.9, 11.2","`uart_port_deadline` 266 auf 64 Byte, `uart_link_deadline` 6 auf 8 (Tabelle plus eine Suchfunktion je Modul); am UART-Stapel insgesamt neutral (9 868 auf 9 884 Byte), bei vielen Blaettern mit Fristen ein Gewinn.","Datengetrieben, wo Code je Blatt entstand; kleine Felder zuerst.","Umgesetzt 2026-09-24: `@<m>_deadlines` als Konstantentabelle `{ i8 Blatt, i32 Zaehler, i64 Frist }`, `takt_deadline_of` einmal je Modul; Felder hinter `conf`/`t_in_state` mit Puffern ab 256 Byte am Ende, davor absteigend nach Ausrichtung.",M9,niedrig,umgesetzt 2026-09-24,
FB-238,plan/codegen-hebel.md B5,Stromelemente gingen ueber einen Scratch in die Bindung,"`takt_stream_at` schrieb das Element in einen 1-KB-Scratch auf dem Stack, `bind_element` kopierte es in die Bindung: zwei Kopien je Element und je Handler ein Scratch im Rahmen der Schrittfunktion (`uart_link_step` 3 216 Byte).",Befund,"8.6, 8.7, 12.3","Stack-Rahmen `uart_link_step` 3 216 auf 1 120 Byte, `uart_framer_step` 2 160 auf 1 120; Objekt 9 884 auf 9 652; Differenzsuite, Fuzzer, MCU-Rahmen, Codegen-Tests gruen; Board `verspaetet 0`.","Text und Bytes liegen im Ring wie im Record — der Umweg war keine Notwendigkeit.","Umgesetzt 2026-09-24: `takt_stream_bind(s, cur, i, data, t)` schreibt `{ len, bytes }` und `t` direkt in die Felder der Bindung, `takt_stream_at` ist nur noch eine Huelle darum. Handler ohne Muster und Guard, `for x in s` und `s as e` nutzen ihn fuer `line`, `str` und `bytes`; Muster und Records brauchen weiter den Scratch (Automat, Dekodierung).",M9,mittel,umgesetzt 2026-09-24,
FB-239,plan/codegen-hebel.md 5,Keine Groessen-Baseline: Objekte konnten still wachsen,"Die Groesse der erzeugten Objekte wurde nur von Hand gemessen (`llvm-size`), kein Test hielt sie fest; FB-224 fand die dreifachen Rumpfkopien erst bei einer Durchsicht.",Befund,"11.5, 13.8","`crates/takt-llvm/tests/size_baseline.rs` mit `size_baseline.txt` fuer acht Korpusprogramme (`riscv32imac`, Flags aus `toolchain::object_flags`).","Was gemessen wird, bleibt; was nicht gemessen wird, waechst.","Umgesetzt 2026-09-24: Der Test uebersetzt die Programme mit clang und liest `.text` ueber `llvm-size`; mehr als 2 % plus 64 Byte ueber der Baseline schlagen an, `UPDATE_SIZE_BASELINE=1` schreibt sie neu. Ohne clang uebersprungen, wie die LLVM-Tests.",M9,mittel,umgesetzt 2026-09-24,
FB-240,plan/codegen-hebel-2.md S3 und S4,"`examined` je Element gemeldet, kalte Funktionen ohne `minsize`","Jeder `peek`, jede `for`-Runde und jede `dispatch`-Bindung rief `takt_stream_examined` einzeln; die Runtime bildet ohnehin nur das Maximum. Entry-Tick-, Init-, Enter-, Snapshot- und Fristfunktionen wurden mit denselben Flags wie der Schritt uebersetzt.",Befund,"9.6, 8.6","`crates/takt-llvm/src/step.rs` (Schrittende, `begin_cold`), `emit.rs` (`begin_with` mit Funktionsattributen).","Ein Aufruf je Cursor am Schrittende ist gleichwertig (9.6: `cur = examined + 1`), und was nicht im Tick liegt, darf klein statt schnell sein.","Umgesetzt 2026-09-24: `takt_stream_examined` einmal je Cursor am Schrittende mit `examined - 1`; `minsize` auf Entry-Tick-, Init-, Enter-, Advance-, Frist-, Exit-all- und Persistenzfunktionen. UART-Objekt 9 652 auf 9 432 Byte.",M9,mittel,umgesetzt 2026-09-24,
FB-241,plan/codegen-hebel-2.md S1,Fault-Trampolin je Blatt,"Jedes Blatt hatte seinen eigenen Fault-Trampolin (`takt_fault`, `pending`, Jobs abbrechen, `exit:`, `enter:`, Timer, Zaehler), auch wenn Geschwister dasselbe Fault-Ziel und dieselben Ketten hatten.",Befund,"5.2 Regel 5, 5.3","`crates/takt-llvm/src/step.rs` (`fault_trampolines`, `fault_body`, `FaultKey`).","Gleicher Code je Gruppe einmal; das verlassene Blatt geht als `phi` in `takt_fault` und `saved` ein.","Umgesetzt 2026-09-24: Blaetter mit gleichem Ziel, gleichen `exit:`-/`saved`-Zustaenden und gleicher `enter:`-Kette teilen einen Trampolin; die Blattmarken bleiben als Stubs. UART: 17 Blaetter in 9 Gruppen, Objekt 9 432 auf 9 358 Byte.",M9,mittel,umgesetzt 2026-09-24,
FB-242,plan/codegen-hebel-2.md P2,"Codegen ohne Ueberlauf-, Divisions-, Schiebe-, Konversions- und Stellenindex-Pruefung","`runtime_check` gab fuer `Overflow`, `Convert` und `Shift` `Ok(())` zurueck, das Sema erzeugte keine `Overflow`-/`DivZero`-Knoten, und der Index einer Zuweisungsstelle war nirgends geprueft. `u8 + 1` wickelte, `x / 0` war LLVM-UB, `s << k` mit `k: int` erzeugte `shl i16 x, i64 y` (ungueltige IR). Der Interpreter faultet in allen Faellen (4.1, 3.10).",Befund,"4.1, 3.10, 9.4.4","`crates/takt-sema/src/lower/expr.rs` (`arith_checked`, `index_checked`), `takt-llvm/src/expr.rs` (`checked_expr`, `overflow_checked`, `shift_checked`, `convert_checked`), `stmt.rs` (`index_guard`); `corpus-try/75_implicit_checks.takt` im Differenztest.","Satz 9.4.4 verlangt Gleichheit mit dem Interpreter; eine fehlende Pruefung ist eine stille Abweichung, die kein Test sieht, solange kein Programm den Fall trifft.","Umgesetzt 2026-09-24: Jede Pruefung ist ein MIR-Knoten (`Overflow` um `+ - * / %`, `DivZero` um den Divisor, `Index` um Stellenindizes, `Convert`, `Shift`), die Analyse beweist, der Codegen setzt den Rest mit `llvm.*.with.overflow`, `icmp` und `guard` um. UART-Objekt 9 358 auf 9 416 Byte.",M9,hoch,umgesetzt 2026-09-24,
FB-243,plan/codegen-hebel-2.md P2,Funktionsruempfe nicht analysiert,"`analysis::analyze` lief nur ueber Maschinen; `fn`-Ruempfe (COBS, CRC, Framing) bekamen weder Beweise noch zaehlten ihre Pruefungen in der Kennzahl. `narrow` kannte die Erreichbarkeit schon.",Befund,"3.4","`crates/takt-mir/src/analysis/mod.rs` (`analyze_fn`, `reachable_fns`).","Die Protokollhaelfte lebt in Funktionen; ohne sie misst die Kennzahl die falsche Haelfte.","Umgesetzt 2026-09-24: erreichbare Funktionen werden mit den Ranges ihrer Parameter analysiert; gewarnt wird nur im Programm des Nutzers, nicht im Prelude. UART: Darstellung 176/256 auf 245/252 in i32.",M9,hoch,umgesetzt 2026-09-24,
FB-244,plan/codegen-hebel-2.md P1 und P2,Intervallanalyse als Pruefungsentferner,"Die Analyse verfeinerte `or` nicht (`if a or b: break`), kannte `len` nicht, rechnete `>>`/`&`/`tick` als `Top`, gab bei Divisor mit Null `Top` und bewies weder Konversion noch Schiebebetrag noch Ueberlauf. Bewiesene Pruefungen verschwanden aus der MIR, sodass der Interpreter einen falschen Beweis nicht bemerken konnte.",Befund,"3.4, 3.9, 3.10","`crates/takt-mir/src/analysis/walk.rs` (`refine`, `checked`, `shr`, `bit_and`, `capacity_of`), `domain.rs` (`without_zero`), `prove.rs` (`RangeOrigin::Proven`), `takt-interp/src/eval.rs` (`Bug` bei verletztem Beweis), `takt-cli` (`--checks`).","Jede Verfeinerung ist ein Beweis weniger fuer P3; und ein Beweis, den der Interpreter nicht mehr prueft, ist ein blinder Fleck der Differenzsuite.","Umgesetzt 2026-09-24: De Morgan, `len`/`count` bis Kapazitaet, `>>`, `&`, `tick`, Division ohne Null, Beweise fuer `Convert`, `Shift`, `Overflow`, `DivZero`; bewiesene Range bleibt als `Proven`-Knoten, Verstoss ist `Bug`; `takt check --report --checks` listet die Reststellen. Pruefung 9 laeuft nach der Analyse.",M9,hoch,umgesetzt 2026-09-24,
FB-245,plan/codegen-hebel-2.md S2,Uebergang als Daten bringt auf RV32C nichts,"Die Schrittfunktionen des UART-Programms haben 6 Uebergangsstellen; eine Stelle sind zwei bis vier komprimierte Stores, ein Tabelleneintrag kostet dasselbe. Gleiche Enden ueber alle Stellen: 39 IR-Instruktionen, die LLVM zusammenlegt.",Befund,"5.2","Zaehlung an `s1_uart.ll` (Stellen je Funktion, doppelte Enden).","Ein Hebel ohne Messung ist eine Vermutung; die Vermutung aus der Planung stimmte hier nicht.","Verworfen 2026-09-24; im Plan festgehalten.",M9,niedrig,verworfen 2026-09-24,
FB-246,crates/takt-bringup-esp32c6/programs/test_uart_c6_hw.takt,"`x.wrap_u8() + 1` faultet bei 255","`tx_seq = tx_seq.wrap_u8() + 1`: `wrap_u8` ist modulo (total), die Addition danach ist `u8 + u8` und faultet bei 255 (4.1). Der Bring-up-Test faellt nach 255 Frames in `LINK_DOWN`.",Befund,"3.10, 4.1","`takt check --report --checks` zeigte die Ueberlaufpruefung.","Ein Sequenzzaehler soll wickeln; dafuer gibt es `wrapping_add` (4.1).","Behoben 2026-09-24: `wrapping_add(tx_seq, 1)`, ebenso `rx_seq`.",M9,mittel,behoben 2026-09-24,
FB-247,crates/takt-mir/src/analysis/walk.rs,"`Valid` und `Missing` zaehlten als `Arith`","Der Sammelzweig `_ => Arith` der Kennzahl fasste Validitaets- und Wrapper-Pruefungen als Arithmetik; das UART-Programm meldete `Arith 10` ohne eine einzige Arithmetikpruefung.",Befund,"3.4","Kennzahl vor und nach der Aenderung.","3.4 nennt vier Ursachen; Validitaet ist Dominanz (3.5, 3.8) und hat ihre eigene Warnung (SC-45).","Behoben 2026-09-24: `Valid`/`Missing` zaehlen nicht mehr.",M9,niedrig,behoben 2026-09-24,
FB-248,plan/codegen-hebel-2.md R1,Bereichsganzzahlen lagen als acht Byte im Zustand,"`int in 0..1_000_000` und `Duration in 0 s..10 ms` belegten `i64` im Zustands-Struct, obwohl die Range in vier Byte passt; auf RV32 kostet jeder Zugriff zwei Register und zwei Anweisungen.",Befund,"3.4 (Darstellungsverengung)","`crates/takt-mir/src/types.rs` (`storage_width`), `takt-llvm/src/ty.rs` (`storage`), `stmt.rs` (`address`/`var`/`assign`), `psi.rs`, `persist.rs`, `analysis/size.rs`.","Die Range-Pruefung der Zuweisung grenzt den Wert ein; schmal speichern ist darum exakt, und LLVM faltet `trunc(op(sext a, sext b))` zu 32-Bit-Rechnung.","Umgesetzt 2026-09-24: Speicherform aus der Range (i8/i16/i32), `sext` beim Laden, `trunc` beim Schreiben; Ψ, Journal und Rahmen unveraendert. UART-Objekt 9 416 auf 9 014 Byte, Zustands-Structs kleiner.",M9,hoch,umgesetzt 2026-09-24,
FB-249,plan/codegen-hebel-2.md R2,Rechnung immer in i64,"`Expr::repr` stand als Annotation in der MIR, der Codegen las sie nicht: jede `int`-Operation lief in `i64`, auf RV32 drei bis vier Anweisungen statt einer, jeder Vergleich ebenso.",Befund,"3.4 (Lemma 3.4)","`crates/takt-llvm/src/expr.rs` (`narrow_ok`, `lower_narrow`, `narrow_operand`, `to_i32`).","Lemma 3.4 verlangt, dass *alle* Teilausdruecke passen; `narrow` markiert je Knoten. Der Codegen prueft darum die Kinder selbst und rechnet nur dann schmal.","Umgesetzt 2026-09-24: Knoten mit `repr = I32` und schmalen Kindern rechnen in `i32` (Arithmetik, Bits, Shifts, `select`, Range- und Divisorpruefung), Vergleiche schmaler Operanden ebenso; eine Range-Grenze ausserhalb von `i32` prueft in 64 Bit. UART-Objekt 9 014 auf 8 676 Byte.",M9,hoch,umgesetzt 2026-09-24,
FB-250,crates/takt-mir/src/analysis/prove.rs,Beweise aus abgerollten Schleifen: eine Runde genuegte,"`Proofs::dropped` war die Vereinigung der bewiesenen Stellen ueber alle Besuche; eine Pruefung, die Runde 0 bewies und Runde 2 nicht, fiel weg. Das Intervall je Stelle war das des letzten Besuchs statt der Vereinigung — damit haette R2 falsch schmal gerechnet.",Befund,"3.4","`crates/takt-sema/tests/analysis.rs` (`a_check_is_proven_only_when_every_unrolled_round_proves_it`).","Ein Beweis gilt nur, wenn ihn jeder Pfad traegt; sonst ist er eine Beobachtung.","Behoben 2026-09-24: `kept` je Besuch, `dropped` nur ohne `kept`; Intervalle je Stelle vereinigt.",M9,hoch,behoben 2026-09-24,
FB-251,plan/codegen-hebel-2.md S5,Handler-Fenster je Strom als Funktion bringt nichts,"Im UART-Programm gibt es fuenf Handler-Fenster, hoechstens zwei auf demselben Strom; ein Fenster ist etwa 40 Byte Geruest (`count`, `at`, `examined`, Schleife).",Befund,"8.7","Zaehlung der `strom`-Marken in der IR.","Ein Hebel fuer viele Zustaende mit Handlern auf demselben Strom; das Messprogramm hat sie nicht, und ein Aufruf kostet fast so viel wie das Geruest.","Verworfen 2026-09-24; im Plan festgehalten.",M9,niedrig,verworfen 2026-09-24,
FB-252,plan/codegen-hebel-2.md S6,Rahmentabellen fuer Init und Commit bringen nichts,"`takt_mcu_init_with` misst 506 Byte: vier `memset`, sechs Parameter-Stores (60 Byte), zwanzig Aufrufe; `takt_mcu_commit` 152 Byte fuer 13 Treiberaufrufe. Eine Tabelle ersetzt die Stores, nicht die Aufrufe.",Befund,"12.1","`llvm-nm --size-sort` am Bring-up-ELF.","Die 686 Byte der Planung waren die Dump-Tabelle (FB-231), die seit der ersten Runde steht.","Verworfen 2026-09-24; im Plan festgehalten.",M9,niedrig,verworfen 2026-09-24,
FB-253,plan/codegen-hebel-2.md P3,Beweise von `takt prove` erreichten den Codegen nicht,"`classify` bewies Pruefstellen als unerreichbar, aber nur explizite `check`/`expect`/`requires` waren Stellen; implizite Pruefungen erzeugten Fault-Zweige ohne Stelle, und kein Weg trug ein Ergebnis in den Bau.",Befund,"11.3, 3.4","`crates/takt-mir/src/analysis/proof.rs`, `analysis/mod.rs` (`analyze(.., external)`), `takt-sema/src/lib.rs` (`compile_with`, Pruefung 65), `takt-prove/src/encode.rs` (Stellen fuer implizite Pruefungen), `takt-cli` (`--proof`, `--save-proof`).","Der SPARK-Weg (Beweis, dann ohne Pruefung bauen) braucht eine Datei, die an die Quelle gebunden ist, und einen Interpreter, der die Beweise weiter mitprueft.","Umgesetzt 2026-09-24: `.takt-proof` mit SHA-256 der Quelle und `site <Versatz> <Art> k=<n>`; `--proof` haelt Hash-Abweichung als SC-65 fest; bewiesene Range-Knoten bleiben `Proven`. Ohne Solver hier nur mit von Hand geschriebener Datei geprueft (`an_external_proof_drops_the_check_and_a_stale_one_is_refused`).",M9,hoch,umgesetzt 2026-09-24,
FB-254,plan/codegen-hebel-2.md R3,Sichten auf Stromelemente bringen auf dem Board nichts,"Vollstaendig umgesetzt (Ring mit Laengenwort, `takt_stream_ref`, Puffer je Strom fuer das Element an der Naht, Bindungen als Zeiger, Rust-Referenzring, Korpus 76) und gemessen: Schrittzeit 25,1 auf 25,1 us, p99 29,2 auf 29,9 us, `.bss` +2,5 KB, `.rwtext` +0,5 KB, Stack gleich. Die Kopie je Element kostete beim Messprogramm rund 0,3 us; teuer war nur das Nullen des Rests bis zur Kapazitaet.",Befund,"8.6, 9.4.4","Zweig `r3-stream-views` (d0595a2); Board-Traces `r2_board`/`r3_board`; `llvm-nm` am Bring-up-ELF.","Zero-Copy tauscht den Bindungsplatz (1 KB je Bindung) gegen einen Puffer je Strom (1 KB) und Kopfworte je Element; ohne viele grosse Elemente je Tick ist das ein Verlust. Der Differenztest an der Naht bleibt wertvoll, die Sicht nicht.","Verworfen 2026-09-24: Umsetzung auf dem Zweig aufbewahrt; in `main` entfaellt das Nullen des Rests in `takt_int_bind`, `76_stream_views.takt` prueft Elemente ueber der Naht.",M9,mittel,verworfen 2026-09-24,
FB-255,plan/codegen-hebel-2.md NonFinite,Gleitkomma faultet im erzeugten Code bei nicht endlichem Ergebnis,"Vorher faultete nur der Interpreter (Satz 9.4.4 verletzt). Jetzt huellt Sema jede Gleitkomma- und Matrixoperation in `Checked{NonFinite}` und das Argument von `sqrt` in `Checked{Domain}`; der Codegen prueft mit `fabs`, `maximum` ueber Matrixelemente und `fcmp one` gegen unendlich. Fuenfte Kennzahl-Ursache, warnt nie. UART unveraendert 8 676 Byte; Baseline 04 +130, 46 +108, 03 +4, 13_framing +6, 71 +8, 13_protocol -12. Nebenbefund: `sqrt` und `fma` fehlten dem Codegen; eine gescheiterte Schleifenfunktion fiel stumm aus, weil die Registry `emitted` vor dem Erfolg setzte.",Befund,"4.2, 3.4, 9.4.4","Korpus 77 im Differenztest (Ueberlauf, Division, `sqrt` unter null, `as f32`, `fma`); `float_checks.rs`; `a_float_operation_is_a_non_finite_check_that_never_warns`; Groessen-Baseline.","Die Pruefung ist der Preis von 4.2: ohne sie stimmen Interpreter und Codegen nur, solange nichts ueberlaeuft. Ein Beweisweg fehlt (Intervalle ueber Gleitkomma sind nicht im Plan), darum warnt sie nicht.","Umgesetzt; Fehlversuche des Codegens (`enter:`, Schleifenfunktionen) werden gemeldet statt verschluckt.",M9,hoch,umgesetzt 2026-09-24,
FB-256,plan/codegen-hebel-2.md P3,`takt prove` klassifiziert implizite Pruefstellen mit z3 und die Beweisdatei laesst sie aus,"z3 4.13.4 in `~/.takt/bin`: Zaehler `x in 0..100` mit `when x >= 50: -> RESET` — Range-Stelle bewiesen unerreichbar (k = 5), `--save-proof` und `--proof` nehmen beide Vergleiche aus dem IR, veraenderte Quelle wird mit SC-65 abgewiesen. `19_faults`: Range-Stelle erreichbar, Fault bei t=1 im Interpreter bestaetigt. Das UART-Programm ist nicht kodierbar (Handler auf Stroemen).",Befund,"11.3, 4.1, plan/m6.md 2.8","`with_solver.rs`: `an_unreachable_implicit_check_is_proven_and_its_proof_drops_it`, `a_reachable_implicit_check_gets_its_path`; `takt prove`/`takt build --proof` von Hand.","Der Weg steht durchgehend; die Reichweite endet an der Kodierung (Stroeme, Handler, Sammlungen). Solver auch in `~/.takt/bin` gesucht, damit kein PATH-Eintrag noetig ist.","Kodierung von Stroemen waere der naechste Hebel fuer die 29 `Declared`-Stellen des UART-Programms.",M9,mittel,umgesetzt 2026-09-24,
FB-257,plan/codegen-hebel-2.md Z1,Differenzschranken und Narrowing beweisen die relationalen Index-Pruefungen,"Das UART-Programm zaehlte 10 von 12 Index-Pruefungen als Oktagon-Kandidaten, alle nach dem Muster `if i >= src.len: break` vor `src[i]` oder `if len < off + n + 2` vor `b[off + n]`. Gebaut: Zonen `a - b <= c` ueber Terme aus Variable, Feld und `len` (`analysis/term.rs`, `Facts::bounds`), Eintrag am dominierenden Vergleich, Loeschung an Zuweisung und Methodenaufruf, Schnitt an der Vereinigung; Narrowing nach der Weitung (bis drei absteigende Durchlaeufe, nur der letzte zaehlt); `!=` am Intervallrand. UART 42 -> 33 Pruefungen (Index 12 -> 4, `code += 1` ueber die Invariante `code <= 254`), Objekt 8 676 -> 8 622 Byte. Korpus-Baseline unveraendert.",Befund,"3.4, plan/m6.md 2.12","Korpus 78 (`78_length_guards.takt`: drei Maschinen ohne Pruefung, eine mit Fault hinter geleertem Puffer) im Differenztest und in der Groessen-Baseline; `analysis.rs`: `a_length_guard_before_break_proves_the_index`, `a_length_that_changed_after_the_guard_keeps_the_check`, `a_guard_with_an_offset_proves_the_offset_index`, `narrowing_after_widening_finds_the_loop_invariant`; Differenzsuite; Groessen-Baseline.","Der Differenzanteil der Oktagone reicht fuer Steuercode aus 3.4; Summen und Abschluss bleiben v1.1. Ein bestandener Pruefknoten ist eine Funktion seines Operanden, darum sind `checked[Missing](hh).len` und `hh.len` derselbe Term.","Umgesetzt; die Kennzahl `relational` faellt im UART-Programm auf 2 (`dst[code_at]`, COBS-Arithmetik).",M9,hoch,umgesetzt 2026-09-24,
FB-258,crates/takt-bringup-esp32c6/programs/test_uart_c6_hw.takt,Diagnosezaehler faulten nach einer Million Ereignissen; `room` und `de_hold` konnten unter null fallen,"28 `Declared`-Pruefungen des UART-Programms waren echte Fault-Pfade: 19 Zaehler `x += 1` in `0..1_000_000` (nach einer Million Ereignissen Fault), `room = 120 - txfifo_cnt` (Fault bei voller FIFO), `de_hold -= tick` (Fault, wenn `DE_HOLD` kein Vielfaches des Ticks ist), und die `d_*`-Outputs mit `0..999999` enger als ihre Quellen. Jetzt `min(x + 1, MAX)`, `max(..., 0)`, `max(..., 0 s)` und passende Output-Ranges: 33 -> 5 Pruefungen. Objekt 8 622 -> 8 678 Byte (19 materialisierte Konstanten statt Spruenge auf das Fault-Trampolin). Board (ESP32-C6, 20 000 Ticks): Schrittzeit p50 23,6 → 23,5 µs, p99 27,4 µs unverändert, `.text` −18 Byte, `.rwtext`/`.bss` unverändert, 0 verspätet, 0 verloren, Link-Zähler gleich (d_rx/d_tx 230, 11 Zeilen).",Befund,"3.4, 5.6","`takt check --report --checks`; Differenzsuite; Board-Trace `z_board`.","Die Kennzahl hat hier Entwurfsfehler gefunden, keine fehlenden Beweise: Ein Statistikzaehler darf die Maschine nie in SAFE bringen. Saettigen ist die Semantik, die gemeint war.","Umgesetzt im Bring-up-Programm; Sprachmittel sind `min`/`max`/`clamp` (3.4), ein eigenes Zaehlertyp-Attribut braucht es nicht.",M9,mittel,umgesetzt 2026-09-24,
FB-259,plan/m6.md 2.8; 13.3,`takt prove` beweist je Maschine und nimmt `max_slew` an,"`encode_machine`: nur eine Maschine im Modell; Ψ-Lesevorgaenge, fremde Outputs und ein fremder `abort` sind freie Eingaben je Tick unter der Invariante ihres Typs. `classify_compositional`: Induktion im Maschinenmodell, ein gefundener Pfad wird am Gesamtmodell gesucht und dort vom Interpreter bestaetigt; ist das Ganze nicht kodierbar, bleiben die anderen Maschinen beweisbar. `max_slew`: |x_k - x_{k-1}| <= Rate * Tick, mit dem Vortick in zwei Zustandsvariablen; als Produkt (vier ulp geweitet) statt der Division des Rands, weil z3 mit der Division ueber drei Minuten brauchte, mit dem Produkt fuenf Sekunden.",Befund,"13.3, 12.6, plan/m6.md 2.8","`with_solver.rs`: `a_machine_is_proven_alone_when_the_whole_is_not_encodable`, `a_path_found_alone_is_confirmed_on_the_whole`, `max_slew_bounds_the_change_per_tick`; `prove_cmd.rs`.","Mehr Verhalten als das Ganze, darum bleibt unerreichbar wahr; die Reichweite waechst um jede Maschine neben einem Handler. `debounce` und `max_age` betreffen die Qualitaet, die als gueltig gilt.","Umgesetzt; Bericht nennt `je Maschine, Psi frei` und die freien Quellen als Reichweite.",M6,hoch,umgesetzt 2026-09-24,
FB-260,corpus-try/45_journal_cut.takt,LLVM 22 kommt an `flash_loop_root` nicht zu Ende,"Mit Enums mit Feldern, Index auf `bytes` als Ziel und `append` aus einem Ausdruck senkt der Codegen 45 vollstaendig, aber clang 22.1.8 laeuft ab -O1 in `flash_loop_root` ohne Ende (instcombine, ohne ihn die Instruktionsauswahl); -O0 in 0,7 s, `-fno-inline` ohne Wirkung, die Funktion allein mit Deklarationen der Rufer in 1 s. Der Rumpf traegt `bytes<256>?` aus `map.get(...).or(flash_blank())` als 260-Byte-Aggregate im SSA (`insertvalue` in den Wrapper, `select`/Laden/Speichern). Ein `select` ueber Aggregate geht jetzt ueber Platz und Zweig (`choose`), das allein reicht nicht.",Befund,"11.2, 3.8, plan/m6.md 2.2","`takt build corpus-try/45_journal_cut.takt --build sim --emit ir` senkt ohne Luecke; `clang -O1 -mllvm -opt-bisect-limit=N` an `programm.ll` aus dem Differenztest.","Grosse Werte gehoeren per Zeiger durch `T?` und `.or` (11.2, Grosse Werte), nicht als SSA-Aggregat. Bis dahin bleibt 45 ausserhalb der Differenzsuite; Enums mit Feldern prueft Korpus 80.","Umgesetzt: `or_into`, `wrap_into`, `map_get_into`, `cond_into` und `place_of` im Codegen; `45_journal_cut` uebersetzt bei -O1 in unter einer Sekunde und laeuft im Differenztest.",M9,mittel,umgesetzt 2026-09-24,
FB-261,crates/takt-conformance/src/harness.rs,Der C-Rahmen hat keine Naht fuer `mmio`-Ports,"`sim_bindings` kopiert Pegelkanaele und Stroeme von `sim` nach `hw`, kennt aber keine `mmio/ADR/r`- oder `/w`-Adresse: nativ bleibt ein Port ein `load volatile`/`store volatile` auf die absolute Adresse. Die Stromform aus FB-212 gilt darum im Interpreter (Referenz, 12.10), nativ nicht.",Befund,"12.10, 9.4.4","Lesen von `harness.rs` und des IR von `68_uart_port` im Sim-Build (`inttoptr i64 1610612736`). Nachweis nach der Umsetzung: `68_uart_port` im Differential, die drei Szenarien aus `ports.rs` nativ gegen den Interpreter, `ports_differ_only_in_their_helpers`; die MCU-Objekte von 68, `uart0_port` und `test_uart_c6_hw` sind fuer beide MCU-Ziele in der Disassemblierung gleich geblieben.","Eine Naht braeuchte einen Zeiger je Port statt der absoluten Adresse im Sim-Build oder einen Rahmenaufruf je Lesen — Treiberwechsel, kein zweiter Programmpfad (plan/plan.md Prinzip 4).","Entschieden in plan/m10.md 2.6 (Option c) und umgesetzt (M10 Schritt 9): Jeder Portzugriff geht ueber einen Helfer je Zugriff und Typ (`takt_llvm::mmio`), dessen Rumpf das Ziel bestimmt — auf einer MCU `load`/`store volatile`, `alwaysinline`, im Objekt bitgleich wie zuvor; auf einem Wirt der Aufruf von `takt_mmio_read`/`takt_mmio_write`. Der Wirtsrahmen (`ports.rs`) bildet die Adresse ab wie der Interpreter: Lesen aus dem Modellwert des Vortick, Schreiben als Element des Stroms `mmio/ADR/w`, ein Feld per Lese-Modifiziere-Schreibe ueber den ganzen Record. Ein Modell, das den Lesekanal als Strom stellt, meldet der Rahmen mit `#error` (`LIMITS`). Die Invariante „dieselbe IR fuer jedes Ziel“ gilt jetzt bis auf Triple und Helferrumpfe.",M10,mittel,behoben 2026-09-26,
FB-262,crates/takt-llvm/src/stmt.rs; psi.rs,Fremde Outputs las der native Code ohne Unit-Delay,"Der Interpreter liefert einer fremden Maschine den committeten Wert des Vortick (8.3), der Codegen las den Latch des laufenden Ticks. `45_journal_cut` zeigte es: das Flash-Modell sah `flash_cmd` einen Tick zu frueh. Jetzt tragen die Ψ-Baenke die Outputs ihres Besitzers (`Field::Output`), der Rahmen kopiert den Latch beim Ψ-Commit hinein, und ein fremder Output wird aus der ersten Bank gelesen.",Befund,"8.3, 11.2, 9.4.4","Differenztest `45_journal_cut` (116 Abweichungen davor, 0 danach); `takt size` zaehlt die Outputs im Ψ-Posten.","Jeder Korpus mit einer Maschine, die den Output einer anderen liest, haette es gezeigt; es gab keinen. Das Ψ ist der richtige Ort, weil dort schon der Unit-Delay lebt.","Umgesetzt; `persist` und Monitore lesen weiter den Latch (eigene Groessen).",M9,hoch,umgesetzt 2026-09-24,
FB-263,crates/takt-llvm/src/lower.rs,Fehlversuche erreichbarer Funktionen wurden verschluckt,"`lower.rs` warf das Ergebnis von `fns::function` weg; eine Funktion, die der Codegen nicht senkt, fehlte still und der Linker meldete ein undefiniertes Symbol (`takt_fn_old_text`). Jetzt steht sie wie eine fehlende Schrittfunktion in `skipped` (`fn <name> fehlt: <Grund>`), nur wenn eine Maschine sie ruft. Der Grund in 45 war `for x in a` in Funktionen; dazu `append` aus einem Ausdruck.",Befund,"4.4, 11.2","`takt build corpus-try/45_journal_cut.takt --emit ir` vor und nach; Differenztest.","Ein stummer Fehlversuch ist schlimmer als ein gemeldeter: `lowered.complete()` sagte ja, der Link nein.","Umgesetzt.",M9,mittel,umgesetzt 2026-09-24,
FB-264,crates/takt-bringup-esp32c6/src/bin/takt.rs,Der Trace-Pfad des Bring-ups verliert Bytes ab rund 120 Byte je Tick,"`takt_board_trace` schreibt ohne Rueckstau in den USB-Serial-JTAG; Korpus 80 (fuenf Ausgaenge je Tick, davon zwei Enums mit Feldern, dazu die `time`-Zeile) fuellt den Pfad, und ab t = 45 verschmelzen Zeilen (`RECT(5 out cmd MOVE(10 , -1 )`, `EMPTYt=46 time took=`). Die Aufzeichnung des Hosts ist nicht die Ursache: Test-Capture (serialport) und PowerShell-Skript zeigen dieselbe Stelle. Das UART-Programm mit weniger Zeilen je Tick meldet `verworfen 0`.",Befund,"12.3, 13.8","`board_esp32c6.rs` mit `TAKT_ESP32C6_ONLY=80_payload_variants.takt` (32 Abweichungen, alle nach t = 44); rohe Aufzeichnung `p80.trace`.","Ein Trace ohne Rueckstau ist bei hoher Zeilenrate kein Trace. Der Ring mit `verworfen` faengt es fuer die Bilanz, aber nicht fuer den Vergleich; entweder blockiert der Schreiber im Schlaffenster oder der Vergleich nimmt weniger Ausgaenge je Tick.","Offen: Rueckstau im Schreiber oder Drosselung der `time`-Zeile; bis dahin bleibt 80 ausserhalb des Board-Korpus, die Nutzlast-Zeilen sind von Hand gegen den Interpreter geprueft. Nachtrag: Der Ueberlauf laesst den JTAG-Teil des USB-Serial-JTAG haengen (DMI-Timeout bis zum Neustecken); ein Lauf, den probe-rs startet, bricht dann nach rund 120 ms ab, wenn probe-rs aufgibt — das UART-Programm starb so bei t = 235. Reset ueber RTS und Flash per esptool ueber die Konsole (`elf2image`, `write-flash 0x10000`) kommen ohne JTAG aus; so lief das Abbild durch. Nachtrag 2026-09-25: Das Verschmelzen und Verstummen waren zwei Dinge. Das Verstummen war `wr_done` bei belegtem Endpunkt (FB-267, behoben). Die Verluste bleiben, weil der Ring nur einmal je Tick an die Leitung geht und die Leitung ein Paket (64 Byte) haelt, bis der Host es abholt: Mehr als rund 64 Byte je Tick gehen nicht. Ein Versuch, den Kern beim Abholen zu wecken (`serial_in_empty`-Interrupt je Paket, Leeren in der Warteschleife) halbierte die Verluste bei `46_matrices`, brachte aber das Verstummen zurueck; ohne Klarheit ueber die Pufferung des Endpunkts war das zunaechst zurueckgenommen. Umgesetzt am selben Tag mit dem Protokoll aus FB-267: Ein Paket nach dem anderen, das Abholen weckt den Kern (`serial_in_empty`-Interrupt, nur als Wecker), die Uhr leert den Ring nach jedem Wecken (`TickSource::wait_event`, `TimerClock::with_idle`). 46_matrices (rund 250 Byte je Tick) dreimal in Folge 0 Abweichungen; Suite: 7 von 8 Tests in 364 s, 41 von 49 Korpusprogrammen ohne Abweichung, kein Verstummen; 51, 53 und 55 mit 2 bis 3 Abweichungen durch einen Tick Verzug bei Stroemen (FB-269); Korpus 80 wieder im Board-Korpus. Offen bleibt der JTAG-Teil: Nach dem UART-Lauf antwortete das Debug-Modul nicht mehr (DMI-Timeout), waehrend die Konsole lief; Neuanmeldung mit Blockreset des USB-Blocks, ueber die Konsole ausgeloest (`TAKT` im Empfangspuffer, RTS-Reset — das Bring-up las ihn, der Port ging und kam), aenderte daran nichts. Der Wedge sitzt also nicht im USB-Block. Recherche (Espressif in openocd-esp32 #316): Ein harter Reset ueber EN setzt auf dem C6 auch den USB-Serial-JTAG-Block zurueck, ein Reset ueber RTS oder Software nur das HP-System — und das Debug-Modul haengt an derselben Grenze. Darum ist die Neuanmeldung jetzt ein Reset auf RTC-Ebene (RTC-Watchdog, Stufe 0 `ResetSystem`, 1 ms), ausgeloest ueber STORE0 per JTAG oder `TAKT` in der Konsole vor einem RTS-Reset; beides belegt (Port weg und in 0,2 s zurueck, JTAG und Konsole danach frisch). Versuchsreihe 2026-09-25, 03:00 bis 03:17: Der Wedge ist reproduzierbar, und der Reset auf RTC-Ebene ueber die Konsole holte JTAG fuenfmal von fuenf zurueck. Ausloeser: ein Lauf mit 500-us-Tick, der ueber RTS gestartet wurde (UART-Programm ebenso wie ein synthetisches Programm ohne Registerzugriffe, mit dichter wie mit spaerlicher Ausgabe, mit wie ohne USB-Interrupt-Bindung; auch mit der Sendeleitung auf GPIO16 statt GPIO7). Nicht ausgeloest: Laeufe mit 10-ms-Tick (RTS oder probe-rs), 500-us-Laeufe vom probe-rs-Reset aus, und einmal ein RTS-Start direkt nach einem probe-rs-Zugriff auf das laufende Programm. Der Mechanismus bleibt offen (Debug-Modul unter WFI-Zyklen von 2 kHz, abhaengig vom Zustand nach dem vorigen Reset); fuer die Suite ist er ohne Folge, weil sie ueber probe-rs startet. Regel: 500-us-Laeufe ueber probe-rs starten, RTS nur, wenn JTAG schon steht — und dann den Reset ueber die Konsole nachschieben. Weitere Quellen: probe-rs #2859/#3171 (ein Watchdog waehrend des Halts erzeugt DMI-Timeouts), esp-idf #8046 (auf dem C3 starb USB-JTAG, wenn der BBPLL-Takt des USB-PHY abgeschaltet wurde), ESP-IDF-Doku (im Light-Sleep fehlen APB- und PHY-Takt). UART-Programm (500 us Tick): took p50 17,4 us, p99 21,3 us, 20 000 Ticks, verworfen 0, Link-Zaehler gleich.",M9,mittel,umgesetzt 2026-09-25,
FB-265,crates/takt-conformance/src/harness.rs,Der Ψ-Commit des Rahmens kostete auf RV32 rund 14 us je Tick,"Der Rahmen kopierte die Bank Ψ_{k+1} nach Ψ_k als Byteschleife (`image[a + i] = image[b + i]`, 360 Byte) und jeden Output mit `memcpy` in die Bank; clang -Os laesst die Byteschleife als `lbu`/`sb` stehen und ruft fuer 1 bis 8 Byte `memcpy`. Auf dem C6 (160 MHz) sind das rund 10 us fuer die Schleife und 7 us fuer die 14 Aufrufe. Bank und Regionen sind 8-ausgerichtet (psi.rs), also kopiert der Rahmen jetzt `unsigned long long`-Woerter und weist Skalare typisiert zu.",Befund,"11.2, 8.3","UART-Programm auf dem C6, 20 000 Ticks: Schrittzeit p50 31,3 us (memcpy) -> 27,6 (typisiert) -> 17,5 us (Woerter), p99 21,8; davor ohne Ψ-Outputs 23,5. `.rwtext` 15 712 -> 15 632.","Ein Rahmen-Byte je Tick ist auf RV32 ein Befehl je Byte; die Bankkopie ist der groesste Einzelposten des Ticks gewesen, groesser als der Schritt selbst.","Umgesetzt; der Differenztest laeuft unveraendert.",M9,mittel,umgesetzt 2026-09-24,
FB-266,crates/takt-conformance/tests/board_esp32c6.rs,Der Board-Test haengt statt zu scheitern wenn der CDC-Eingang des USB-Serial-JTAG steht,"Nach den fuenf schnellen Tests blieb `the_board_agrees_with_the_interpreter` 20 Minuten ohne Kindprozess stehen; `capture` begrenzt die Leseschleife auf 30 s, aber ein `read` mit 200 ms Timeout kehrte nicht zurueck. Danach lieferte COM4 keinem Host-Pfad mehr ein Byte (serialport-Crate, .NET SerialPort, pyserial), nicht einmal das ROM-Banner im Download-Modus — waehrend JTAG antwortete, `probe-rs download` flashte und der Tick-Zaehler `g_tick` nach einem RTS-Reset ueber COM4 neu lief. Die Steuerleitungen erreichen den Chip also, nur der IN-Endpunkt des CDC steht; bis zum Neustecken (oder `pnputil /restart-device` als Administrator) hilft nichts.",Befund,"13.8","`TAKT_ESP32C6_PORT=COM4 cargo test -p takt-conformance --test board_esp32c6` am 2026-09-24 nach dem Neustecken; Einzellauf `TAKT_ESP32C6_ONLY=01_minimal.takt`: `kein takt end binnen 30 s; gelesen:` leer.","Ein Test, der haengt, ist schlechter als einer, der scheitert: der Leser braucht einen Waechter (Lesen im Hilfsthread, harte Frist), und der Vergleich sollte den Tick-Zaehler ueber JTAG als zweite Quelle lesen, dann unterscheidet er totes Programm von toter Konsole.","Umgesetzt in drei Teilen. (1) `capture` liest in einem Hilfsthread mit harter Frist; ein haengendes `read` haelt nur den Thread. (2) Fehlt `takt end`, liest der Test `g_tick` ueber `probe-rs read` (Adresse aus `llvm-nm`): steht das Programm vor dem Ende, ist das der Befund; lief es durch, schwieg die Konsole — auch mittendrin, wie `35_persist` bei t = 12 zeigte — und der Lauf wird wiederholt, beim zweiten Mal nach der Neuanmeldung. (3) Das Board meldet sein USB-Geraet auf Wunsch neu an: der Host schreibt `TAKT` ueber JTAG in LP_AON STORE0 (frei, ueberlebt den Reset) und setzt zurueck; `reenumerate_if_requested` im Board-Crate loescht den Wunsch und nimmt fuer 250 ms beide Pull-ups an D+ weg — `dp_pullup` im PHY (conf0, ohne `pad_pull_override`: das Override-Bit uebergibt die Kontrolle der Hardware, die den Pull-up haelt) und den schwachen Pull-up der IO-MUX an GPIO13 (vom ROM gesetzt; allein haelt er D+ an der 0,8-V-Schwelle, und der Host sieht kein Abstecken); das Pad bleibt an. Waehrend der Host das Geraet fuer abgesteckt haelt, setzt das Bring-up den Block ueber den PCR zurueck (`usb_device_rst_en`): Der steckende Endpunkt ueberlebt jeden Chip-Reset, nur nicht den Strom, und die reine Neuanmeldung liess ihn stecken (Suitenlauf 2026-09-25: ab `56_idle_timer` blieb die Konsole auch nach Neuanmeldung stumm). Mit dem Blockreset kam die Konsole aus genau diesem Zustand zurueck. Danach zaehlt der Host das Geraet neu wie nach einem Neustecken. Erster Versuch mit `usb_pad_enable = 0`: der Host sah kein Abstecken, der Kern verlor seine Adresse, beide Schnittstellen meldeten Fehler 31 bis zum Kabel. `the_board_reenumerates_its_usb_on_request` belegt den Mechanismus auf dem C6: Port weg und zurueck, Lauf danach ausgabengleich. Nachtrag 2026-09-25: `probe-rs reset` hing einmal 19 Minuten, ohne DMI-Timeout; jeder probe-rs-Aufruf hat jetzt eine Frist von 90 s (`probe_rs_bounded`, Pipes in Threads), und ein Ablauf zaehlt wie ein DMI-Timeout. Seit dem JTAG-Befund (FB-264) ist die Neuanmeldung ein Chip-Reset auf RTC-Ebene statt des Pull-up-Tanzes mit Blockreset; derselbe Test besteht damit, und Suite 8 von 8 in 388 s. Die Ursache des Endpunkt-Stillstands bleibt unbestimmt; die Genesung braucht keine Hand mehr.",M9,mittel,umgesetzt 2026-09-25,
FB-268,crates/takt-rt-baremetal; crates/takt-board-esp32c6,`59_persist_idle` weicht auf dem Board bei Tick 60 vom Interpreter ab,"`the_journal_writes_in_sleep_windows` (Board, 60 Ticks) meldet `count` 1 statt 2 bei Tick 60, reproduzierbar und ohne Stoerung der Konsole; die Linux-Differenz fuer 59 ist sauber. Der Board-Trace zeigt `t=9 ... slept=48`, dann `t=58 ... slept=47`: Die Runtime wacht zwei Ticks vor dem Ende des 500-ms-Fensters auf und schlaeft dann erneut fast das ganze Fenster, statt die letzten zwei Ticks zu laufen; der Eintritt in RUN faellt darum hinter Tick 60, und `g_tick` steht am Ende bei 106 statt 60. Am 2026-09-17 bestand der Test (plan/esp32c6.md Schritt 6, FB-199); seither wurde die Zeitseite der Runtime umgebaut (Overrun-Kennzahlen, Telemetrie), ohne dass das Board erreichbar war.",Befund,"9.9, 12.3, Satz 9.9.1","`TAKT_ESP32C6_PORT=COM4 cargo test -p takt-conformance --test board_esp32c6 the_journal_writes` am 2026-09-25: `[Difference { tick: 60, output: count, interpreter: 2, native: 1 }]`.","Ein virtueller Schlaf muss genau bis zur naechsten Frist reichen; ein zweiter Schlaf nach dem fruehen Aufwachen verschiebt die logische Zeit und bricht Satz 9.9.1. Der Interpreter ist die Spezifikation.","Umgesetzt. Die Ursache lag nicht in der Runtime, sondern im Codegen: `<m>_advance` rueckte beim virtuellen Schlaf nur den Zeitzaehler an Index 0 vor, waehrend `after` den Zaehler seines Zustands liest und der Schritt alle erhoeht (seit den Zaehlern je Zustand); in 56_idle_timer ist der idle-Zustand der erste, in 59 der zweite. Jetzt ruft `_advance` einen Helfer je Modul (`takt_advance_timers`, Schleife ueber alle Zaehler, `noinline` und `llvm.loop.unroll.disable`, sonst stuenden 400 Byte entrollter Zaehlerschritte im Objekt); Regressionstest `virtual_sleep_advances_every_timer` in takt-llvm, Baseline +32 Byte je Modul und +10 je Maschine. Die zweite Beobachtung (Aufwachen einen Tick vor der Frist) bleibt: `takt_now()` steht auf k*T0, die Schleife rechnet mit (k+1)*T0 — ein Leertick je Schlaf, trace-unsichtbar.",M9,hoch,umgesetzt 2026-09-25,
FB-267,crates/takt-board-esp32c6/src/uart.rs,Die USB-Konsole verstummt unter Last: `wr_done` bei belegtem Endpunkt setzt den Empfangspfad fest,"`Telemetry::flush` gibt Bytes an die Leitung, bis das FIFO nicht mehr frei ist, und schickt dann das Paket ab; die Leitung setzte `wr_done` bedingungslos — auch wenn der Host das letzte Paket noch nicht abgeholt hatte, und auch ohne ein Byte im FIFO. Genau das passiert, wenn der Ring voll ist und vor jedem Byte die Leitung versucht wird, also bei Programmen mit vielen Ausgaengen je Tick (25_format, 37_follows, 46_matrices, Korpus 80). Danach lieferte der Endpunkt nichts mehr oder spaeter alte Bytes (der Text unter `46_matrices` stammte von 37_follows), Chip-Resets aenderten nichts, nur ein Blockreset oder Stromverlust. Espressifs Treiber setzt `wr_done` nur nach einem Schreiben bei freiem FIFO. Jetzt merkt sich die Leitung, ob seit dem letzten Paket ein Byte kam, und schickt nur dann ab, wenn `serial_in_ep_data_free` steht.",Befund,"12.3, 13.8","`TAKT_ESP32C6_ONLY=46_matrices.takt` am 2026-09-25: vorher drei Versuche, jedes Mal verstummt nach t = 3 (Programm lief bis Tick 60); nachher zweimal bis `takt end`, nur noch verworfene Bytes (139 bzw. 107 Abweichungen, FB-264).","Ein Steuerbit einer Hardware-FIFO hat Vorbedingungen; sie gehoeren in die Leitung, nicht in den Ring, der jedes Board gleich behandelt. Der Stillstand hinter FB-264 und hinter dem hartnaeckigen Fall von FB-266 war derselbe Fehler.","Teilweise: Das bedingte `wr_done` liess `46_matrices` einzeln zweimal bis `takt end` laufen, im Suitenlauf danach verstummten 25_format, 46_matrices und 55_frames_with_bytes aber wieder in jedem Versuch, auch nach Neuanmeldung mit Blockreset — die Last selbst bringt den Endpunkt zum Stehen. Umgesetzt: Die Leitung fuehrt jetzt ein Paket nach dem anderen — hoechstens 63 Byte (das volle FIFO schickt sich selbst ab), `wr_done` nur fuer ein angefangenes Paket, und nach `wr_done` nimmt das FIFO erst wieder Bytes, wenn das Rohflag `serial_in_empty` das Abholen meldet; `serial_in_ep_data_free` allein trog unter Last, die 63-Byte-Grenze allein auch (Lauf 2 von 3 verstummte). Das Flag liest die Leitung selbst (`settle`), der Interrupt maskiert nur und weckt; so traegt es auch der Panic-Pfad ohne Interrupts. 46_matrices dreimal 0 Abweichungen; Suite: 7 von 8 Tests in 364 s, 41 von 49 Korpusprogrammen ohne Abweichung, kein Verstummen; 51, 53 und 55 mit 2 bis 3 Abweichungen durch einen Tick Verzug bei Stroemen (FB-269).",M9,hoch,umgesetzt 2026-09-25,
FB-269,crates/takt-conformance/src/mcu.rs,Der MCU-Rahmen machte die im Tick 0 gesendeten Stromelemente einen Tick zu spaet sichtbar,"`51_text_into_bytes`, `53_stream_kinds` und `55_frames_with_bytes` wichen auf dem Board bei t = 1 ab (nativ 0, Interpreter 110/3, 2/1, 1/3), bei t = 2 holte der Leser nach, und der Schreiber lief in einen Fault, den der Interpreter nicht kennt. Interpreter und Linux-Rahmen fuehren das erste `loop:` im Tick 0 aus; der Linux-Rahmen schliesst die Initialisierung mit `sim_bindings`, `takt_tx_commit(0)` und `takt_int_commit()` ab, die MCU-Initialisierung liess `sim_bindings` und `takt_int_commit()` aus. Die Elemente aus Tick 0 blieben darum „neu"" und unsichtbar, bis der Commit von Tick 1 sie freigab; im Tick 2 traf der Leser auf vier statt zwei Elemente und der Schreiber auf den vollen Ring (`capacity = 4`).",Befund,"8.6, 9.4, 12.1","Board-Suite 2026-09-25 (Abweichungen 2/3/2 in drei Laeufen gleich); Linux-Trace von 51 gegen den Board-Trace: `first 110` bei t = 1 gegen t = 2 mit `t=2 fault 0 0`. Nach der Korrektur (Board nach Neustecken): 51, 53 und 55 je 0 Abweichungen; Suite 8 von 8 Tests in 374 s, alle 49 Korpusprogramme ohne Abweichung.","Zwei Rahmen, eine Folge: Was die Initialisierung des einen tut, muss die des anderen ebenso tun. Die drei Programme bestanden am 2026-09-17 noch; der Unterschied kam mit dem Umbau der Initialisierung fuer das Journal (`init_with`), ohne dass das Board erreichbar war.",Umgesetzt: die MCU-Initialisierung ruft dieselbe Folge wie der Linux-Rahmen.,M9,hoch,umgesetzt 2026-09-25,
FB-270,crates/takt-conformance/tests/board_esp32c6.rs,Die Board-Suite ist der einzige Beleg fuer mehrere Pfade — und sie ist langsam,"FB-268 (virtueller Schlaf im Codegen) und FB-269 (MCU-Initialisierung) waren stille Abweichungen vom Interpreter, die nur auf dem Board sichtbar werden; sie kamen in den Tagen, in denen das Board nicht erreichbar war, und kosteten einen Tag Suche. Die Suite braucht 374 bis 388 s fuer 8 Tests mit 49 Korpusprogrammen. Je Programm etwa 6 bis 7 s: Bau des Bring-up-Abbilds rund 3,3 s (cargo mit build.rs, Rahmen erzeugen, clang, Link), `probe-rs download` rund 1,8 s, Aufzeichnung rund 2 s (500 ms Warten auf die Neuanmeldung, `probe-rs reset`, 60 Ticks zu 10 ms, Abholen). Der eigentliche Lauf ist unter einer Sekunde; Bau und Flash sind der Rest.",Befund,"13.8, Satz 9.4.4, plan/esp32c6.md Schritt 5","Suitenlaeufe 2026-09-25 (364, 374, 388 s); Einzelschritte aus den Versuchsreihen desselben Tags.","Ein Pruefstand, der sechs Minuten kostet, wird uebersprungen, und dann fehlt der einzige Beleg. Die Haelfte der Zeit ist der Bau je Programm, der bei unveraendertem Programm und Rahmen dasselbe Abbild erzeugt.","Regel: Board-Suite vor jedem Commit an Runtime, Rahmen oder Codegen. Beschleunigung: Abbilder nach Hash von Programm, Rahmen und Werkzeugstand zwischenspeichern (spart den Bau bei Wiederholung), `TAKT_ESP32C6_ONLY` fuer die betroffenen Programme, und der Bau aller Abbilder vor der Board-Schleife statt je Programm; bestenfalls halbiert das die Suite, der Flash bleibt. Umgesetzt: `build_program` legt Abbilder unter `takt-board-images` im Temp-Verzeichnis ab, Schluessel aus Programm, `ticks`, `fresh`, allen Crate-Quellen und dem Bring-up (Bauskript, Linkerskript, Millicode, `Cargo.lock`); erster Lauf 9 von 9 in 364 s, zweiter Lauf aus dem Speicher 9 von 9 in 210 s. Die Regel (Suite vor Commits an Runtime, Rahmen, Codegen) steht in plan/esp32c6.md.",M9,hoch,umgesetzt 2026-09-25,
FB-271,crates/takt-rt-baremetal/src/run.rs; crates/takt-board-esp32c6/src/uart.rs,Bei Ticks unter einer Millisekunde traegt die Konsole nur eine Zeile je Tick,"Die Leitung gibt je Abholung durch den Host ein Paket von hoechstens 63 Byte ab (FB-267); bei 10-ms-Ticks reicht das fuer 250 Byte je Tick (46_matrices), bei 500 us nicht mehr fuer zwei Zeilen je Tick: Ein synthetisches Programm mit `out`- und `time`-Zeile je Tick verlor rund fuenf Prozent der Zeitzeilen (19 040 von 20 000), das UART-Programm mit einer Zeile je Tick verliert nichts.",Luecke,"7.3, 12.3, 13.8","Versuchsreihe 2026-09-25, `tick500.takt` im Scratchpad, 20 000 Ticks: `took n=19040`; UART-Programm `verworfen 0`.","Der Konformitaetslauf schreibt die Zeitzeile je Tick; unter einer Millisekunde ist das mehr, als eine USB-Abholung je Paket traegt. Die Kadenz ist Sache der Runtime, nicht des Boards.","Zeitzeile nur bei Aenderung oder alle n Ticks im Konformitaetslauf, oder eine zweite Leitung fuer schnelle Ticks (UART0 an COM5); danach mit dem UART-Programm und zwei Zeilen je Tick nachmessen. Umgesetzt: Die Schleife schreibt die Zeitzeile hoechstens einmal je Millisekunde logischer Zeit (`time_every = 1 ms / T0`), bei 10 ms Tick also weiter je Tick; `Runtime::tick_ns` dafuer oeffentlich, grammar/trace.md ergaenzt. Messung `tick500.takt` (500 us, `out` je Tick): 20 000 out-Zeilen, 10 001 Zeitzeilen, verworfen 0.",M9,mittel,umgesetzt 2026-09-25,
FB-272,crates/takt-board-esp32c6/src/uart.rs; usb.rs,Das Konsolenprotokoll und die Genesung ruhen auf Beobachtung; zwei Restrisiken,"Das Protokoll (ein Paket nach dem anderen, 63 Byte, Freigabe ueber das Rohflag `serial_in_empty`) ist empirisch hergeleitet und haelt unter allen geprueften Lasten, hat aber keinen dokumentierten Vertrag hinter sich; der Mechanismus des JTAG-Wedges (FB-264) ist nicht verstanden, die Genesung per RTC-Reset ist robust, aber grob. Restrisiken: Der RTC-Watchdog ist jetzt fuer den Reset reserviert, und ein ungelesenes Paket im Empfangspuffer der Konsole blockiert Schreibversuche des Hosts bis zum naechsten Start, weil das Bring-up den Puffer nur beim Start liest.",Befund,"12.3, 13.4","FB-264, FB-266, FB-267 und die Versuchsreihen vom 2026-09-24/25.","Ein Protokoll ohne Vertrag kann mit einer Chip-Revision oder einer esp-hal-Version brechen, ohne dass ein Test es vorher sagt; der Board-Test faengt es dann als Befund, nicht als Regression im Wirt.","Endpunkt-Semantik im TRM des C6 gegenlesen oder beim Hersteller nachfragen und den Vertrag in `uart.rs` festhalten; Watchdog-Reservierung dokumentieren; Empfangspuffer je Tick leeren, wenn die Konsole einmal Eingaben tragen soll. Umgesetzt: Der Vertrag steht in `uart.rs` mit Espressifs `usb_serial_jtag_ll.h` — ein Byte nur bei `serial_in_ep_data_free`, und ein volles 64-Byte-Paket ist fuer den Host eine unvollstaendige Transaktion, die er erst mit einem kuerzeren oder leeren Paket ausliefert; das erklaert das Verstummen unter Last und die spaet nachkommenden alten Bytes (FB-267) und traegt die 63-Byte-Grenze. Die Watchdog-Reservierung steht in `usb.rs`. Die Leitung liest ihren Empfangspuffer bei jedem Abschicken leer (hoechstens ein Paket je Aufruf) und setzt bei `TAKT` den Chip zurueck — der Host kann den Reset damit im Lauf verlangen, ohne RTS: belegt 2026-09-25 (Port weg bei 0,05 s, zurueck bei 0,36 s, JTAG danach frisch); der Konsolenweg des Tests setzt vorher einen RTS-Reset, damit ein ungelesener Puffer den Host nicht blockiert, und wertet ein Abmelden mitten in der Folge als Erfolg (`the_board_resets_on_console_request`).",M9,niedrig,umgesetzt 2026-09-25,
FB-273,crates/takt-conformance/src/harness.rs; mcu.rs; crates/takt-llvm/src/step.rs,Pfade ohne Wirtsabdeckung: virtueller Schlaf des Codegens und die Initialisierungsfolge des MCU-Rahmens,"Der Linux-Differenztest fuehrt weder `_advance` (virtueller Schlaf, FB-268) noch die Initialisierung des MCU-Rahmens (FB-269) aus; beide Fehler waren Codegen- und Rahmenfehler, kein Board. Die Initialisierungsfolge steht zweimal, in `harness.rs` und `mcu.rs`, und die beiden wichen voneinander ab.",Luecke,"9.9, 12.1, 13.8, Satz 9.4.4","FB-268 und FB-269: beide erst auf dem Board gefunden, der Wirtsdifferenztest war gruen.","Was nur ein Board prueft, wird so oft geprueft wie das Board erreichbar ist. Ein Wirtslauf mit denselben Bindungen (`takt-mcu-program`, `may_sleep`) und eine Quelle fuer die Initialisierungsfolge nehmen dem Board zwei Klassen von Befunden ab.","Eine Funktion erzeugt die Initialisierungsfolge fuer beide Rahmen; der Linux-Rahmen bekommt einen Modus mit virtuellem Schlaf ueber `Program::advance`, den der Differenztest fuer 56 und 59 faehrt; dazu ein Wirtstest fuer `_advance` ueber alle Zeitzaehler (der IR-Test besteht schon). Umgesetzt: `harness::commit_sequence` erzeugt die Commit-Folge (Ψ, `sim`-Bindungen, Sendepuffer, interne Ringe) fuer beide Rahmen und fuer Tick 0 wie fuer jeden Tick; `harness::build_sleeping` gibt dem Linux-Rahmen den virtuellen Schlaf nach 9.9 (`_idle`, `_deadline`, `_advance`, `n = d / T0 - 1`, Zeitzeile mit `slept`); `virtual_sleep_is_invisible` faehrt jedes Korpusprogramm mit `idle`-Zustand schlafend gegen den Interpreter und verlangt, dass geschlafen wurde. Der Differenztest besteht mit 12 Tests; mit dem alten `_advance` haette 59 dort abgewichen.",M9,hoch,umgesetzt 2026-09-25,
FB-274,crates/takt-board-support/src/uart.rs; Board 1 (Black Pill V1.2),USART-Teiler um den Faktor 16 zu gross: Board 1 sendete mit 7200 statt 115200 Baud,"`divisor` rechnete `pclk * 16 / baud`; `BRR` traegt aber bereits `USARTDIV * 16`, also `pclk / baud` (RM0368, 16-fache Ueberabtastung). Die Tests hatten den Fehler festgeschrieben: 11667 statt 729 fuer 115200 Baud bei 84 MHz, und 9600 sowie 19200 Baud galten als „nicht darstellbar“ (Teiler 140000), was in Wahrheit 8750 und 4375 sind. Der Trace des `tick`-Bring-ups war bei einer Ratensuche nur bei 7200 Baud lesbar; die Taktregister (CR, CFGR, PLLCFGR, ausgegeben im Banner) zeigten dabei korrekt 84 MHz, und die Berichtzeilen kamen im Sekundentakt — der Fehler lag allein im Teiler.",Fehler,"12.3, 13.8",Ratensuche ueber COM7 (FT232RL) mit Lesbarkeitsmass; Banner mit RCC-Registern; nach der Korrektur Trace bei 115200 Baud vollstaendig lesbar (plan/f401.md 3). `cargo test -p takt-board-support`: 37 Tests.,"Genau die stille Fehlerquelle, die der Modulkopf beschreibt: nichts bricht, es liest nur niemand richtig. Ein Test, der aus der falschen Formel eine „harte Grenze“ ableitet, macht den Fehler unsichtbar. Erst der Vergleich mit einer unabhaengigen Uhr (Sekundentakt der Berichtzeilen gegen die Wanduhr des Hosts) trennte Takt und Teiler.","Behoben: `divisor = round(pclk / baud)`, `actual_baud = pclk / brr`; Tests auf 729 (115200), 365 (230400, gerundet), 8750 und 4375 (9600, 19200) und die echte Grenze 1282 Baud bei 84 MHz. `driver-test` (M10 Schritt 11) misst die tatsaechliche Rate am Board, damit so etwas kuenftig eine Zahl ist, kein Zufallsfund.",M10,hoch,behoben 2026-09-25,
FB-275,"Board 1 (Black Pill V1.2), plan/f401.md","Zugangswege zu Board 1: HID-Bootloader ohne KEY-Taster, UART-Bootloader durch VBUS gesperrt, ST-Link am losen Header; DFU als belegter Weg","Die Black Pill V1.2 hat nur NRST und BOOT0; `takt-flash-weact` verlangt „KEY halten“, den es auf diesem Board nicht gibt — wie der HID-Bootloader hier betreten wird, ist offen. BOOT0 + NRST fuehrt in den ROM-Bootloader von ST (0483:DF11, ohne LED). Dessen UART-Schnittstelle (AN3155 an USART1, wo der Adapter haengt) ist gesperrt, solange USB die Versorgung liefert: Der Bootloader prueft VBUS und waehlt DFU (AN2606). Der ST-Link V2 wird nach dem Treiber STSW-LINK009 (WinUSB; die Batch-Datei bricht ohne Adminrechte still ab) erkannt, der Chip antwortet aber mit `SwdDpParityError` und `SwdApWdataError` — der 4-polige SWD-Header ist unverloetet. Der DFU-Weg (Zadig WinUSB auf „STM32 BOOTLOADER“, `dfu-util -a 0 -s 0x08004000:leave`) flasht und startet die Anwendung, laesst Sektor 0 mit dem HID-Bootloader stehen und lieferte den ersten Trace vom Board.",Befund,"12.3, plan/m10.md 2.1","Setup-Log, PnP-Status, `probe-rs info` (JtagNoDeviceConnected ohne Strom, Paritaetsfehler mit losem Header), `dfu-util -l`, Ruecklesen von Sektor 0 (Marke „WeAct Studio“), Trace bei 115200 Baud (plan/f401.md).","Von vier Wegen geht heute einer ohne Treiberinstallation und Probe, und der braucht die Hand am Taster. Fuer die Suite (FB-270: vor jedem Commit) zaehlt nur die Probe; der Header ist ein Loetpunkt, kein Softwareproblem. Der Taktaufbau setzt seit heute auch den AHB-Teiler ausdruecklich, weil jeder Startweg (HID, DFU, Probe) eigene Registerwerte hinterlaesst.","Header verloeten, dann `probe-rs` als Weg der Suite (M10 Schritte 3, 4); DFU bleibt der Weg von Hand; `takt-flash-weact` als „V2/V3 mit KEY“ kennzeichnen oder den Einstieg auf V1.2 klaeren; `dfu-util` und Zadig liegen unter `G:\driver\`. Nachtrag 2026-09-26: Entschieden fuer den Weg ohne Loetkolben: Die Suite flasht ueber das Konsolenwort `TAKT` und den ROM-DFU-Bootloader (plan/f401.md 2.1), belegt in den Laeufen von `board_stm32f401.rs` und `takt bench`. Offen bleibt nur, wie der HID-Bootloader auf V1.2 betreten wird (plan/f401.md 4).",M10,mittel,entschieden 2026-09-25,Loetkolben (SWD-Header)
FB-276,crates/takt-mir/src/fns.rs; analysis/cost.rs; hardware.rs,"Division ohne eigenes Gewicht: 7.2 verlangt es, Kostenvektor und Tabelle kannten es nicht","7.2 sagt: „Division hat eigene Gewichte, weil sie je nach Kern Hardwarebefehl oder Bibliotheksaufruf ist.“ Der Kostenvektor zaehlte eine Division als gewoehnliche Operation ihrer Klasse, und `c_target` hatte je Klasse ein Gewicht. Eine Kalibrierung haette damit entweder Divisionen zu billig angesetzt (unsichere Schranke) oder jede Addition so teuer wie eine Division (auf dem RV32IMAC rund das Dreissigfache, das Gate waere nutzlos).",Luecke,"7.2, 9.4.3, 8.10, 13.8",Entwurf der Klassenkerne fuer `takt bench`; `takt cost` auf `46_matrices` und `36_int_units`.,"Die Referenz traegt die Loesung schon: Die sieben Klassen aus 9.4.3 bleiben, eine Division zaehlt weiter in ihrer Klasse, und der Vektor fuehrt zusaetzlich, wie viele davon Divisionen sind. Solange eine Division nicht billiger gewichtet ist als ihre Klasse, bleibt das komponentenweise Maximum ueber Zweige eine obere Schranke.","Umgesetzt: `CostVec` mit `i32_div`, `i64_div`, `f32_div`, `f64_div` (MIR-Felder 8–11, alte Dateien lesbar); die Analyse zaehlt `/` und `%` und die Divisionen der Matrixverfahren, wie `libtaktm::mat` sie ausfuehrt (LU n(n-1)/2, je Loesungsspalte n); `CTarget` mit eigenen Divisionsgewichten, `duration_ps` gewichtet sie, eine Division wiegt nie weniger als ihre Klasse, ohne Messwert wie ihre Klasse (das Modell bis Version 4); Hardware-Konfiguration Version 5 (`i32_div` …); `takt cost` zeigt „davon Divisionen“. Tests `a_division_weighs_with_its_own_weight`, `the_maximum_over_branches_stays_a_bound`, `a_division_counts_in_its_class_and_as_a_division`.",M10,hoch,umgesetzt 2026-09-25,
FB-277,crates/takt-board-stm32f401/src/uart.rs,"Die Leitung des F401 wartet je Byte: `try_write` blockiert, entgegen seinem Vertrag und 12.2","`Port::try_write` ist dokumentiert als „nimmt ein Byte an, wenn Platz ist — ohne zu warten“. Die F401-Leitung wartete je Byte bis zu 100 000 Durchlaeufe auf `TXE`, weil der USART kein FIFO hat. Ein Konformitaetslauf mit Zeitzeile je Tick hielt damit den Tick an — genau FB-227 auf dem C6 —, und `T_IO` haette die Telemetrie mitgemessen, die 7.2 ausdruecklich ausnimmt.",Befund,"12.2, 12.3, 7.2",Durchsicht der Leitung beim Entwurf von `takt bench`.,"Ein Hardware-FIFO in Software: Das Programm fuellt einen FIFO ohne zu warten, der USART-Interrupt gibt je `TXE` ein Byte an das Register weiter. Die Uhr fuellt zwischen den Ticks nach, sooft ein Interrupt weckt, wie auf dem C6.","Umgesetzt: `takt-board-support::ByteFifo` (ein Schreiber, ein Leser, `AtomicU8`-Plaetze ohne `unsafe`, Groesse als Zweierpotenz beim Uebersetzen geprueft — der Ueberlauftest fand, dass Modulo sonst ueber den Indexueberlauf bricht); `Usart1::try_write` legt nur in den FIFO, `flush` weckt den Sende-Interrupt; `USART1` bedient Senden und Empfangen (`on_interrupt`); `Tim2Tick::wait_event` ist ein einzelnes `wfi`, und `takt.rs` fuellt die Leitung im Leerlauf nach.",M10,hoch,umgesetzt 2026-09-25,
FB-278,crates/takt-mir/src/analysis/cost.rs,Rümpfe von Funktionen und Block-Schritten fehlten im Budget: ein Aufruf kostete nur `call: 1`,"9.4.3 definiert `N(f(args)) = Σ cost(args) + N(body f)`. Die Analyse zaehlte an der Aufrufstelle nur die Operation `call` und die Argumente; `Fn::cost` war ein Feld mit dem Kommentar „aus M3“, das niemand berechnete. Dasselbe galt fuer `step` einer Blockinstanz und ihre Methoden — die Bibliotheksbloecke aus 11.4 (`pid`, `lowpass`) fehlten im Budget jeder Maschine, die sie nutzt. Das Gate aus 7.2 haette ein Programm zugelassen, dessen Funktionen die Periode sprengen.",Fehler,"9.4.3, 7.2, 5.7",Der Aufrufkern von `takt bench`: zwei Aufrufe einer Funktion mit Schleife kosteten laut `takt cost` nur `call: 2`.,"Gefunden, weil die Kalibrierung die Analyse beim Wort nimmt: Ein Kern, dessen Kosten die Analyse falsch zaehlt, ergaebe ein falsches Gewicht. Eine Schranke, die Ruempfe auslaesst, ist keine.","Umgesetzt: Die Rumpfkosten jeder Funktion werden bis zum Fixpunkt ueber den azyklischen Aufrufgraphen gerechnet und in `Fn::cost` eingetragen; ein Aufruf zaehlt `call` plus Rumpf, `step` einer Blockinstanz den Rumpf ihres Schritts (aus dem Typ der Variable; sonst der teuerste Schritt aller Bloecke — eine Schranke bleibt eine), weitere Blockmethoden ihren. Tests `a_call_costs_its_body`, `a_block_step_costs_its_body`; die Suite blieb gruen.",M10,hoch,umgesetzt 2026-09-25,
FB-279,crates/takt-board-stm32f401/src/lib.rs,Die FPU des F401 wurde nie in den IEEE-Modus gesetzt: 4.2 verlangt es von der Runtime,"4.2: „Die Runtime schaltet Flush-to-Zero und Denormals-Are-Zero aus (x86 MXCSR, ARM FPSCR FZ)“. Auf dem F401 setzte das niemand; es galt nur, weil der Resetwert von `FPSCR` passt. Die Anwendung startet aber aus dem HID-Bootloader, dem DFU-Bootloader oder ueber eine Probe, und jeder Weg hinterlaesst seine Registerwerte (vgl. den AHB-Teiler aus FB-275).",Luecke,"4.2, 9.4.4, 13.8",Entwurf des Subnormal-Vektors fuer `takt bench`.,"Die Regel gehoert in den Start, nicht in den Zufall eines Resetwerts; der Subnormal-Vektor belegt sie auf dem Board.","Umgesetzt: `init` setzt `FZ`, `DN`, `AHP` in `FPSCR` und `FPDSCR` zurueck und die Rundung auf „zur naechsten“. `takt_rt_baremetal::bench::subnormal_failures` prueft acht Faelle (f32 und f64: halbierte kleinste Normale, verdreifachte kleinste Subnormale, Summe zweier Subnormaler, subnormale Differenz) gegen ihre IEEE-Bitmuster; `takt bench` meldet die Zahl im Bericht (`subnormal_failures`).",M10,mittel,umgesetzt 2026-09-25,
FB-280,crates/takt-bringup-stm32f401/memory.x,Ausrichtungswarnung des Linkers mit falscher Begruendung hingenommen,"Der Linker meldete, `.text` bei 0x08004194 sei nicht auf 8 ausgerichtet; `memory.x` erklaerte das als folgenlos und schrieb die 8 den Puffern des C-Rahmens in `.bss` zu. Die Linkerkarte zeigt die wahre Ursache: die f64-Routinen aus `compiler_builtins` (`__adddf3`, `__muldf3`, `__divdf3`), die jedes Programm mit f64 auf dem F401 hereinzieht.",Befund,12.3,Linkerkarte des Messprogramms (`-Map`).,"Eine Warnung mit falscher Begruendung ist schlechter als keine: Sie lehrt, Warnungen dieser Art zu ueberlesen.","Umgesetzt: `_stext = ALIGN(ADDR(.vector_table) + SIZEOF(.vector_table), 8)` in `memory.x`; die Warnung ist fort, der Resetvektor liegt bei 0x08004199; der Kommentar nennt die Ursache.",M10,niedrig,umgesetzt 2026-09-25,
FB-281,crates/takt-mir/src/analysis/cost.rs,"Die Kostenanalyse folgte 9.3 und 9.4.3 nicht: je Zustand statt je Kette, ohne Waechter, Wechsel, Fault-Pfad, Fenster, Muster, Senden und Kopien","Die Analyse rechnete je Zustand `enter + loop + exit + Σ Handler + Σ Aktionen` und nahm das Maximum; `F_m` war die Summe der Aktionen aus `FAULTED`. Es fehlten: die Kette (9.3 `exec_chain`: alle Ebenen laufen), die Waechter aller Uebergaenge der Kette, der Wechsel (Austritte, Eintritte, `loop:` im Modus ENTRY, Initialwerte), der Fault-Pfad nach 9.4.3 (`FAULTED` gehoert zu `B_m`, nicht zu `F_m`), das Fenster (`CAP · (…)`, Handler zaehlten einmal), `len_max` beim `send`, `max_len` beim Muster, `O(n)` bei `interp`, die Einsen (`check`, `->`, `for`, `at`, `every`), der Schleifenzaehler, Kopien von Aggregaten, Konversionen, Portlesen, `map` mit O(N) (3.9: „und so im Budget“) und die Kennzahlen der Abtastwerte (8.9).",Fehler,"9.3, 9.4.3, 9.7, 3.9, 8.7, 8.8","Referenzkern `lines.takt`: `takt cost` zaehlte fuer Formatieren, Abgleich und Dispatch von zwei Zeilen je Tick 4 `i32` und 6 `i64` — so viel wie zwei Additionen.","Die Kalibrierung nimmt die Analyse beim Wort: Ein Kern, dessen Arbeit sie nicht zaehlt, ergibt eine Tabelle, die nur eine Streckung rettet, und das Gate (7.2) haette Programme zugelassen, die auf dem Board ueberlaufen. Dieselbe Klasse wie FB-278, breiter.","Umgesetzt: `B_m` je Kette (Wurzel bis Blatt, 5.1): `loop:` und Handler der Maschine und aller Ebenen, die Waechter aller Uebergaenge, das Maximum ueber Uebergaenge und `->` aus Aktionen und Wechsel (Austritte der verlassenen Zustaende; je betretenem Initialwerte, Timer und Zaehler, gescopte Instanzen, `enter:`, `loop:` im Modus ENTRY; mit `resume` das teuerste Kind); `FAULTED` als eigene Kette; `F_m` entlang des Fault-Waldes (innerstes deklariertes Ziel, Maschinenziel, eigene Ziele der `check`s; `last_fault`, Warteschlangen, Jobs, Trigger) mit Gedaechtnis und Kreisschutz. Dispatch je Strom `CAP · (Holen + alle Handlerversuche + teuerster Rumpf)`, weil der Codegen die Handler nacheinander prueft (FB-282). Je Einheit feste Vektoren aus dem Codegen (`STEP`, `ITERATION`, `BYTE`, `MATCH_BYTE`, `CAPTURE_DIGIT`, `TEXT_BYTE`, `DECIMAL_DIGIT`, `HEX_DIGIT`, `FETCH`); Ziffern eines Platzhalters aus `max_abs` (Literal, Rest durch Literal, Maske, Range, Darstellung); `has` je Ansatz so weit, wie das Muster reicht; eine Tabelle, die kein Literal ist, mit der laengsten des Programms. `CostVec` saettigend (`ZERO`, `times`). Bericht: je Zustand der teuerste Tick, der in ihm endet, `FAULTED` als Zeile. Tests `a_transition_tick_costs_the_entry_of_its_target`, `a_nested_state_costs_its_whole_chain`, `the_fault_path_enters_the_fault_target`, `a_handler_runs_once_per_element_of_the_window`, `a_send_costs_its_text`, `has_costs_more_than_matches`, `every_guard_of_the_chain_counts`; `a_call_costs_its_body` und der Overlay-Test nachgezogen (Schleifenzaehler; das Schalten einer exklusiven Instanz kostet einen Speicherzugriff im Tick des Besitzers). Suite gruen. Nachzug 9.4.3: Die Gleichungen zaehlen die Operationen des Programms; was die Implementierung je Einheit selbst tut (Schleifenzaehler, Kopien, Musterschritte, Ziffern), steht als fester Vektor in `analysis/cost.rs` und wird von den Referenzkernen aus 13.8 geprueft; `N(for i < n do s) = 1 + n·(N(s) + 2)`, eine Zuweisung eines Aggregats kostet seine Bytes.",M10,hoch,umgesetzt 2026-09-25,
FB-282,"crates/takt-llvm/src/step.rs (`handler_chain`, `text_has`); crates/takt-mir/src/dfa.rs","Der erzeugte Dispatch prueft jeden Handler einzeln, `has` setzt an jeder Stelle neu an: 8.7 und 11.2 versprechen einen Durchlauf je Element","11.2: „alle Muster der Handler eines Zustands werden zu einem Produkt-DFA vereinigt, sodass jedes Element einmal durchlaufen wird“; 8.7: „Matching ist total und O(Zeilenlaenge)“; 9.4.3 budgetiert `CAP · (max_len + max_h N(body h))`. Der Codegen prueft die Handler nacheinander, jeden mit eigenem Automaten oder Vorwaertsdurchlauf, und kopiert das Element in jede Bindung. `has` setzt den Vorwaertsdurchlauf an jeder Stelle neu an: O(Laenge · Reichweite des Musters), mit `{_}` quadratisch. Der Produkt-DFA aus `takt-mir/src/dfa.rs` entsteht und steht in `takt size`, der Dispatch nutzt ihn ueber Handler hinweg nicht.",Abweichung,"8.7, 11.2, 9.4.3","Kostenanalyse FB-281: Die Schranke muss je Handler zaehlen, sonst laege sie unter dem, was laeuft.","Die Semantik stimmt (der erste passende Handler gewinnt in beiden Formen), die Zeit nicht: Ein Zustand mit H Handlern kostet H Durchlaeufe. Seit FB-281 zaehlt die Analyse, was laeuft; das Gate bleibt sicher, bezahlt wird mit Pessimismus.","Dispatch ueber den Produkt-DFA: ein Durchlauf entscheidet, welcher Handler trifft; der Vorwaertsdurchlauf nur fuer das treffende Muster mit Platzhaltern. `has` ohne Platzhalter als Automat fuer `.*P`, mit Platzhaltern ein Durchlauf mit der Klassenregel aus 8.7. Danach zaehlt die Analyse `max_len` wieder einmal je Element. Umgesetzt 2026-09-29 (M10 Schritt 30): `takt_mir::dfa::of_handlers` baut je Ebene und Strom einen Automaten ueber alle Textmuster, `matches` und `has`, mit `str` und `{_}` (Folgeliteral als KMP-Kette, `has` als neuer Faden an jeder Stelle); je Zustand die Bitmenge der treffenden Muster. Hoechstlaengen und Wertebereich kennt er nicht (Zaehler bis 19 oder 64 ergaben im Produkt 36 KB fuer `100_dispatch`): ohne Platzhalter genau, mit Platzhaltern eine Obermenge, deren Treffer der Vorwaertsdurchlauf bestaetigt, der ohnehin die Werte holt. Tabellen: Uebergaenge als `u8` bis 256 Zustaende, gleiche Automaten geteilt; `100_dispatch` 1412 Byte, `23_patterns` 760. Gebunden wird erst nach dem Treffer. Die MIR traegt keinen Automaten je Muster mehr (Format 12); `takt size` und die Kostenanalyse fragen dieselbe Funktion wie der Codegen und zaehlen den Durchlauf einmal je Element, dazu die Extraktion je Handler mit Platzhaltern (mehrere nur, wenn Guard oder Bereich das Element weiterreichen). Abnahme: Automat erschoepfend gegen den Interpreter (alle Texte bis Laenge 5 ueber sechs Zeichen, 25 Muster einzeln, 24 im Produkt), Differential `100_dispatch`. Referenz 11.2 und Anhang A nachgezogen. Offen in FB-351: `has` in Guards und Triggern.",M10,mittel,behoben 2026-09-29,
FB-283,crates/takt-mir/src/desugar.rs; plan/definition.md 6.2,"Ein `expect` prueft erst nach allen Anweisungen seines Segments: 6.2 legt, was dahinter steht, in `enter:`","Die Tabelle in 6.2: Anweisungen vor der ersten Zeitgrenze eines Segments gehen in `enter:` von S_i, ein `expect` in `loop:` von S_i und wird einmal im Eintrittstick ausgefuehrt. Damit laeuft in `expect ventil_zu, ""…""` gefolgt von `brennstoff = OPEN` im selben Segment die Zuweisung vor der Pruefung. Scheitert die Erwartung, folgt der Fault-Pfad — der Latch ist in diesem Tick aber schon geschrieben und wird committet, wenn `enter:` des Fault-Ziels ihn nicht ueberschreibt (5.2 Regel 5 verwirft nur geplante Ausgaben). Der Text nennt `expect` „punktuell: gilt an dieser Stelle“.",Befund,"6.2, 5.2, 5.5","Referenzkern `sequence.takt`, MIR: `passed = …` hinter dem `expect` stand in `enter:`, vor der Pruefung.",Eine Falle mit Sicherheitsbezug: Die Reihenfolge im Quelltext sagt „nur wenn die Erwartung gilt“. Die Implementierung folgt der Tabelle genau; die Referenz widerspricht ihrem eigenen Wortlaut.,"Ein `expect` beendet den Eintrittsteil seines Segments: Was dahinter steht, laeuft im Eintrittstick nach der Pruefung (im selben Einmal-Block wie das `expect`), noch vor dem Commit. Entschieden 2026-09-28: so umgesetzt (`takt-mir/src/desugar.rs`, auch `done` am Sequenzende), Referenz 6.2 und Anhang A; Pruefung 48 schuetzt damit wirklich, was sie verspricht. Belegt mit `statements_after_an_expect_follow_the_check` (Entzuckerung) und `an_assignment_after_a_failed_expect_is_not_committed` (Interpreter).",M10,hoch,behoben 2026-09-28,Entscheidung zur Referenz 6.2
FB-284,crates/takt-bringup-stm32f401/build.rs; crates/takt-bringup-esp32c6/build.rs; plan/definition.md 13.8,"13.8 nennt fuer die C-Referenzen `clang -O2`; verglichen wuerde damit die Optimierungsstufe, nicht die Sprache","Der erzeugte Code eines MCU-Ziels wird mit `-Os` und dem Outliner uebersetzt (Flash). Eine C-Referenz mit `-O2` liefe mit anderer Stufe und, ohne ausdrueckliche Angabe, mit zusammengezogenen Gleitkommaoperationen, die Takt verbietet (4.2: kein Fast-Math, `fma` nur als Primitive).",Befund,"13.8, 4.2",Entwurf der Referenzkerne fuer `takt bench`.,"Das Verhaeltnis Takt/C ist nur eine Aussage ueber die Sprache, wenn beide Seiten dieselben Uebersetzungsregeln haben.",Umgesetzt: Die C-Referenz laeuft mit den Objektflags des erzeugten Codes und `-ffp-contract=off` (`translate` in beiden Bring-ups); der Wirtstest `every_reference_computes_what_its_kernel_computes` uebersetzt sie ebenso. Nachzug 13.8: „C-Referenz mit den Uebersetzungsflags des erzeugten Codes und ohne Zusammenziehen von Gleitkommaoperationen“ statt `clang -O2`.,M10,mittel,umgesetzt 2026-09-25,
FB-285,crates/takt-hal/src/edge.rs; crates/takt-interp/src/image.rs; crates/takt-conformance/src/mcu.rs; crates/takt-rt-baremetal,"Der defensive Treiberrand aus 12.6 laeuft in keiner Runtime: die Zeilen 1, 2, 6 und 7 sind nur in `takt-hal` getestet","`takt_hal::edge::Edge` setzt die Tabelle aus 12.6 um (Zeilen 3 und 4 in `quality`), mit Tests in `takt-hal/tests/edge.rs`. Der Interpreter nutzt davon nur das Qualitaetstor (Zeilen 3, 4) und zaehlt `malformed` fuer Record-Stroeme (Zeile 5); `Edge::validate`, `confirm` und `period` ruft keine Runtime. Nativ liest der MCU-Rahmen `hw`-Eingaenge ueber `takt_in_*` ohne Zeitstempel, `seq` und Qualitaet und prueft Ranges nur fuer `sim`-Bindungen. `takt-hal` haengt an `takt_mir::Program` und damit an `std`; die MCU-Runtime kann den Rand so nicht benutzen. Der einzige `takt_hal::Driver` ist der Simulationstreiber.",Luecke,"12.6, 12.1, 13.8, 9.4.4","M10 Schritt 29a bis 29c, 2026-10-01: Randkern ohne `std` in `takt-hal` (`contract`, `quality`), im Interpreter (Zeilen 1 bis 5), im Wirtsrahmen ueber `takt-native-abi` (`driver_edge.rs`, `streams.rs`) und im MCU-Rahmen mit nativer Treiberschnittstelle (Zeitstempel, `seq`, Qualitaet, Bestaetigung, Heartbeat, `free[o]`); Zeile 7 in `takt-rt-core` (`tests/period.rs`). Auf beiden Boards `the_driver_edge_judges_like_the_interpreter` mit dem Pruefgeraet `edge_probe` und `a_stretched_tick_is_runtime_hardware` mit gestrecktem Zeitgeber ohne Abweichung, Board-Korpus ohne Abweichung. Schritt 11c, 2026-10-02: `takt driver-test --crate` faehrt ein Treiber-Crate mit `takt-bringup-host` durch denselben Rand (`host_board.rs`, `driver_test_cmd.rs`); das Pruefgeraet ist selbst ein Crate (`takt-driver-probe`), das beide Boards binden. Zeile 5 im Bericht: FB-361.","RAND-1/2/5/6/7 nach `plan/m10.md` 2.3 „fertig, wenn beide Modi auf beiden Boards liefen“ zu nennen, behauptete etwas, das kein Programm auf einem Board bekommt: 12.6 verlangt, dass die Runtime jede Lieferung vor dem Prozessabbild prueft. Ein `driver-test`, der nur den Simulationstreiber gegen `edge.rs` faehrt, wiederholte `takt-hal/tests/edge.rs` und pruefte keinen Treiber.","Zwei Arten von Treibern, zwei Wege. **Treiber in Takt** (`driver machine`, 12.10) prueft `driver-test` sofort, denn 12.10 legt es fest: „die Hardware-Korrektheit eines Treibers ist Sache seiner Modell-Szenarien“, dazu „die Messung auf dem Board“. Im Wirt laeuft der Treiber gegen sein Geraetemodell, das jeden Fehler einmal einspeist (Ueberlauf-, Rahmen- und Paritaetsflag, Break, voller Sende-FIFO, Bitfehler, schweigende Gegenstelle), und die Reaktion wird geprueft; auf dem Board laeuft derselbe Treiber ueber eine Drahtschleife und misst `guard`, `jitter` und Latenz fuer die Konfiguration. Erster Kandidat ist `crates/takt-bringup-esp32c6/programs/test_uart_c6.takt` mit `test_uart_c6_hw.takt` (Bruecke GPIO7 an GPIO17). **Treiber in Rust** hinter dem Rand aus 12.6 brauchen drei Schritte in dieser Reihenfolge: (1) ein Randkern ohne `std` in `takt-hal` — die Zeilen 1 bis 7 und das Qualitaetstor ohne `takt_mir::Program`, Grenzen und `MAXPT` als Zahlen, beim Start gerechnet —, den Interpreter, Linux- und MCU-Runtime gemeinsam benutzen: ein Rand fuer alle, wie 9.4.4 es fuer die Randfaelle verlangt; (2) die native Treiberschnittstelle liefert Abtastungen mit Zeitstempel, `seq` und Treiberqualitaet statt nackter Werte aus `takt_in_*`, dazu Schreibbestaetigung, Heartbeat und `free[o]`; der Stimulus bekommt dieselben Felder, damit der Interpreter mit Verstoessen gespeist werden kann; (3) `driver-test` faehrt ein Treiber-Crate gegen sein Hardwaremodell durch diesen Rand. Ohne (1) und (2) haette das Kommando fuer Rust-Treiber nichts zu pruefen als den Rand selbst.",M10,hoch,behoben 2026-10-02,
FB-286,crates/takt-mir/src/hardware.rs (`CTarget::is_complete`); analysis/schedulability.rs; crates/takt-sema/src/calibrated.rs,"Die Schedulability urteilte ueber Lasten in der Klasse `native`, deren Gewicht niemand misst","`CTarget::is_complete` nimmt `native` aus, weil ein Programm ohne Natives das Gewicht nicht braucht — und `Load::judge` fragte nur `is_complete`. Deklariert ein Programm eine Native mit `cost = {native: …}` (4.5), stand ihr Aufruf mit Gewicht null in der Zeitschranke, und Pruefung 32 sagte „passt“. `takt bench` misst keine Probe fuer `native`: Die Einheit legt die Deklaration fest, nicht die Hardware.",Fehler,"7.2, 9.4.3, 4.5, 13.8",Kalibrierung: `every_probe_is_pure` laesst `native` als einzige fehlende Klasse zu.,"Eine Null ist kein Messwert — der Grundsatz, mit dem `is_complete` selbst begruendet ist. Die Ausnahme fuer `native` gilt nur, solange die Last die Klasse nicht nutzt.","Umgesetzt: `CTarget::missing_for(n)` nennt die Klassen ohne Messwert, die ein Vektor braucht — jede ausser `native` immer, `native`, sobald `n` darin Operationen hat. `Load::judge`, die Meldung von Pruefung 32 und `wcet_poll` (Pruefung 59) fragen danach. Tests `a_native_load_needs_the_native_weight`, `a_missing_class_makes_the_table_incomplete` (erweitert).",M10,mittel,umgesetzt 2026-09-25,
FB-287,crates/takt-conformance/src/bench.rs; crates/takt-bringup-stm32f401/src/bin/bench.rs; crates/takt-bringup-esp32c6/src/bin/bench.rs; crates/takt-bringup-*/build.rs; crates/takt-board-stm32f401/src/lib.rs; crates/takt-rt-core/src/loopcore.rs,Erster Lauf von `takt bench` auf Board 1: Der Messaufbau mass an fuenf Stellen etwas anderes als beabsichtigt,"(1) Referenz und Kern rechneten einen Tick versetzt: `Generated::init` fuehrt Tick 0 aus, die C-Referenz begann mit Tick 1; kein Digest stimmte. (2) Ohne `-fno-math-errno` wurde `__builtin_fmaf` zum Aufruf von `fmaf` statt zur FPU-Instruktion. (3) LLVM verengte die i64-Probe auf 32 Bit, weil ihre Werte hineinpassten; die Klasse `i64` mass `i32`. (4) Die Aufrufprobe ergab 1 ps je Aufruf: Ihre beiden Varianten rechneten verschieden viel, und LLVM verschmolz die Ruempfe. (5) Der Flash-Beschleuniger des F401 lief ohne Prefetch; mit Caches haenge die Zeit von der Vorgeschichte ab. Dazu wich der Kern `sequence` im Digest ab — Ursache im Codegen (FB-288).",Fehler,"13.8, 7.2, 4.2","`benchprobe kernel` auf Board 1 (COM7) vor und nach den Korrekturen; zweiter Lauf: fuenf von sechs Kernen mit gleichem Digest, Faktoren Takt/C pid 2,49, thermocouples 1,32, lines 1,09, matrix 0,23, crc32 0,19.","Eine Probe, die eine andere Klasse misst, als ihr Name sagt, oder eine Referenz, die einen anderen Tick rechnet, liefert Zahlen ohne Aussage — und sie sahen plausibel aus.","Umgesetzt: Die Referenz rechnet Tick 0 vor dem Aufwaermen mit; die Bring-ups uebersetzen die C-Referenz mit `-ffp-contract=off -fno-math-errno`, der Wirtstest ebenso; die i64-Probe rechnet mit 40 Bit (`the_i64_probe_needs_64_bits`); die Aufrufprobe vergleicht eine gegen zwei Funktionen mit gleichem Rumpf (`the_call_probe_differs_only_in_calls`); der F401 laeuft mit Prefetch und ohne Caches; `tick_end(k)` in `takt-rt-core` ist die logische Zeit des Loop-Kerns und des Messprogramms. Die Auswertung steht in FB-291.",M10,hoch,behoben 2026-09-25,
FB-288,"crates/takt-llvm/src/step.rs; crates/takt-llvm/src/machine.rs; crates/takt-interp/src/machine.rs; crates/takt-prove/src/encode.rs; plan/definition.md 5.2, 5.3, 5.11, 9.3",Der erzeugte Code ordnete den Konfigurationswechsel anders als der Interpreter,"Der Kern `sequence` (FB-287) wich ab, weil zustandslokale Variablen beim Wiedereintritt ihren alten Wert behielten. Dahinter lagen weitere Stellen, jede mit einem Programm belegt: (1) Aktionen nach statt vor den `exit:`-Bloecken; (2) ein Fault in `enter:` (auch nach einem `->`) nahm den Fault-Pfad des verlassenen Blatts statt des neuen; (3) der Weg nach `FAULTED` lief ohne `exit:` und ohne die Aktionen eines `-> FAULTED`; (4) Uebergaenge aus `FAULTED` fehlten, nativ blieb die Maschine dort; (5) der gemeinsame Vorfahr wurde zum Zielblatt statt zum Zielzustand bestimmt (Selbstuebergang eines inneren Blatts, Uebergang auf den Elternzustand); (6) `->` im Block ignorierte `resume`; (7) `_init_vars` schrieb die Anfangswerte aller Zustaende ins Overlay, ein Geschwister ueberschrieb die des Anfangszustands; (8) ein `exit:` mit impliziter Pruefung liess `_exit_all` nicht uebersetzen. Im Interpreter: `time_in_state` im `exit:` las den Zaehler des Ziels; ein Fault in `FAULTED` fuehrte zum Fault-Ziel der Maschine (gegen Lemma 9.3.1, im erzeugten Code eine Endlosschleife); ein Fault im `exit:` einer gescopten Instanz brach den Lauf ab. 5.2 und 9.3 nannten verschiedene Reihenfolgen.",Fehler,"9.3, 5.2, 5.3, 5.11, 5.12, 9.4.4, Lemma 9.3.1",Wirtsvergleich nativ gegen Interpreter je Fall vor und nach der Korrektur; `sequence` 60 Ticks ohne Abweichung; Korpus (`differential.rs`) weiter ohne Abweichung.,"Satz 9.4.4 ist die Zusage des Codegens; jede der Stellen aenderte Outputs eines gueltigen Programms. Der Korpus traf sie nicht, weil keines seiner Programme Aktionen und `exit:` verband, in `enter:` scheiterte oder `FAULTED` verliess.","Umgesetzt: ein Wechsel `switch` im Codegen fuer Uebergang, `->`, Fault-Pfad, Weg aus `FAULTED` und Tick 0, in der Reihenfolge von 9.3; Fault-Pfade je Funktion ueber eine Arbeitsliste; `machine::crossing` bestimmt Verlassen und Betreten wie der Interpreter. Interpreter und Prover: `exit:` in der verlassenen Konfiguration, `FAULTED` als Senke, ein Fault im Instanz-`exit:` beendet nur den Austritt. Definition 5.2, 5.3, 5.11, 9.3 und Lemma 9.3.1 nachgezogen, Anhang A. Tests: `crates/takt-conformance/tests/switches.rs` (14 Faelle), `the_common_ancestor_lies_strictly_above_the_target_state`. Objektgroesse im Korpus +1,9 %, weil `pc` jetzt auch auf Fault-Pfaden und an Tick 0 steht. Offener Rand: FB-289.",M10,hoch,behoben 2026-09-25,
FB-289,plan/definition.md 9.3; crates/takt-interp/src/machine.rs (`switch`); crates/takt-llvm/src/step.rs (`switch`),"Nach einem Fault in `exit:` laeuft der Fault-Pfad ab einem Ziel, das nie betreten wurde","9.3 setzt die neue Konfiguration vor den `exit:`-Bloecken; scheitert einer, wird der Fault mit ihr behandelt. Der Fault-Pfad verlaesst dann das Ziel: Dessen `exit:` laeuft, obwohl sein `enter:` nie lief und seine zustandslokalen Variablen nie gesetzt wurden. Liest dieser `exit:` sie oder `time_in_state`, liefern die Implementierungen verschiedene Werte — der Interpreter den Stand des letzten Aufenthalts, der erzeugte Code das Overlay des verlassenen Geschwisters (11.2) bzw. die Verweildauer des verlassenen Blatts.",Referenzluecke,"9.3, 5.2 Regel 5, 11.2, T6","`a_fault_in_an_exit_block_is_handled_in_the_new_configuration` (ohne solche Lesezugriffe: beide gleich); T6 verlangt Definite Assignment bei jedem Eintritt, und hier gab es keinen.","Ein Rand zweiter Ordnung (Fault in `exit:`, dann Lesen im `exit:` des Ziels), aber einer, an dem Satz 9.4.4 nicht gilt. Die Ordnung „Konfiguration vor `exit:`“ traegt Lemma 9.3.1: Jeder Fault eines Wechsels wird ab dem neuen Blatt entlang des Fault-Walds aufgeloest.","Zwei Wege. (a) Ein Fault in `exit:` wird ab dem kleinsten gemeinsamen Vorfahren behandelt: Die Zustaende darunter sind verlassen, die neuen noch nicht betreten, und der Fault-Pfad verlaesst nur Zustaende, die aktiv waren; Lemma 9.3.1 bleibt, weil der Vorfahr (oder die Maschine) eine Kante im Fault-Wald hat. Im Codegen braucht das eine Fault-Quelle `Vorfahr` neben Blatt und `FAULTED`. (b) `exit:` ohne implizite Pruefungen, wie die Guards aus `FAULTED` (Pruefung 9) - strenger, aber einfach. Empfehlung (a), weil sie nichts verbietet, was heute gilt. Entschieden 2026-09-28: (a), dazu die Senke: Fuehrt der Wechsel nach `FAULTED`, bleibt sie das Ziel. Interpreter (`switch`, Merker `started` statt leerer Konfiguration fuer den ersten Eintritt), Codegen (`FaultFrom::{State, Root, Faulted}`, `resume` merkt sich ab einem Vorfahren dessen `initial`-Blatt); Korpus 99 im Differential und im Board-Korpus, `a_fault_in_exit_is_handled_from_the_common_ancestor`; Referenz 9.3 und Anhang A.",M10,niedrig,behoben 2026-09-28,Entscheidung zwischen (a) und (b)
FB-290,corpus-try/46_matrices.takt; crates/takt-conformance/tests/board_stm32f401.rs,clang 22.1.8 bricht fuer `46_matrices` auf thumbv7em in der Befehlsauswahl ab,"`clang -c -Os --target=thumbv7em-none-eabihf -mcpu=cortex-m4 -mfloat-abi=hard` auf dem erzeugten IR von `46_matrices` endet mit „fatal error: error in backend: Cannot select: i32 = setcc …, Constant:i64<0>, seteq“. Das IR passiert den Verifier; x86-64 (`differential.rs`) und RISC-V (`size_baseline`) uebersetzen dasselbe Programm. Minimalbeispiele (f64-Division, Vergleich mit null, `fabs`) reproduzieren den Abbruch nicht; `llvm-reduce` fehlt in der Installation.",Befund,"12.8, 13.8","Korpuslauf auf Board 1: 43 von 44 Programmen ohne Abweichung, 46 baut nicht.","Ein Fehler im Backend, nicht im Codegen: Gueltiges IR darf die Befehlsauswahl nicht abbrechen. Eine andere Form fuer f64-Vergleiche im Codegen waere eine Umgehung, die alle Ziele betraefe.","IR mit `llvm-reduce` verkleinern und upstream melden; bis dahin ist 46 auf dem F401 eine bekannte Grenze der Board-Abnahme. Keine Umgehung im Codegen. Nachtrag 2026-09-26: Ursache gefunden. Die Soft-Double-Expansion von `llvm.maximum.f64` auf thumbv7em erzeugt einen `setcc` auf `i64`, den die Befehlsauswahl nicht legalisiert; elf Zeilen IR reproduzieren den Abbruch (`fabs` zweier Werte, `maximum`, `fcmp one` gegen `inf`). Die Endlichkeitspruefung der Matrizen benutzte `maximum`; seit FB-297 pruefen wir je Element ohne es, und `46_matrices` laeuft auf dem F401 ohne Abweichung. Der Fehler in LLVM besteht fort; der Reproducer reicht fuer eine Meldung upstream, die nach aussen geht und darum eine Freigabe braucht. Entschieden 2026-09-28: melden. Entwurf und Reproducer in `plan/upstream/llvm-arm-maximum-f64.md`/`.ll`, mit clang 22.1.8 erneut reproduziert; abgeschickt wird vom Konto des Projekts.",M10,mittel,behoben 2026-09-26,LLVM (upstream)
FB-291,crates/takt-conformance/src/bench.rs; crates/takt-conformance/src/report.rs,"Auswertung des ersten Board-Laufs: Tick-Streuung, Streckung und zwei Faktoren unter eins sind nicht erklaert","(1) `tick_jitter` meldete 121 µs; die Zeitstempel zeigen einen konstanten Versatz von −120 µs, keine Streuung. (2) Die Streckung 2,91 stammt aus `call klein`: i32-Arbeit in Funktionsruempfen kostet mehr als die verschmolzene Geradeausprobe der Klasse `i32`. (3) matrix 0,23 und crc32 0,19: Takt ist vier- bis fuenfmal schneller als C. Vermutet: Takt rollt Matrizen fester Groesse ab, C mit `-Os` behaelt die Schleifen; LLVM erkennt im Takt-IR das CRC-Idiom. (4) `f32` kostet 9,7 Zyklen je Operation, mehr als die FPU braucht.",Befund,"13.8, 7.2",Zweiter Lauf auf Board 1 (`stm32f401.report`).,"Faktoren und Kalibrierung sind erst belastbar, wenn die vier Punkte erklaert sind: (1) ist ein Auswertungsfehler, (2) und (4) betreffen die Kalibrierung aus 7.2, (3) die Fairness des Vergleichs.","(1) Umgesetzt: `tick_jitter` ist, um wie viel der Abstand zweier Tickbeginne die Periode hoechstens ueberschreitet (groesstes `drift[k] - drift[k-1]`, nie unter null) — die Groesse aus Pruefung 59. Ein fester Versatz zaehlt nicht, und ein spaeter Anlauf von Tick 0 (Board 1: +35 µs, danach alle Ticks bei -122 µs) verkuerzt nur den ersten Abstand; Spitze zu Spitze hatte daraus 157 µs gemacht (`a_constant_drift_is_no_jitter`). (2) Umgesetzt: Die i32-Probe verschmolz — `(a * 181 + b) & 65535` wurde ein `MLA`, die Maske fiel weg, weil die naechste Zeile nur die unteren Bits las. Jetzt schiebt jede Zeile um einen Betrag aus einem Register (`((a * 181) ^ (b >> (a & 7))) & 65535`): Thumb-2 kennt dafuer keinen verschmolzenen Operanden, und die Maske bleibt stehen. Auf Board 1 misst sie 1,0 Zyklen je Operation statt 0,33. Dafuer schaetzt die Bereichsanalyse jetzt auch `|` und `^` nicht negativer Operanden (3.4, `bitwise_or_and_xor_keep_the_bits_of_their_operands`). (3) Disassembly: Fuer den Takt-Kern CRC32 ersetzt LLVM die Bitschleife durch eine Tabelle mit 256 Eintraegen (16-fach entrollt), fuer die C-Referenz nicht — auch nicht mit gehobener Laengenpruefung, `if`/`else` statt `?:`, anderem Zaehlertyp oder `-O2`. Die Ursache liegt in der Form des IR, nicht in einer Pruefung; der Faktor 0,19 misst die Tabelle gegen die Bitschleife, und der Bericht muss das sagen. Matrix: Takt senkt feste Matrizen entrollt, C mit `-Os` behaelt die Schleifen; der Faktor gilt, der Bericht nennt dazu die Groesse beider Seiten. (4) Disassembly: Nach jeder f32-Operation steht eine Endlichkeitspruefung (`vmov`, `bic`, `cmp`, `bge.w`), die C-Referenz prueft je Zuweisung — FB-294. Lauf 5 auf Board 1: alle sechs Digests gleich, Tick-Jitter 0, Streckung 1,44 statt 2,91 — getrieben vom Fault-Pfad des Sequenzkerns mit dem Hook der Runtime (FB-295); Konfiguration und Bericht stehen in `corpus-try/hw/stm32f401.hw` und `stm32f401.report`.",M10,mittel,behoben 2026-09-25,
FB-292,corpus-try/55_frames_with_bytes.takt; crates/takt-conformance/tests/board_stm32f401.rs; crates/takt-board-stm32f401,"`55_frames_with_bytes` wich auf Board 1 ab: Die Leitung traegt den Trace nicht in Echtzeit, und die Telemetrie verwarf","Das Programm tickt mit 1 ms und schreibt je Tick bis zu 637 Byte; die Leitung nimmt bei 921 600 Baud rund 92 Byte je Millisekunde. Die Telemetrie verwirft, was nicht passt (12.2), und meldete am Ende `verworfen 25076`; der Vergleich zaehlte danach jede Zeile als Abweichung (760). Auf x86-64 stimmt das Programm (`differential.rs`).",Befund,"9.4.4, 12.8",Einzellauf auf Board 1 mit vollstaendiger Ausgabe (`benchprobe trace`): Abschlusszeile `verworfen 25076`.,"Kein Fehler im Codegen, sondern im Aufbau des Konformitaetslaufs: Er prueft die Semantik (Satz 9.4.4), und die kennt nur die logische Zeit — die Echtzeit gehoert in die Laeufe, die sie messen.","Umgesetzt: Ein Konformitaetslauf (`Options::fresh`) laeuft in logischer Zeit (`LogicalClock` in `takt-rt-baremetal`: zwischen den Ticks die Leitung leeren, dann steht die Uhr auf der Frist) und mit verlustfreier Telemetrie (`Telemetry::lossless`, beschraenkt auf `DRAIN_ROUNDS`); `Options::timed` behaelt die Uhr fuer Tick-Jitter und Stack von `takt bench` und fuer die C6-Tests, die Schlaf, Journal und UART an der Uhr pruefen. Ein Lauf mit verworfenen Bytes scheitert jetzt als „Trace unvollstaendig“ statt mit Scheinabweichungen (`a_trace_with_dropped_bytes_is_refused`). Board 1: `55_frames_with_bytes` ohne Abweichung; auf dem C6 alle 44 Korpusprogramme ohne Abweichung, die Echtzeit-Tests (Schlaf, Journal) bestanden.",M10,mittel,behoben 2026-09-25,
FB-293,crates/takt-bringup-stm32f401/src/bin/natives.rs; crates/takt-conformance/tests/board_stm32f401.rs; crates/takt-native (Vertraege),Das Natives-Messprogramm misst Stack und Ergebnis der Rust-Implementierung; Programme rufen auf dem MCU die C-Natives des Rahmens,"`the_natives_agree_with_the_host`: `sha256`, `sha256_update` und `hmac_sha256` brauchen auf dem F401 je 780 Byte Stack; die Vertraege nennen 512, 512 und 768 Byte. Auf dem C6 dasselbe Bild: `sha256` und `sha256_update` je 748 Byte, `hmac_sha256` innerhalb der Zusage. Gemessen wird um `takt_native::call`, den Verteiler der Rust-Implementierung. Der erzeugte Code ruft auf dem MCU aber `takt_native_<name>` aus dem C-Rahmen (`harness::natives`, ueber `mcu.rs` mit clang fuer das Ziel uebersetzt) — eine andere Implementierung. Ihre Ergebnisse belegt der Korpus auf dem Board (`20_native`, `39_sha256` ohne Abweichung), ihren Stack misst niemand.",Befund,"4.5, 13.8, 9.4.4 (T5)",Natives-Lauf auf Board 1.,"Der Stack-Vertrag geht als Blattkosten in die Stack-Schranke ein (T5) und gilt fuer das, was ein Programm ruft. Die 780 Byte sagen darueber nichts: Sie stammen von einer anderen Implementierung, gemessen samt Verteiler.","Zwei Wege. (a) Das Messprogramm bindet die C-Natives des Rahmens und ruft jede ueber `takt_native_<name>`, einzeln gemalt; die Vektoren laufen gegen genau diese Einstiege. (b) Die Runtime stellt die Natives aus `takt-native` mit C-Einstiegen bereit, und der Rahmen bringt keine eigenen mehr mit: eine Implementierung statt zweier, bitgleich per Konstruktion, ohne zweite Rechnung in C; gemessen wird der Einstieg der Runtime. Entschieden 2026-09-28: (b) - 4.5 legt die Implementierung selbst in die Runtime. Umgesetzt 2026-09-28 (M10 Schritt 27): `crates/takt-native-abi` (eigener Workspace, TCB-Manifest) liefert `takt_native_<name>` und `takt_native_map_*`, fuer Boards ueber `takt-mcu-program`, fuer den Wirtsrahmen als statische Bibliothek (`harness::native_library`); der Rahmen deklariert nur noch. Das Messprogramm ruft jeden Einstieg ueber einen Zeiger, die Kette `sha256_init/update/final` je Aufruf. Gemessen zuerst 972 Byte fuer `sha256`; der Nachrichtenplan als Ring aus 16 Woertern und das Auffuellen im Block senkten ihn auf 504 (F401) und 476 (C6), `hmac_sha256` auf 792. Die Vertraege stehen jetzt beim Maximum beider Boards plus einem Viertel (32er-Raster), und die Sema lehnt eine Deklaration darunter ab (Pruefung 31, T5). Nebenbei: 14.8 laeuft nativ (`ecdsa_p256_verify` ueber den Einstieg, Drahtfelder `bytes<N>` im Codegen), und die Linux-Runtime reichte den Digest eines Jobs mit Laengenpraefix weiter.",M10,hoch,behoben 2026-09-28,
FB-294,crates/takt-sema (Pruefknoten `Checked { NonFinite }` in der MIR); crates/takt-llvm/src/expr.rs; crates/takt-conformance/bench/pid.takt,"Der erzeugte Code prueft nach jeder Gleitkommaoperation auf Endlichkeit, auch wo eine Pruefung am Ende des Ausdrucks dasselbe entscheidet","Auf dem F401 folgt jeder `vmul.f32`/`vadd.f32` ein `vmov` in ein Kernregister, `bic`, `cmp` und `bge.w` — vier Befehle und ein Uebergang aus der FPU je Rechenoperation; die f32-Probe misst 9,7 Zyklen je gezaehlter Operation, und der PID-Kern (f32) liegt beim 2,49-fachen der C-Referenz, die je Zuweisung prueft.",Befund,"4.1, 4.2, 9.4.4",Disassembly der f32-Probe und des PID-Kerns fuer thumbv7em (`-Os`).,"Nicht endliche Ergebnisse haben eine einzige Fault-Art (`NonFinite`), und durch `+`, `-`, `*` und den Zaehler einer Division pflanzt sich ein nicht endlicher Wert immer fort (Inf - Inf, Inf * 0 ergeben NaN). Eine Pruefung am Ende einer solchen Kette meldet also dieselbe Art im selben Tick und in derselben Anweisung wie die Pruefung je Operation. Verschlucken koennen ihn nur Divisor, Vergleich, `min`/`max`, Aufruf und Umwandlung.","Die Pruefknoten setzt das Sema in die MIR, um jede Gleitkommaoperation; Interpreter und Codegen folgen ihr. Eine Zusammenfassung gehoert darum in die MIR: Durch `+`, `-`, `*`, Negation und den Zaehler einer Division entfaellt der Knoten, vor jedem verschluckenden Gebrauch (Divisor, Vergleich, `min`/`max`, Aufruf, Umwandlung) und am Ende des Ausdrucks steht er. Entschieden 2026-09-28: so umgesetzt - Sema (`unchecked_chain` beim Aufbau der Kette), der Interpreter rechnet Gleitkomma ohne eigene Pruefung und prueft am Knoten wie der Codegen; Referenz 4.1 und Anhang A. Differentialtest `nonfinite_chains.rs` (Ueberlauf mitten in der Kette, nicht endlicher Divisor, Division durch null als Zaehler, endliche Kette).",M10,mittel,behoben 2026-09-28,Entscheidung zu 4.2 (Stelle des Faults)
FB-295,crates/takt-mir/src/analysis/cost.rs,"Die Kostenanalyse zaehlte die Maschinerie des erzeugten Codes nicht: Nach dem Umbau des Wechsels musste die Tabelle um 4,5 gestreckt werden","Mit korrekt neu gesetzten Zustandsvariablen (FB-288) feuert der Kern `sequence` jede siebte Runde einen Fault; sein teuerster Tick mass auf Board 1 437 Zyklen, die Schranke ohne Streckung 97. Schon der kleine i32-Kern lag ueber ihr (246 gegen 212 Zyklen): Das Modell zaehlte je Aktivierung nur die Operationen des Programms — nicht das Verteilen ueber `conf`, das Fortschreiben aller Zaehler `t_in_state` (einer je Zustand und einer fuer das Blatt), den Aufruf je `loop:`-Funktion, das Laden und Speichern der Variablen, je Wechsel `conf`, `pc`, die Zaehler der betretenen Zustaende und den Entry-Tick, je Fault den Hook der Runtime. Dazu nahm `fault_targets` fuer den als Fault-Ziel der Maschine deklarierten Zustand das Ziel der Maschine, also ihn selbst, statt `FAULTED` (5.3).",Fehler,"9.4.3, 7.2, 13.8, 5.3","Lauf 3 auf Board 1 (`stm32f401.v2.report`): Streckung 3690476/819195, getrieben von `sequence`; Disassembly des Kerns.","Die festen Vektoren in `cost.rs` sollen nach 9.4.3 abbilden, was der Codegen je Einheit tut, und die Referenzkerne pruefen sie; ein Kern ueber seiner Schranke heisst, ein Vektor ist zu klein. Die Streckung ist die Sicherung, nicht die Kalibrierung: Mit 4,5 waere jede Klasse viereinhalbfach zu teuer angesetzt.","Umgesetzt: feste Vektoren `DISPATCH`, `TIMER` (je Zaehler), `BLOCK_CALL` (je `loop:`-Funktion und Entry-Tick) und `RUNTIME_CALL` (Fault-Hook, Job-Abbruch), je Aktivierung die Variablen der Maschine und der Kette, je Wechsel `conf`, `pc` und die Zaehler, der Weg nach `FAULTED` mit den `safe`-Werten; `fault_targets` ueber `fault_target_of`. Mit den Gewichten von Lauf 3 deckt die Schranke den i32-Kern (268 gegen 246 Zyklen) und PID (496 gegen 379); `sequence` liegt noch 27 % darueber, der Rest ist der Hook der Runtime, dessen Kosten das Programm nicht kennt. Lauf 4 auf Board 1: Streckung 1,85, jetzt getrieben von `thermocouples` — das Modell klassierte einen Vergleich nach seinem Ergebnis (`bool`, also `i32`), obwohl ein `f64`-Vergleich auf dem F401 ein Aufruf der Bibliothek ist (`__aeabi_dcmpgt`), und eine Umwandlung nur nach ihrem Ziel. Umgesetzt: Vergleiche in der Klasse ihrer Operanden, Umwandlungen auch in der ihrer Quelle; mit den Gewichten von Lauf 4 sinkt `thermocouples` von 1,84 auf 1,23 der Schranke, `sequence` steht bei 1,26. Der Rest sind die Beobachtungs-Hooks der Runtime (`takt_fault`, `takt_alert`), die das Modell als einen Aufruf zaehlt und die im Rahmen sechs, sieben Aufrufe machen: Ihre Kosten haengen an der Runtime, nicht am Programm — offen, ob sie eine eigene Probe bekommen oder die Streckung sie traegt. Nachtrag 2026-09-26: Auf dem C6 deckt die Tabelle mit Kostenmodell 1 alle Kerne ohne Streckung (`sequence` 0,91); `takt_alert` kostet dort rund 120 Zyklen je Aufruf, gemessen als Unterschied des Thermoelement-Kerns mit und ohne `alert`. Abgeschlossen 2026-10-01 (M10 Schritt 10): Der Hook ist eine Operation eigenen Gewichts unter `call` (`Heavy::Hook`, `CostVec.call_hook`, MIR-Format 13, Hardware-Konfiguration 11, Kostenmodell 2). Jede Beobachtung, der Fault-Hook und der Abbruch eines Jobs zaehlen als Hook; die Probe misst Alerts, die jeden Tick kippen, also den teuersten Weg mit Meldung. Gemessen: F401 2,32 us (195 Zyklen) gegen 167 ns fuer einen gewoehnlichen Aufruf, C6 0,59 us. Die Streckung des F401 faellt von 1,44 auf 1,108, getrieben jetzt vom kleinen Kern der Probe `call` (Ausrichtung im Flash ohne Cache); der C6 bleibt ungestreckt.",M10,hoch,behoben 2026-09-25,
FB-296,crates/takt-rt-baremetal/src/clock.rs (`TimerClock::wait_until`); crates/takt-board-stm32f401/src/tick.rs (`wait_event`),Die Tickschleife leert die Leitung auch nach dem letzten Wecken und schlaeft ohne Schutz vor dem Wettlauf mit dem Timer,"`wait_until` ruft nach jedem Wecken die Idle-Arbeit, auch nach dem Ereignis, das die Frist erreicht: Der Tick beginnt erst, wenn die Leitung nachgefuellt ist, spaeter um die Dauer des Nachfuellens. `wait_event` ist ein blankes `wfi`; feuert der Timer zwischen der Pruefung `ticks() < target` und dem `wfi`, schlaeft der Kern bis zum naechsten Interrupt.",Befund,"7.3, 12.3, 13.8","Unit-Tests `idle_work_comes_before_the_sleep_not_after_the_last_wake`, `waiting_for_a_tick_waits_for_one_event`; Boards (2026-09-26): Suiten mit dem Watchdog im Betrieb — C6 12 von 13 Tests, 64 Korpusprogramme ohne Abweichung; F401 5 von 6, 63 ohne Abweichung; offen jeweils FB-293; `a_missed_kick_resets_and_counts` belegt, dass ein Schlaf von einer Sekunde bei einer Frist von 20 ms nicht zuruecksetzt.","Bei wechselnder Telemetriemenge wird aus dem Versatz Jitter, und der Wettlauf kann einen Tick um eine ganze Periode verschieben; beides waere in `tick_jitter` sichtbar, aber nur unter Last.","Umgesetzt (M10 Schritt 8): `TickSource::wait_event(target)` prueft und schlaeft bei gesperrten Interrupts (F401 `interrupt::free`, C6 `critical_section`; `wfi` weckt auch dann), `wait_for_tick` ist eine Vorgabe daraus; `TimerClock::wait_until` tut die Idle-Arbeit vor dem Schlaf, nicht nach dem letzten Wecken. Anlass war der Watchdog: Eine verschobene Periode naehme ihm die Haelfte seiner Frist.",M10,niedrig,behoben 2026-09-26,
FB-297,crates/takt-sema/src/lower/matrix.rs (`mat_binary`); crates/takt-llvm/src/expr.rs (`finite_condition`),Matrixarithmetik pruefte im erzeugten Code nicht auf Endlichkeit; der Interpreter faultet,"`mat_binary` legte um `+`, `-`, `*` und `/` mit einer Matrix keinen `Checked{NonFinite}`-Knoten; nur `inv`, `det` und `solve` hatten einen. Der Interpreter prueft jedes Matrixergebnis selbst (`matrix::value`) und faultet mit `NonFinite`, der erzeugte Code rechnete mit `inf` und `NaN` weiter. Gefunden im Disassembly des Matrix-Kerns von `takt bench` auf dem C6: Nach den 16 Additionen von `A·P·Aᵀ + Q` steht kein Vergleich, die C-Referenz prueft jedes Element.",Bug,4.2; 3.11; Satz 9.4.4,"Gegenprobe mit einer Maschine in `77_float_faults.takt`, deren Produkt `g * g` im zweiten Tick ueberlaeuft: ohne Korrektur 60 Abweichungen im Differenztest (Interpreter `7.0` aus `SAFE`, nativ `inf`, dann `NaN`), mit Korrektur keine. `transpose` und `cholesky` brauchen keine Pruefung: Transponieren rechnet nicht, und ein unendliches Element von `cholesky` geht quadriert in eine spaetere Diagonale ein, die dann nicht positiv ist — das Ergebnis ist `none`.","Ein Verstoss gegen Satz 9.4.4 dort, wo die Sprache ihre Arithmetik total nennt (4.2): Ein Kalman-Filter, dessen Kovarianz ueberlaeuft, faultete im Simulator und rechnete auf dem Board mit `NaN` weiter. Kein Korpusprogramm lief mit einer Matrix in einen Ueberlauf, darum fiel es nicht auf.","Umgesetzt: `mat_binary` legt die Huelle wie jede Gleitkommaoperation. `finite_condition` prueft je Element `|x| != inf` und verknuepft mit `and` statt ueber eine Kette aus `llvm.maximum`; die wurde auf dem RV32IMAC je Element ein Aufruf von `fmaximumf` und auf dem M4 rund 25 Befehle, jetzt sind es drei und sieben. Das Kostenmodell zaehlt die Pruefung einer Matrix je Element. `46_matrices` waechst auf dem RV32IMAC um 922 Byte. Maschine `matrix` in `77_float_faults.takt`; `every_float_result_is_checked_for_finiteness` verlangt einen Vergleich je Element.",M10,hoch,behoben 2026-09-25,
FB-298,crates/takt-mir/src/fns.rs; crates/takt-mir/src/hardware.rs; crates/takt-mir/src/analysis/cost.rs; crates/takt-conformance/src/bench.rs,`fma` und `sqrt` zaehlten als gewoehnliche Operation ihrer Klasse; ohne FPU sind sie Bibliotheksaufrufe,"Lauf 1 von `takt bench` auf dem C6: Streckung 5,48, getrieben vom Matrix-Kern (gemessen 28 372 Zyklen, die ungestreckte Schranke gut 5 000). Seine Produkte sind `fma`-Ketten (3.11, 4.2); auf dem RV32IMAC ohne F-Erweiterung ist jedes ein Aufruf von `fmaf` (104 Aufrufstellen im Kern), die Analyse zaehlte es als eine `f32`-Operation. Fuer `sqrt` gilt dasselbe. Dazu zaehlte `mat_cost` die LU-Verfahren pauschal als n³ Operationen und nahm die Klasse vom ersten Gleitkommatyp der Typtabelle statt von der Breite von `float`.",Luecke,7.2; 9.4.3; 13.8; 4.2,"Disassembly des Matrix-Kerns fuer RV32IMAC; Kostenvektor des Kerns vorher `f32: 146`, nachher `f32: 194, f32_fma: 128` (mit den 48 Elementpruefungen aus FB-297).","Dieselbe Lage wie bei der Division (FB-276), die 7.2 schon loest: Eine Operation, die je nach Kern Befehl oder Bibliotheksaufruf ist, braucht ein eigenes Gewicht. Sonst streckt die Kalibrierung jede Addition mit, oder die Schranke ist fuer Programme mit vielen `fma` zu klein.","Umgesetzt: `Heavy` (Division, `fma`, `sqrt`) mit `CostVec::heavy` und den Feldern 12 bis 15; MIR-Version 9 mit den Feldern 8 bis 15 im Modus `dflt`, damit aeltere Dateien lesbar bleiben — die Divisionsfelder waren als `one` dazugekommen, und Dateien von vor FB-276 scheiterten an `Missing`. `CTarget` mit eigenem Gewicht je Art und Klasse, Schranke `Σ N·c + Σ H·(c_h − c)`; Hardware-Konfiguration Version 6 (`f32_fma`, `f64_fma`, `f32_sqrt`, `f64_sqrt`). `mat_cost` zaehlt wie der Codegen (Produkt, LU, Einsetzen, Cholesky) in der Breite von `float`; `rms` zaehlt seine Wurzel. `takt bench` mit vier Proben mehr, `takt cost` zeigt „davon fma“ und „davon Wurzeln“. definition.md 7.2, 8.10, 9.4.3, 13.8 und Anhang A. Lauf 2 auf dem C6: Streckung 5,48 → 1,29, alle Digests gleich. Mit Kostenmodell 1 (Lauf 3) je Operation: `f32_fma` rund 696 Zyklen, `f64_fma` 453 — `fmaf` rechnet ueber Soft-Double —, `f32_sqrt` 74, `f64_sqrt` 166, gegen 57 fuer eine `f32`-Addition. Im Matrix-Kern ist `fmaf` billiger, weil viele Operanden null sind; die Schranke deckt ihn mit 0,31. Auf dem F401 (Lauf 6, ungestreckt): `f32_fma` 18 und `f32_sqrt` 20 Zyklen (Befehle der FPU), `f64_fma` 527 und `f64_sqrt` 232 (Software ohne Doppel-FPU) — das alte Modell setzte fuer sie eine `f64`-Operation an.",M10,hoch,behoben 2026-09-26,
FB-299,crates/takt-llvm/src/expr.rs (`finite_condition`); crates/takt-mir/src/analysis/cost.rs,"Die Endlichkeitspruefung ueberliess LLVM die Form: ohne Doppel-FPU manchmal zwei Bibliotheksaufrufe, im Kostenmodell eine Gleitkommaoperation","Lauf 2 von `takt bench` auf dem C6: Streckung 1,29, getrieben vom Thermoelement-Kern (auf dem F401 lag er mit 1,23 hinter `sequence`). Stufenweise gemessen braucht die Erzeugungsschleife das 1,62-Fache ihrer Schranke. Die Pruefung `fcmp one |x|, inf` erkennt LLVM als Test der Bits; fuer einen Wert, den es als nichtnegativ kennt (`u32` als `f64` mal 0,025), streicht es den Betrag, und `fcmp one x, inf` wird ohne Doppel-FPU zu `__unorddf2` und `__eqdf2`. In der f64-Probe blieb der Betrag stehen und ihre Pruefungen kosteten fast nichts; das gemessene Gewicht je gezaehlter Operation mittelte darum teure Arithmetik mit billigen Pruefungen. Eine Maske auf die Bits schreibt InstCombine ebenso zu `fcmp` um.",Luecke,4.2; 9.4.3; 13.8,"Varianten des Kerns auf dem C6, je 200 Laeufe: Erzeugen 6 834 Zyklen gegen 4 212 im Modell, Summe, Minimum und Maximum und der Rest gedeckt; RV32-Disassembly der Schleife vorher sechs Aufrufe je Runde, nachher drei (`__floatunsidf`, `__muldf3`, `__adddf3`). Formen gegen clang 22 geprueft: `fcmp` und Maske werden fuer nichtnegative Werte zu Bibliotheksaufrufen, Schiebung mit vorzeichenlosem Vergleich bleibt Integer-Code auf RV32IMAC, Cortex-M4 und x86-64.","Was eine Pruefung kostete, hing davon ab, was LLVM ueber das Vorzeichen des Werts weiss — nicht vorhersagbar, also nicht zaehlbar. Auf Kernen ohne Doppel-FPU kostete die teure Form so viel wie zwei Gleitkommaoperationen.","Umgesetzt: `finite_condition` schiebt das Bitmuster um eins nach links und vergleicht vorzeichenlos mit dem Exponenten aus lauter Einsen; `a_finiteness_check_stays_a_bit_test_without_an_fpu` haelt das gegen neue LLVM-Versionen fest. Das Kostenmodell zaehlt eine Endlichkeitspruefung als zwei `i32`-Operationen je Element statt als Operation ihrer Gleitkommaklasse, die Proben messen damit reine Arithmetik. Daneben gemessen: `alert` kostet auf dem C6 rund 120 Zyklen je Aufruf, das Modell rechnet einen Aufruf — ein Hook der Runtime wie in FB-295. Lauf 3 auf dem C6: Streckung 1,009, getrieben vom Rauschen der kleinsten Divisionsprobe; `thermocouples` braucht 0,79 seiner Schranke statt 1,29 und wurde selbst 16 % schneller (10 839 statt 12 942 Zyklen, Takt/C 1,08 statt 1,28). Die Tabelle des F401 gehoert zum alten Modell (FB-300).",M10,hoch,behoben 2026-09-26,
FB-300,crates/takt-mir/src/hardware.rs (`Target::cost_model`); crates/takt-mir/src/analysis/cost.rs (`MODEL_VERSION`); crates/takt-sema/src/calibrated.rs,"Eine Kalibrierung sagte nicht, zu welchem Kostenmodell ihre Gewichte gehoeren; nach einer Aenderung der Zaehlung urteilte der Compiler mit falschen Gewichten","Seit FB-299 zaehlt eine Endlichkeitspruefung in `i32` statt in ihrer Gleitkommaklasse. Die Tabelle von Board 1 (`corpus-try/hw/stm32f401.hw`) hatte das Gewicht der Pruefungen in ihr Gleitkommagewicht gemittelt: Unter dem neuen Modell zaehlt Gleitkommacode halb so viele Gleitkommaoperationen bei unveraendertem Gewicht, die Schranke faellt um rund 40 % zu klein aus. Nichts in der Datei verriet das. Dazu lief Pruefung 39 (Speicher) nicht, wenn die Kostentabelle unvollstaendig war, obwohl sie nicht an den Gewichten haengt.",Luecke,8.10; 13.8; 7.2,Am Code: `calibrated::check` kehrte bei unvollstaendiger Tabelle vor `memory_budget` zurueck; die alte C6-Konfiguration ohne Kostentabelle bekam darum nie Pruefung 39.,"Jede Aenderung am Kostenmodell (FB-295, FB-298, FB-299) konnte gemessene Tabellen still entwerten, und eine zu kleine Schranke ist schlimmer als keine.","Umgesetzt: `cost::MODEL_VERSION` (1), `cost_model` im Abschnitt `[target.*]` (Hardware-Konfiguration Version 7), `takt bench` schreibt es; `Target::fits_cost_model`. Ohne passende Version urteilen Pruefung 12, 32 und 59 nicht, Pruefung 32 meldet das als Hinweis, und `takt check` gibt den Hinweis von SC-12 wieder aus. Pruefung 39 und das Journal laufen immer. definition.md 8.10, 13.8 und Anhang A. Die Tabelle des F401 traegt keine Version und gilt bis zu einem neuen Lauf als nicht kalibriert; die des C6 gehoert zu Modell 1. Nachtrag 2026-09-26: Der F401 ist zum Modell 1 neu gemessen (Lauf 6); beide Tabellen urteilen wieder.",M10,hoch,behoben 2026-09-26,
FB-301,crates/takt-bringup-esp32c6/rwtext_hook.x; crates/takt-mir/src/analysis/size.rs (RAM-Residenz),"Auf dem C6 laufen `fma`, `sqrt` und die Trace-Hooks aus dem Flash ueber den Cache; gemessen ist nur der warme Fall","Im Abbild von `takt bench` liegen `__adddf3`, `__muldf3`, `__divdf3`, `__eqdf2` und `__floatunsidf` im ROM des Chips (0x4000_0xxx), `fma`, `fmaf`, `sqrt` und `sqrtf` aber im Flash (0x4201_68xx), ebenso die Funktionen hinter `takt_board_trace*`. `rwtext_hook.x` legt nur `libtaktprogramm.a` in den RAM. Das Messprogramm waermt den Cache vor der Reihe auf; ein Fehlzugriff im Betrieb verlaengert einen Aufruf um das Nachladen der Zeile.",Luecke,12.3; 13.8; 7.2,`llvm-nm` auf den Abbildern von Lauf 3.,"Die Tabelle des C6 ist eine Schranke fuer den warmen Cache. Auf einem Kern mit blockierendem NVM ist das keine Frage der Korrektheit, aber eine der Zeitzusage: Zwischen zwei Ticks laeuft Code aus dem Flash (Telemetrie, Treiber), der die Zeilen verdraengen kann.","Die Bibliotheksroutinen, die der erzeugte Code ruft, gehoeren wie das Programm in den RAM: `rwtext_hook.x` um die Mathematik aus `compiler_builtins` erweitern und `takt size` die RAM-Residenz auch fuer gerufene Symbole ausserhalb des Programms pruefen lassen; danach misst `takt bench` neu. Umgesetzt: `rwtext_hook.x` legt Code und Konstanten aus `compiler_builtins` in `.rwtext`; `fmaf` liegt danach bei 0x4080_142a. Lauf 4 von `takt bench` (2026-09-25) mass die Tabelle so neu, Streckung 1993750/1966137; die Probe `f32_fma` lag warm aus dem Flash und aus dem RAM gleichauf (55 784 gegen 55 630 Zyklen). Offen: `takt size` prueft die RAM-Residenz nur fuer Symbole des Programms, nicht fuer gerufene Bibliotheksroutinen; die Trace-Hooks gehoeren zu FB-295.",M10,mittel,behoben 2026-09-26,
FB-302,crates/takt-conformance/src/mcu.rs; crates/takt-conformance/src/harness.rs; crates/takt-conformance/src/board/mod.rs,"Der MCU-Rahmen kannte gescopte Instanzen, die Phase einer Maschine und die Trigger-Phase nicht; 15 Programme des Differentialkorpus liefen nie auf einem Board","Die Board-Liste (`board::CORPUS`) war seit ihrer Anlage nicht nachgezogen worden: 45, 63, 64, 69 bis 79 und 81 standen nur im Differentialkorpus. Aufgenommen liefen 57 von 59 auf dem C6 ohne Abweichung; `63_scoped_instances` (30 Abweichungen) und `64_scoped_exit` (9) wichen auf beiden Boards gleich ab. Der MCU-Rahmen rief weder `scoped_lifecycle` (5.11) noch die Trigger-Phase (7.5), und er liess eine Maschine nach `k % n == 0` schreiten, ohne ihre Phase; der Wirtsrahmen tat alles drei. `45_journal_cut` passt nicht in den RAM des F401 (`.bss` gut 47 KiB zu gross).",Luecke,5.11; 7.2; 7.5; Satz 9.4.4,"Board-Laeufe beider Boards mit dem erweiterten Korpus; die Abweichungen gleich auf beiden, also im Rahmen.","Zwei Rahmen mit je eigener Schrittfolge sind zwei Gelegenheiten, verschieden zu ordnen; der MCU-Rahmen fiel hinter den Wirtsrahmen zurueck, ohne dass ein Test es sah, weil die Programme dafuer nicht auf den Boards liefen.","Umgesetzt: `harness::machine_declarations`, `scope_flags`, `enter_machines` und `steps` erzeugen Deklarationen, Eintritte und die Schrittfolge eines Ticks (Trigger-Phase, Periode mit Phase, Scope, Lebenszyklus) fuer beide Rahmen. `board::CORPUS` fuehrt alle Programme des Differentialkorpus ausser 28, 32, 34, 40 und 68, die auf den MCU-Rahmen warten (M10 Schritte 5 bis 7, 9); der F401 laesst 45 mit Begruendung aus.",M10,hoch,umgesetzt 2026-09-26,
FB-303,"crates/takt-conformance/src/harness.rs (`scheduled`, `virtual_sleep`); crates/takt-sema/src/lower/stmt.rs (`arm`); crates/takt-mir/src/analysis/size.rs; crates/takt-llvm/src/abi.rs","Geplante Ausgaben: Der Wirtsrahmen wendete sie zu Tickbeginn an statt nach den Schritten, schlief ueber ausstehende Eintraege hinweg, und die Ziele eines Triggers hatten keine Warteschlange","(1) 12.1 setzt `apply_scheduled(k)` nach die Schritte und vor den Commit, der Interpreter folgt ihr; der Wirtsrahmen wendete zu Tickbeginn an, und abi.rs beschrieb es so. Schreibt eine Maschine einen Output im Tick, in dem ein geplanter Wert fuer ihn faellig wird, gewann im Interpreter der geplante Wert, im Rahmen die Zuweisung. (2) 9.9 erlaubt Schlaf nur, wenn alle `sched[o]` leer sind; der virtuelle Schlaf des Rahmens fragte nur die Maschinen. (3) Die Ziele im `then`-Block eines Triggers kamen nie in `Layout::output_queues`, weil der Block ohne Maschinenkontext gesenkt wird: `takt size` zaehlte ihre Warteschlangen nicht, und eine Tabelle je Warteschlange haette keinen Platz fuer sie gehabt. Dazu zaehlte `takt size` die Warteschlangen gescopter Instanzen nicht, obwohl sie dem Output gehoeren und sich nicht ueberlagern. (4) Der MCU-Rahmen schrieb die Ausgaben eines Ticks erst nach dem Vorruecken durch den Schlaf und beschriftete sie mit dem vorgerueckten Tick: `82_scheduled_sleep` zeigte `v = 5` bei t=8 statt t=5. Sichtbar erst, als ein Programm direkt nach einer Ausgabeaenderung schlief.",Bug,9.8; 9.9; 12.1; 11.5; 7.5,"`28_scheduled.takt` um den Fall erweitert, in dem Zuweisung und geplanter Wert in denselben Tick fallen (t=3: der geplante gewinnt), `82_scheduled_sleep.takt` neu (ein `idle`-Zustand mit ausstehender Ausgabe); Differential mit und ohne Schlaf, der Trigger-Test und beide Boards.","Keiner der Fehler zeigte sich, weil der Korpus keinen Fall hatte, in dem er wirkt — der Differenztest war gruen, waehrend Rahmen und Interpreter verschieden ordneten.","Umgesetzt (M10 Schritt 5): `harness::scheduled` fuer beide Rahmen, eine Warteschlange je Output aus `output_queues` — so viele, wie `takt size` rechnet —, `takt_apply_scheduled` in `commit_sequence` nach dem Psi-Commit und vor den `sim`-Bindungen; Schlaf nur ohne ausstehende Eintraege in beiden Rahmen; `arm` traegt die Ziele des Triggers beim Besitzer ein; `takt size` zaehlt die Warteschlangen aller Maschinen ausser Vorlagen; abi.rs beschreibt die Reihenfolge aus 12.1; der MCU-Rahmen fuehrt `g_done`, den zuletzt ausgefuehrten Tick, fuer Dump und Programmzaehler. Der MCU-Rahmen faehrt 28 und 82. Offen und nur fuer das Lesen: Die Zeitzeile traegt die Zaehlung der Schleife ab 0, die uebrigen Zeilen die des Rahmens ab 1.",M10,hoch,behoben 2026-09-26,
FB-304,"crates/takt-conformance/src/board/mod.rs (`capture`, `complete`); crates/takt-rt-baremetal/src/telemetry.rs (`mark`, `sent`), run.rs (`report`); `takt`-Programme beider Bring-ups","Bytes, die zwischen Board und Wirt verloren gingen, erschienen als semantische Abweichungen","Beim ersten Lauf beider Boards gleichzeitig wich `46_matrices` auf Board 1 in 7 Zeilen ab; die Abschlusszeile meldete `verworfen 0`, und die Wiederholungen liefen ohne Abweichung. Das Programm ist deterministisch und lief in logischer Zeit, die Bytes fehlten also erst hinter dem Ring: auf der Leitung oder im Wirt. Der FT232R-Adapter hat keine Flusskontrolle; liest der Wirt unter Last (zwei Bauten, zwei Leser) nicht rechtzeitig, laeuft ein Puffer ueber. FB-292 fing nur Bytes, die das Board selbst verwirft — was danach verloren ging, meldete der Vergleich als Abweichung, und ein Transportfehler sah aus wie ein Fehler im Codegen.",Befund,9.4.4; 12.2; 13.8,"Unit-Tests `a_trace_that_lost_bytes_on_the_way_is_refused`, `a_trace_needs_both_the_mark_and_the_count`, `the_count_starts_at_the_mark_and_skips_dropped_bytes`. Beide Boards gleichzeitig: C6 61 von 61 ohne Abweichung, jede Bilanz stimmt; F401 59 von 60, und `46_matrices` scheiterte als „Trace unvollstaendig: das Board sandte 11294 Byte, angekommen sind 11087“ bei `verworfen 0` — der Verlust liegt hinter dem Board. Allein laeuft 46 auf dem F401 ohne Abweichung mit stimmender Bilanz.","Die Board-Abnahme prueft die Semantik (Satz 9.4.4); ein Trace mit Luecke sagt ueber sie nichts. Das Board kennt die Zahl seiner Bytes, der Wirt die der angekommenen: Ihr Vergleich trennt Transport und Semantik, ohne dass der Wirt die Leitung kennen muss.","Umgesetzt: `Telemetry::mark` schreibt nach dem Kopf die Zeile `takt trace` und zaehlt ab dort jedes Byte, das in den Ring geht (`sent`, Verworfenes nicht); die Abschlusszeile nennt `gesendet N`. `capture` sammelt Rohbytes und dekodiert einmal am Ende, `complete` zaehlt die Bytes zwischen Marke und Abschlusszeile und meldet eine Differenz als „Trace unvollstaendig: das Board sandte N Byte, angekommen sind M“ — ebenso eine fehlende Marke oder Bilanz. Offen: verhindern statt erkennen — unter Parallellast verliert Board 1 in `46_matrices` reproduzierbar Bytes; das braucht Flusskontrolle auf der Leitung.",M10,mittel,behoben 2026-09-26,
FB-305,"crates/takt-conformance/tests/common/mod.rs (`run_native_build`, `finished`); tests/differential.rs; tests/targets.rs",Die Abnahme nahm einen abgebrochenen nativen Lauf als Uebereinstimmung: `68_uart_port` stuerzte ab und galt als bestanden,"`run_native_build` wertete den Exit-Status des Laufs nicht aus, und `compare` prueft nur Ausgaenge, die beide Seiten melden (9.3: eine Zeile nur bei Aenderung). Ein Lauf, der abbricht, liefert einen abgeschnittenen Trace, und was fehlt, widerspricht nichts. `68_uart_port` bricht nativ im ersten Tick mit einer Zugriffsverletzung ab (0xc0000005): Der Port ist ein `load volatile` an 0x60000000, wo der Wirt keinen Speicher hat (FB-261). Der Trace war leer und der Differenztest gruen, seit M8 Schritt 17. `targets.rs` hatte dieselbe Luecke.",Bug,9.4.4; 13.1; 12.10,"Alle Tests von `takt-conformance` ohne Boards mit der strengeren Pruefung: Nur 68 bricht ab (`exit code: 0xc0000005`); die uebrigen 64 Programme des Differentials laufen durch und melden jeden Ausgang, den der Interpreter meldet.","Eine Abnahme, die bei fehlender Ausgabe schweigt, ist von einer bestandenen nicht zu unterscheiden — dieselbe Regel, die 12.10 fuer Pruefung 59 aufstellt. Der Abbruch ist der Befund, nicht die Zeilen davor.","Umgesetzt: `common::finished` macht einen Lauf, der nicht mit Status 0 endet, zum Fehler und nennt die letzten Zeilen; `run_native_build` und `targets.rs` benutzen es. Der Differenztest verlangt wie die Board-Abnahme, dass der Rahmen jeden Ausgang meldet, den der Interpreter meldet. `68_uart_port` ist aus dem Korpus des Differentials genommen und als Grenze in `LIMITS` gefuehrt, bis der Wirt Ports bedient (M10 Schritt 9, FB-261).",M10,hoch,behoben 2026-09-26,
FB-306,"crates/takt-board-stm32f401/src/uart.rs (`on_interrupt`, `flush`); crates/takt-conformance/src/board/mod.rs (`capture`), stm32f401.rs, esp32c6.rs","Board 1 verlor Trace-Bytes, wenn der Wirt unter Last las: Die Leitung hatte keine Flusskontrolle","Mit beiden Boards gleichzeitig verlor der F401 in `46_matrices` in beiden Laeufen Bytes, zuletzt 207 von 11294 (FB-304). Adapter (FT232R) und USART1 liefen ohne Flusskontrolle: Holt der Wirt nicht rechtzeitig ab, laeuft auf dem Weg ein Puffer ueber, und das Board merkt es nicht. Der C6 kennt das nicht, sein USB-Serial-JTAG staut ueber USB zurueck.",Bug,12.2; 12.3; 13.8,"Beide Boards gleichzeitig, der Wirt zeitweise zusaetzlich mit der ganzen Konformitaets-Suite belastet: F401 60 von 60 ohne Abweichung, `46_matrices` eingeschlossen, jede Bilanz stimmt (FB-304); C6 61 von 61. Vorher verlor 46 in beiden Parallellaeufen Bytes. Die Rueckgabe ueber `TAKT` lief je Programm, 60-mal.","Drei Wege: RTS/CTS braucht einen Draht mehr (RTS des Adapters an A11, CTS des USART1) und damit die Hand; ein zweiter Lauf nach einem erkannten Verlust verdeckt die Ursache und kostet unter Dauerlast jeden Lauf zweimal; XON/XOFF braucht keinen Draht, und der Trace ist Text (grammar/trace.md), in dem 0x11 und 0x13 nicht vorkommen. Gewaehlt: XON/XOFF.","Umgesetzt: Der Wirt oeffnet die Leitung von Board 1 zum Aufzeichnen mit XON/XOFF (`capture` nimmt die Flusskontrolle als Parameter, der C6 bleibt ohne), die Rueckgabe mit `TAKT` weiter ohne. Der Interrupt von USART1 liest zuerst: `XOFF` haelt das Senden an, `XON` weckt es wieder, alles andere geht in den Erkenner des Konsolenworts; `flush` weckt den Sende-Interrupt nicht, solange angehalten ist. Laeuft der Ring voll, waehrend die Leitung steht, wartet ein verlustfreier Lauf wie bisher hoechstens `DRAIN_ROUNDS` Anlaeufe, ein zeitgebundener verwirft und zaehlt (12.2).",M10,mittel,behoben 2026-09-26,
FB-307,"crates/takt-interp/src/system.rs (`port_read`, `port_write`), image.rs (`deliver_port_writes`)","Registerports im Interpreter hingen von der Schrittfolge ab: Lesen ohne Unit-Delay, Schreiben im selben Tick sichtbar","`port_read` las den Latch des Modells statt des committeten Werts, `port_write` stellte das Element sofort in den Strom. Schritt das Modell vor dem Treiber, las der Port den Wert des laufenden Ticks, sonst den des Vortick; ein Modell mit `on w` sah dasselbe Element im selben oder im naechsten Tick, je nachdem, wer zuerst schritt. `68_uart_port` mit vertauschten Maschinen lieferte `busy` einen Tick versetzt; ein Modell, das `mmio/ADR/w` liest, sah ein Element in Tick 2 oder 3. 12.10 verlangt fuer das Lesen ausdruecklich den Unit-Delay eines Modellwerts.",Bug,12.10; 8.3; 9.6; Satz 9.4.1,"`takt sim` auf 68 und derselben Datei mit vertauschten Maschinen, und auf einem Modell, das `mmio/ADR/w` liest, in beiden Reihenfolgen: vorher verschieden, jetzt gleich. Aufgefallen, als der Wirtsrahmen die Ports nachbildete (FB-261): Sein Ring zeigte das Element erst im naechsten Tick, der Interpreter im selben.","Ein Modell ist eine Maschine wie jede andere (8.3); was zwischen Maschinen ohne `follows` fliesst, braucht den Unit-Delay, sonst kommutieren die Schritte nicht (Satz 9.4.1). Der Interpreter ist die ausfuehrbare Fassung von Abschnitt 9; hier wich er von 12.10 ab, und die Referenz gewinnt.","Umgesetzt: `port_read` liest `committed_output`; `port_write` merkt den Vorgang vor, und `Image::deliver_port_writes` stellt die Vorgaenge des Ticks nach allen Schritten in Reihenfolge zu, sichtbar ab dem naechsten Tick — wie ein Element eines internen Stroms (9.6). 12.10 sagt das jetzt auch fuer die Schreibrichtung ausdruecklich; Anhang A.",M10,hoch,behoben 2026-09-26,
FB-308,crates/takt-llvm/src/emit.rs (`Module::new`); crates/takt-cli/src/main.rs (`emit_object`); crates/takt-conformance/tests/reproducible.rs,`takt build` lieferte bei jedem Lauf ein anderes Objekt: Die Prozessnummer stand im Quellnamen,"`emit_object` schreibt die IR nach `takt-build-<pid>.ll` und uebersetzt sie mit clang. Ohne `source_filename` in der IR nennt das Objekt diese Datei als Quelle (`STT_FILE`, auf COFF `.file`), und zwei Bauten derselben Quelle ergaben verschiedene Objekte. Der Test der Stufe 2 in `reproducible.rs` sah es nicht, weil er beide Male `programm.ll` uebersetzte. Aufgefallen beim Vergleich der MCU-Objekte fuer M10 Schritt 9.",Bug,11.3; 13.4,"`takt build` von `68_uart_port` zweimal je Ziel (riscv32imac, thumbv7em, x86_64): vorher verschiedene Bytes, jetzt gleiche. `the_same_ir_yields_the_same_object` uebersetzt jetzt unter zwei Dateinamen und prueft, dass keiner im Objekt steht.",11.3 verlangt bitidentische Binaries ohne Pfade; ein Dateiname je Prozess ist dasselbe Problem in kleinerer Form. Eine Signaturpipeline (13.4) haette jedes Objekt als neu gesehen.,"Umgesetzt: `Module::new` schreibt `source_filename` mit dem Modulnamen, dem Stamm der Quelldatei, in den Kopf der IR, mit LLVM-Escapes. Das Objekt nennt damit den Modulnamen, gleich unter welchem Namen clang die IR las.",M10,mittel,behoben 2026-09-26,
FB-309,"plan/definition.md 12.7; crates/takt-bringup-esp32c6/src/bin/takt.rs, crates/takt-bringup-stm32f401/src/bin/takt.rs (`platform`)","Tiefschlaf ohne Weckquelle: 12.7 sagt nicht, was `reboot = DEEP_SLEEP` beendet; `sys/jump` braucht Slots","`reboot = DEEP_SLEEP` beendet den Lauf, und der naechste beginnt mit `boot_reason = DEEP_SLEEP_WAKE` (12.7). Welches Ereignis den Tiefschlaf beendet, nennt weder ein Kanal noch die Hardware-Konfiguration (8.10): kein Zeitgeber, kein Pin. Ohne Weckquelle ist Tiefschlaf auf beiden Boards ein Aus bis zum Reset, und der naechste Start meldete `POWER_ON` oder den Reset, nicht `DEEP_SLEEP_WAKE`. `sys/jump` springt in einen Slot, den erst das Profil `boot` einrichtet (M10 Schritt 17).",Referenzluecke,12.7; 8.10; 12.8,"Tests: Pruefung 60 warnt ohne und mit Konfiguration (`a_deep_sleep_without_a_wake_source_warns`), `deep_sleep_for_ends_the_run_and_shows_its_duration`, `deep_wake_round_trips`, die Wakeup-Plaene in `takt-board-support`; Differential mit 32 (`DEEP_SLEEP_FOR(10 s)`) und 83 (Dauern als Wert und Nutzlast), `a_duration_in_a_record_is_written_alike`. Boards: `a_deep_sleep_ends_after_its_duration` — der F401 schlaeft zwei Sekunden im Standby, schweigt die erste Sekunde und startet mit `DEEP_SLEEP_WAKE`; der C6 schlaeft (der Port verschwindet), der Port kommt erst nach der Weckzeit zurueck, und `BOOT_REASON` liest sich ueber JTAG als `DEEP_SLEEP_WAKE`. Neustart: `a_restart_begins_again_with_software_as_the_reason` auf beiden Boards (der zweite Lauf meldet `SOFTWARE` ueber die Konsole). Suiten 2026-09-26: C6 11 von 12 Tests, 64 Korpusprogramme ohne Abweichung; F401 4 von 5, 63 ohne Abweichung; offen jeweils nur FB-293.","Ohne Weckquelle ist `DEEP_SLEEP` von einem Halt nicht zu unterscheiden, und ein Programm kann nicht sagen, wann es wieder laufen will. Die Weckzeit ist eine Entscheidung des Programms (ein Logger, der alle zehn Minuten misst), ein Weck-Pin eine der Plattform.","Entschieden (Referenz 12.7, 8.10, 12.1, Pruefung 60, Entscheidungslog, Anhang A) und umgesetzt: `RebootCmd` bekommt die Variante `DEEP_SLEEP_FOR(duration)`, additiv im offenen Enum; `DEEP_SLEEP` schlaeft ohne Zeitgeber. Wake-Quellen sind die Inputs mit `wake = true`, soweit die Konfiguration sie `deep_wake` nennt (Format 8); Pruefung 60 warnt vor einem `DEEP_SLEEP`, aus dem nichts weckt. Der Codegen nimmt Dauern als Felder von Varianten; beide Rahmen schreiben Dauern wie der Interpreter, lesen `RebootCmd` in der Struct-Form und geben die Weckzeit an die Runtime (`PlatformCommand::DeepSleep(Option<i64>)`); der Wirtsrahmen prueft das Kommando auch nach Tick 0, der MCU-Rahmen fragt keinen Treiber nach einem Input, den ein `sim`-Output speist (8.3). Boards: `sys/boot_reason` aus der Reset-Ursache; `RESTART` ist auf dem C6 jetzt der Software-Reset des HP-Systems (`CoreSw`, die Konsole bleibt angemeldet) statt des RTC-Resets, den der Host fuer die Neuanmeldung behaelt — der setzt auch das LP-System zurueck, eine Absicht in `LP_AON STORE0` ueberlebte ihn nicht, und er heisst darum `WATCHDOG`. Tiefschlaf auf dem C6 ueber `LowPower` (ohne Zeitgeber mit dreissig Jahren, weil `esp-hal` eine Weckquelle verlangt), auf dem F401 als Standby mit RTC-Wakeup (LSE, sonst LSI; ueber 36 h in Abschnitten, der Rest in Backup-Registern). Vor dem Kommando geht die Leitung ganz hinaus (FB-314). Offen: die Konsole des C6 nach dem Wecken (FB-311).",M10,mittel,behoben 2026-09-26,
FB-310,crates/takt-conformance/src/mcu.rs (`init`),Der MCU-Rahmen begann mit genullten statt `safe`-Ausgaengen,"`takt_mcu_init_with` nullte den Latch und setzte `safe` nie. 9.4 laesst jeden Lauf mit den Ausgaengen auf `safe` beginnen, vor jedem Init; `Sim::new` und der Wirtsrahmen tun es. Kein Board-Programm zeigte den Unterschied, weil jedes seine Ausgaenge in Tick 0 setzt oder `safe` dort null ist.",Bug,9.4; 5.3,"Beide Boards gleichzeitig nach der Aenderung: C6 63 von 63, F401 62 von 62 ohne Abweichung, darunter 32 und 34 mit den `safe`-Werten nach `end`.","Ein Unterschied, den der Korpus nicht sah, weil kein Programm den Fall hatte — wie FB-303. Der Rahmen muss dieselbe Folge haben wie der Wirtsrahmen, auch wo der Korpus nicht hinsieht.","Umgesetzt: `init` ruft `harness::safe_outputs` nach Abbild, Latch und Parametern, wie der Wirtsrahmen; dieselbe Funktion setzt am Ende eines Laufs mit Plattformkommando die `safe`-Werte (M10 Schritt 6).",M10,mittel,behoben 2026-09-26,
FB-311,crates/takt-board-esp32c6 (USB-Serial-JTAG); crates/takt-conformance/tests/board_esp32c6.rs,Die Konsole des C6 bleibt nach dem Wecken aus dem Tiefschlaf stumm,"Nach `DEEP_SLEEP_FOR(2 s)` kommt der Port des USB-Serial-JTAG zurueck, das Programm laeuft (`g_tick` steigt, `BOOT_REASON` ist `DEEP_SLEEP_WAKE`), aber kein Handle bekommt ein Byte — auch keiner, der Sekunden spaeter neu geoeffnet wird. Ist der Port offen und setzt JTAG den Chip zurueck, kommen ROM, Bootloader und Programm sofort. Der Unterschied liegt also im Start nach dem Wecken (Reset-Ursache `CoreDeepSleep`), nicht im Wirt.",Befund,12.7; 13.8,"Register des USB-Serial-JTAG ueber JTAG nach Neustart und nach dem Wecken verglichen; `wr_done` von Hand; Boardtest `a_deep_sleep_ends_after_its_duration` dreimal gruen, C6-Suite danach.","Die Semantik ist nicht betroffen: Der Test belegt Schlaf, Weckzeit und Weckursache ueber Port und JTAG. Ein Feldgeraet ohne Konsole merkt nichts, ein Entwickler am USB-Kabel schon.","Offen: den USB-Serial-JTAG nach dem Wecken untersuchen — Pull-up und Pads (vgl. FB-266), die Reihenfolge von `esp_hal::init` und Anmeldung, oder eine Neuanmeldung durch das Bring-up nach einem Wecken. Ursache 2026-10-01: Nach dem Wecken meldet sich das Geraet neu an, und der Bus-Reset des Hosts leert den IN-Endpunkt, laesst `serial_in_ep_data_free` aber auf 0 stehen (Register ueber JTAG: Endpunkt leer, Zeiger 0, Host fragt ab und hat `SET_LINE_CODING` gesendet). Die Leitung schreibt nur in einen freien Endpunkt und schrieb nie wieder. Ein `wr_done` von Hand ueber JTAG gab ihn frei; eines beim Reset selbst wirkt nicht, erst eines, wenn der Host abfragt. Umgesetzt: `uart.rs` merkt sich nach einem Bus-Reset den haengenden Endpunkt und stoesst ihn beim ersten IN-Token mit `wr_done` an, wenn er sich nicht frei meldet; nach einem gewoehnlichen Start bleibt er unberuehrt. Der Ring haelt bis dahin, was der zweite Lauf schreibt: Die Konsole traegt ihn von der ersten Zeile an. Der Tiefschlaftest prueft das jetzt (`out woke 1` auf der Konsole) statt nur ueber JTAG.",M10,niedrig,behoben 2026-10-01,
FB-312,crates/takt-conformance/src/mcu.rs (`telemetry`),Der MCU-Rahmen schreibt keine Record-Ausgaenge,"Die Ausgabetabelle des MCU-Rahmens kennt Skalare, Arrays und Enums mit Nutzlast; ein Record-Ausgang faellt aus ihr heraus und erscheint nie im Trace. Der Wirtsrahmen schreibt Records seit M10 Schritt 9 als `Name(f1, f2)` wie der Interpreter. Die Board-Abnahme meldete ein Programm mit Record-Ausgang als fehlenden Ausgang; im Board-Korpus hat keines einen.",Luecke,9.3; 13.8,"Lesen von `mcu.rs` beim Umsetzen von FB-309; Wirtstest `a_duration_in_a_record_is_written_alike`. Board-Suiten nach fadf058 (2026-09-28): C6 14 von 15, F401 7 von 8, Korpus mit 92 und 96 ohne Abweichung; offen jeweils FB-293.",Die Tabelle traegt je Feld schon Art und Namen; ein Record ist eine Variante mit Feldern an ihren Versaetzen statt an 8-Byte-Faechern.,"Umgesetzt 2026-09-28: `takt_field` traegt seinen Versatz; ein Record ist eine Variante mit dem Namen des Records, seine Felder stehen an ihren Versaetzen im Struct, ein verschachtelter Record ist ein Feld der Art `RECORD`, das auf seine Variante zeigt (`record_variant`, derselbe Umfang wie `field_text` im Wirtsrahmen). Felder laden nach Art (`takt_load`) statt als acht Byte. Dabei behoben: Ein `u8`-Feld einer Enum-Nutzlast erschien als `true`/`false`, weil Wahrheitswert und `u8` dieselbe Art teilten; Wahrheitswerte als Feld haben jetzt `BOOL`. Korpus 96 (`96_record_outputs.takt`: Enum, Wahrheitswert, `u16`, Dauer, Gleitkomma, verschachtelter Record mit `i16` und `u8`) im Differential und im Board-Korpus; Texttest `a_record_output_is_in_the_table`.",M10,mittel,behoben 2026-09-28,
FB-313,"crates/takt-conformance/src/run.rs (`compare`, `same_number`); crates/takt-conformance/src/harness.rs, mcu.rs",Der Vergleich sah je Tick nur den letzten Wert eines Outputs und bei einer Dauer nur die Zahl; die Rahmen schrieben Dauern in Nanosekunden,"`compare` legte je Tick und Output nur den letzten Wert ab: Der Wert vor dem Ende eines Laufs (12.7) — bei 32 `DEEP_SLEEP_FOR(10 s)` vor dem `safe`-Wert `NONE` — wurde nie verglichen. Dazu nahm `same_number` nur das erste Token, sodass `10 min` gegen `10 s` gleich war. Und beide Rahmen schrieben eine Dauer als Nanosekunden, der Interpreter in ihrer groessten ganzzahligen Einheit; kein Korpusprogramm hatte einen Dauer-Ausgang, also fiel es nicht auf.",Befund,9.3; 9.4.4; 13.8,"Die strengere Folge fand sofort eine Schieflage in 34 (ein unveraenderter Wert vor `end`); Unit-Tests `a_value_overwritten_within_a_tick_is_compared_too`, `a_repeated_value_is_no_change`, `a_duration_keeps_its_unit`; Korpus 83 im Differential und auf beiden Boards.","Wie FB-305: Eine Abnahme, die einen Teil der Ausgabe nicht ansieht, ist von einer bestandenen nicht zu unterscheiden.","Umgesetzt: Je Tick zaehlt die Folge der Aenderungen gegenueber dem geltenden Wert (9.3); ein Wert, der ihn nur wiederholt, zaehlt nicht, weil der Wirtsrahmen jeden Output je Abzug schreibt. Traegt der Wert auf beiden Seiten eine Einheit, muss sie gleich sein. Beide Rahmen schreiben Dauern mit `takt_dur_value` und `takt_dur_unit`, als Wert, als Record-Feld und als Feld einer Variante.",M10,hoch,behoben 2026-09-26,
FB-314,"crates/takt-rt-baremetal/src/telemetry.rs (`Port::idle`, `Telemetry::finish`); crates/takt-board-stm32f401/src/uart.rs, crates/takt-board-esp32c6/src/uart.rs; Bring-ups (`platform`)","Vor Neustart und Tiefschlaf ging verloren, was noch im Puffer der Leitung stand","`drain` leert nur den Ring der Telemetrie in die Leitung. Danach stehen auf dem F401 bis zu 512 Byte im Software-FIFO vor USART1 und auf dem C6 das letzte Paket im FIFO des USB-Serial-JTAG, bis der Host es abholt. Der Tiefschlaf-Test lief auf dem F401 einzeln durch; in der Suite brach der Trace nach `t=30 ` mitten in einem Byte ab, Kommandozeile, Abschlusszeile und `takt end` fehlten. Einzeln hatte das Anschwingen des Uhrenquarzes beim ersten Einrichten der RTC genug Zeit zum Senden gelassen; war die RTC schon eingerichtet, lag der Standby wenige Mikrosekunden nach der Abschlusszeile. `RESTART` hatte dieselbe Luecke.",Befund,12.7; 13.8,"Unit-Test `finish_waits_until_the_line_is_idle`. Boards: Tiefschlaf- und Neustart-Test auf beiden Boards, einzeln und in der Suite; vorher brach der F401-Trace in der Suite nach `t=30 ` ab.","Was vor dem Ende eines Laufs geschrieben ist, gehoert zu ihm: Die Abschlusszeile mit der Bilanz (FB-304) und das `end`, an dem der Wirt das Kommando erkennt.","Umgesetzt: `Port::idle` meldet, ob die Leitung auch ihren eigenen Puffer abgegeben hat (F401: FIFO leer und `TC`; C6: kein Byte im FIFO und das letzte Paket abgeholt), und `Telemetry::finish` wartet darauf, begrenzt wie `drain`. Die Bring-ups rufen es vor jedem Plattformkommando; ohne Host kommt das Kommando nach der Schranke trotzdem.",M10,hoch,behoben 2026-09-26,
FB-315,crates/takt-rt-baremetal/src/run.rs (`run`),Ein freier Lauf zeigte den Tick seines Kommandos nicht,"Im Betrieb gibt die Schleife nur jeden `every`-ten Tick aus (C6: jeden hundertsten). Endete der Lauf mit einem Kommando an die Plattform (12.7), folgten auf die letzte Ausgabe gleich `end` und die `safe`-Werte; der Tick, der das Kommando traegt, fehlte im Trace. Der Neustart-Test des C6 sah darum weder `reset_count` noch `image_state` des ersten Laufs, obwohl beide im Tick des Kommandos gesetzt waren.",Befund,12.7; 12.3,Boardtest `a_restart_begins_again_with_software_as_the_reason` auf dem C6 (2026-09-26); der F401 gibt jeden Tick aus und zeigte es nicht.,"Das Kommando erklaert das Ende des Laufs; ein Trace, der es auslaesst, zeigt ein Ende ohne Grund. Der Konformitaetslauf war nicht betroffen, er gibt jeden Tick aus.","Umgesetzt: Die Schleife merkt, ob der Stand des letzten Ticks schon ausgegeben ist, und gibt ihn vor `end` aus, wenn nicht — ohne ihn doppelt zu zeigen (`a_free_run_shows_the_tick_of_its_command`).",M10,mittel,behoben 2026-09-26,
FB-316,crates/takt-conformance/src/mcu.rs (`takt_mcu_init_with`),Der MCU-Rahmen tastete in Tick 0 nicht ab,"Der Start des MCU-Rahmens liess die Maschinen eintreten, ohne vorher die Treiber zu fragen; `takt_mcu_sample` lief erst im ersten `takt_mcu_tick`. Ein `enter:` des Anfangszustands, das einen Input liest, sah darum `Bad` und faultete (`SensorFault`), waehrend der Interpreter die Eingaenge von Tick 0 vor dem Eintritt anwendet. Der Watchdog-Test fand es: `t=0 fault 0 0` auf beiden Boards, weil `SHOW` im Eintritt `boot_reason` las.",Befund,9.4; 9.4.4; 12.1,Boardtest `a_missed_kick_resets_and_counts`; der Interpreter mit Stimulus fuer Tick 0 gegen das Board.,"Satz 9.4.4: Der Interpreter ist die Spezifikation, der Rahmen war falsch. Der Korpus sah es nicht, weil seine Programme Hardware-Eingaenge im Eintritt nicht lesen oder sie aus `sim` speisen.",Umgesetzt: `takt_mcu_init_with` ruft `takt_mcu_sample` nach dem Laden und vor den Eintritten (`the_start_samples_before_it_enters`).,M10,hoch,behoben 2026-09-26,
FB-317,"crates/takt-board-esp32c6 (`wfi`, Tick); crates/takt-conformance/src/bench.rs (`tick_jitter`)",Auf dem C6 beginnt ein Tick nach `wfi` spaeter als nach einem Job,"Im Lauf von `long_job.takt` (1 ms Tick) steht `drift` fast ueberall bei -543 us; in einem Tick, den der Job-Faden abgab, bei -680 us — der Tick begann 137 us frueher. Auch Tick 1 nach dem Start liegt bei -712 us. Vermutung: Die Rueckkehr aus `wfi` kostet auf dem C6 rund 140 us (Taktabschaltung im Wartezustand), die Rueckkehr aus dem Job-Faden nicht. Dann steckt die Aufwachzeit in jedem gemessenen Tickbeginn.",Befund,7.3; 12.3; 13.8,"Probe mit `long_job.takt` auf dem C6, drei Laeufe, `drift` je Tick (2026-10-01).","Fuer die Semantik folgenlos, fuer die Messung nicht: `tick_jitter` nimmt den groessten Zuwachs von `drift` zwischen zwei Ticks und saehe den Wechsel zwischen beiden Wegen als Jitter; die Wartezeit bis zum Tick ist um die Aufwachzeit kuerzer, als sie aussieht.","Offen: Die Aufwachzeit mit dem Zyklenzaehler messen (Tickbeginn nach `wfi` gegen Tickbeginn ohne Schlaf), die Taktabschaltung im Wartezustand pruefen und das Ergebnis in `T_IO` oder den Tick-Jitter der Kalibrierung aufnehmen. Der Boardtest misst die Verspaetung darum gegen den Median. Geklaert 2026-10-01: keine Aufwachzeit, sondern FB-352. Mit dem Raster am Alarm liegt `drift` in drei Laeufen von `long_job.takt` nach `wfi` und nach dem Job gleich (-532,5 gegen -530,7 us, Unterschied unter 2 us statt 137); auch Tick 1 faellt nicht mehr heraus. Der Unterschied war die Phase zwischen Raster und Alarm, die ein Tick nach dem Job anders traf.",M10,niedrig,behoben 2026-10-01 (durch FB-352),
FB-318,"M10 Schritt 1 (Audit, PAR-3.7); crates/takt-llvm/src/expr.rs (`default_of`), stmt.rs (`match_stmt`, `bind_fields`)",`default` und `match` auf `T!E` weichen im erzeugten Code vom Interpreter ab,"Drei Abweichungen, keine davon von einem Test erreicht. (1) `default` war im Codegen immer `zeroinitializer`: Bei `enum Kind: A = 7, B = 9` stand ein Standardwert auf der Diskriminante 0, die keine Variante ist; ein `match` darauf traf keinen `case` (Interpreter: `A`). Bei `T!E` hiess null `ERR`, der Interpreter liefert `OK(default)`. (2) `match` auf `T!E` verglich das Fehlerfeld mit den Diskriminanten des Fehler-Enums (`OK` gegen Variante 0, `ERR` gegen Variante 1): Bei `OK` ist das Fehlerfeld undefiniert, ein Fehler-Enum mit expliziten Diskriminanten traf nie, und eines mit nur einer Variante liess sich nicht senken. Korpus 13 kam durch, weil `ParseErr` bei 0 beginnt und sein Handler im Differential nie laeuft. (3) `case ERR(e)` suchte das Feld nach seinem Typ und fand bei `u32!E` das Feld 0, den Wert von `OK`.",Bug,3.7; 3.8; 9.4.4,"Sonde des Audits 2026-09-28: Interpreter und erzeugter Code gegeneinander fuer `default` eines Enums (mit und ohne `layout`), eines `T!E` und `match` auf einem Fehler-Enum mit `X = 5, Y = 6` und einem mit einer Variante.","Satz 9.4.4 verletzt, sobald ein Programm `default` auf einem solchen Enum nimmt oder ein `T!E` mit `match` zerlegt — 05 und 13 tun das, liefen im Differential aber nie durch diesen Pfad.","Umgesetzt: `default_const` baut den Standardwert aus dem MIR-Typ (erste Variante, `OK(default)` mit Flag, Records und Arrays feldweise, sonst `zeroinitializer`); `match` vergleicht bei `T!E` das Flag, `case OK`/`ERR` binden Feld 0 bzw. 1. Korpus 84 (`84_defaults.takt`) im Differential und im Board-Korpus; `a_result_matches_on_its_flag` ersetzt den Test, der den Vergleich auf dem Fehlerfeld festschrieb.",M10,hoch,behoben 2026-09-28,
FB-319,"M10 Schritt 1 (Audit, SEM-3.4, PAR-3.7); crates/takt-sema/src/lower/expr.rs (`default`)","`default` auf einem Range-Typ ohne Null verletzt die Range, und die Analyse nimmt sie als bewiesen","`var i : int in 1..4 = default` war zulaessig und stand auf 0. `range_checked` liess die Zuweisung ungeprueft, weil die Typen gleich sind, und die Intervallanalyse nahm [1, 4] aus dem Typ. Mit `a[i - 1]` faultete der Interpreter (`RangeFault`, Index -1), der erzeugte Code liess die Indexpruefung als bewiesen weg und las vor dem Array.",Referenzluecke,3.7; 3.4; 9.4.4,"Sonde des Audits 2026-09-28: Interpreter `RangeFault`, nativ `o = 0` ohne Fault (Lesen ausserhalb des Arrays).","Ein Speicherzugriff ausserhalb der Grenzen im erzeugten Code aus einem zulaessigen Programm — der schwerste Befund des Audits. 3.7 sagte nicht, was `default` bei einer Range ohne Null heisst.","Entschieden in 3.7 und Anhang A: `default` ist ein Typfehler (Pruefung 3), wo der Standardwert eine Range trifft, die die Null nicht enthaelt — im Typ, in Feldern, Elementen, der ersten Variante, dem Wert von `OK`. `default_outside_range` in der Sema; `corpus-try/checks/SC-3/bad_default_outside_range.takt` (fuenf Faelle) und `ok_default_inside_range.takt`.",M10,hoch,behoben 2026-09-28,
FB-320,"M10 Schritt 1 (Audit, PAR-3.5); crates/takt-llvm/src/stmt.rs (`observe`), abi.rs",Beobachtungen auf einem ungueltigen Channel faulteten im erzeugten Code,"3.5 nimmt `alert`, `log`, `measure`, `verify` von der impliziten Gueltigkeitspruefung aus: Der Alert feuert mit „sensor invalid“, `log`/`measure` schreiben `<invalid>`, `verify` zaehlt eine Verletzung. Der Interpreter faengt den Fault in der Beobachtung ab (`exec.rs`, `observe`). Der Codegen senkte ihre Ausdruecke mit der Fault-Marke der Maschine: `alert p > 80 bar` sprang bei ungueltigem `p` in den Fault-Pfad, die Maschine ging auf `FAULTED`, ihre Outputs auf `safe`. Die ABI hatte kein Feld fuer „ungueltig“.",Bug,3.5; 5.6; 9.4.4; Entscheidung 14,"Sonde des Audits 2026-09-28: Interpreter `alert … (sensor invalid)`, `out o true`; nativ `fault 0 0`, `out o 0`. Kein Test erreichte den Pfad: Das Differential laeuft ohne Stimulus, und kein Programm darin beobachtete einen Input ohne `.or`.",Satz 9.4.4 und Entscheidung 14 verletzt: Beobachtung beeinflusste die Steuerung.,"Umgesetzt: `observed` senkt den Ausdruck einer Beobachtung mit eigener Fault-Marke; dort gilt der Ersatzwert (Alert aktiv, Messwert ungueltig, `verify` falsch). ABI `takt_alert(i32, i32, i1, i1)` und `takt_measure(i32, i32, double, i1)` mit dem Flag, beide Rahmen schreiben es in den Trace. Ohne Diagnose entfallen die Ausdruecke ganz — sie wirken nicht mehr. Korpus 85 (`85_observe_invalid.takt`) im Differential und im Board-Korpus; `an_invalid_input_is_logged_measured_and_counted_as_a_violation` im Interpreter.",M10,hoch,behoben 2026-09-28,
FB-321,"M10 Schritt 1 (Audit, PAR-3.2 x5); crates/takt-sema (units.rs, lower/decl.rs, lower/expr.rs, prelude.takt)",Sechs Regeln der Einheiten aus 3.1 und 3.2 hielt der Compiler nicht,"(1) `degF` fehlte im Prelude; sein Faktor 5/9 liess sich als Dezimalzahl nicht exakt schreiben. (2) `B` nahm SI-Praefixe (`kB`), 3.2 nennt nur binaere. (3) `unit mV = 2 V` war zulaessig, weil praefixierte Namen erst beim ersten Gebrauch entstehen. (4) Ein Index mit Einheit (`a[i]` mit `i : int[slot]`) war zulaessig, 3.1 schliesst ihn aus. (5) Die Pruefung auf affine Werte stand bei `min`/`max` statt bei `abs`: `max(t1, t2)` auf `degC` war verboten, `abs(t)` erlaubt. (6) Gefunden mit Korpus 86: Die Differenz eines affinen Werts galt immer als `K` — `degF + 2.25 K` addierte 2,25 °F.",Fehler,3.1; 3.2,Sonde des Audits 2026-09-28 mit `takt check` (1-5); Korpus 86 im Interpreter (6).,"(6) rechnete falsch, ohne dass eine Pruefung anschlug; (4) oeffnete die Verwechslung von Nummernraeumen, die 3.1 ausschliessen will; die uebrigen liessen Programme zu, die die Referenz verbietet, oder verboten erlaubte.","Umgesetzt und in 3.2 und Anhang A festgehalten: `unit_decl` nimmt einen Bruch als Faktor (`unit degR = 5/9 K`, Grammatik, Parser, Formatter, S-Ausdruck), `degF = affine(degR, 459.67)`; die Differenzen einer affinen Einheit stehen in der Einheit mit ihrem Faktor (`K` fuer `degC`, `degR` fuer `degF`); `B` nur binaer; Neudefinition praefixierter Namen ist Fehler 2; ein Index ohne Einheit (`index_int`, auch fuer Instanz-Arrays); `abs` statt `min`/`max`. Die Saetze zu Potenzen (Exponenten der Einheiten) und zur Inferenz (der Ausschnitt aus den Festlegungen des Lowerings) sagen jetzt, was gemeint ist. Tests: `checks/SC-3/bad_unit_rules.takt` (13 Verstoesse, dazu Faktor null, Range-Grenzen, `.to` ueber Dimensionen, Vergleich, `f32`/`f64`), `ok_unit_rules.takt`, `checks/SC-2/bad_predefined_unit_redefined.takt`; Korpus 86 (`86_units.takt`: `bar`/`psi`, `degC`, `degF`, `sector`/`B`, `lerp`, `map_range`, `deadband`, `integrate`, `lowpass`, `hysteresis`, `rate`, `rate_limiter`, `pid`, `window_mean`, `window_rms`, `vote2oo3`) im Differential und im Board-Korpus.",M10,mittel,behoben 2026-09-28,
FB-322,"M10 Schritt 1 (Audit, PAR-4.2-Subnormale_in_Zustaenden); crates/takt-sema/src/prelude.takt",Das Totband gegen Subnormale fehlte in `lowpass`,"4.2 verlangt, dass Bloecke der Bibliothek abklingende Zustaende mit einem deterministischen Totband halten (`if abs(y) < 1e-30: y = 0`). Kein Block tat es; ein `lowpass` mit Eingang null lief durch die Subnormalen, bevor er null erreichte. Die Zeile galt als teilweise mit dem Verweis auf den Subnormal-Vektor von `takt bench` — der prueft die FPU, nicht die Bibliothek.",Luecke,4.2; 11.4,"Prelude gelesen: `lowpass`, `integrate`, `pid`, `rate_limiter` ohne Totband (2026-09-28).",Auf x86 kostet eine Operation mit subnormalen Operanden das Hundertfache; ein Regler im Leerlauf haette seine Laufzeit vervielfacht.,"Umgesetzt: `lowpass` setzt seinen Zustand unter 1e-30 in der Einheit des Filters auf null. Die Referenz sagt jetzt, welche Bloecke es brauchen: die, deren Zustand gegen null abklingt; `integrate`, das Integral von `pid` und `rate_limiter` summieren oder laufen linear und klingen nicht ab. Test `a_decaying_lowpass_stops_at_zero_before_the_subnormals`.",M10,mittel,behoben 2026-09-28,
FB-323,"M10 Schritt 1 (Audit, SEM-8.1); crates/takt-sema/src/checks.rs",Ein benutzter Channel ohne Bindung war im Hardware-Build kein Fehler,"8.1: „`none` erlaubt Deklaration ohne Bindung (Compile-Fehler bei Nutzung im Hardware-Build)“. Keine Pruefung sah es; `Binding::None` wurde ueberall uebersprungen. Ein HW-Build las einen Input, den kein Treiber je liefert — dauerhaft `Bad` mit Grund `Driver`, ohne dass der Compiler es sagte. Die Tabelle der Pruefungen fuehrte die Regel unter keiner Nummer.",Luecke,8.1; 10 (Pruefung 13),"`crates/takt-sema/src/checks.rs` gelesen (2026-09-28); `corpus-try/10_nuances.takt` deklariert `spare @ none`, benutzt ihn nicht.","Die Luecke aus 8.1 zwischen Simulation und Ziel: Im Sim-Build treibt ein Stimulus den Channel, auf dem Ziel nichts.","Umgesetzt: Pruefung 13 heisst „Bindung je Build“ und verbietet im HW-Build einen gelesenen oder geschriebenen Channel ohne Bindung (`check_unbound`; die Leseliste teilt sie mit Pruefung 15). Test `an_unbound_channel_in_use_fails_the_hardware_build` (Sim ohne Fehler, HW genau der benutzte Channel, der nur deklarierte nicht). Dazu der fehlende Negativtest „Output ohne `safe`“ (`checks/SC-3/bad_output_without_safe.takt`).",M10,mittel,behoben 2026-09-28,
FB-324,"M10 Schritt 1 (Audit, FAULT-Runtime, OBL-T16); plan/definition.md 5.3, 9.2, T16",`Runtime(Watchdog)` und `JobOverflow` hatten keinen Ausloeser,"5.3 fuehrte `Runtime(Watchdog)`, 12.3 aber nennt den abgelaufenen Watchdog einen Stillstand mit Reset — die Schleife, die den Fault zustellen muesste, steht. 9.2 liess `job` mit `JobOverflow` faulten, wenn mehr als K_j Jobs laufen; Pruefung 44 begrenzt aber die Handles, und Interpreter wie MCU-Rahmen fuehren einen Job je Handle, ein neuer ersetzt den laufenden. T16 nannte den Start zugleich total und `JobOverflow` einen Fault. Beide Arten erzeugte nichts.",Referenzluecke,5.3; 4.5; 9.2; 9.4.2 (T16); 12.3; 12.7,"Audit 2026-09-28: kein Erzeuger in Interpreter, Codegen oder Runtime; Boardtest `a_missed_kick_resets_and_counts` zeigt den Weg ueber den Reset.","Eine Fault-Art, die nie eintritt, laedt zu Handlern ein, die nie laufen, und ein Zertifizierer fragt nach ihrem Test.","Entschieden in der Referenz (5.3, 4.5, 9.2, T16, 5.10, Anhang A): Der Watchdog ist kein Fault, der naechste Lauf erfaehrt ihn aus `boot_reason = WATCHDOG`; ein `job` auf einem laufenden Handle ersetzt den Job. Beide Arten entfallen aus Prelude (`RuntimeKind`, `FaultKind`), MIR und Schluesselwortliste; die Nummern des MIR-Formats (2, 10) bleiben frei.",M10,mittel,behoben 2026-09-28,
FB-325,"M10 Schritt 1 (Audit, FAULT-TimingFault, FAULT-ScheduleOverflow); crates/takt-interp (machine.rs, system.rs), crates/takt-llvm/src/step.rs","Ein Fault leerte die geplanten Ausgaben nicht, und die Reihenfolge von Ersetzen und Ueberlauf wich ab","Gefunden mit Korpus 87, dem ersten Programm, das `TimingFault` und `ScheduleOverflow` ausloest. (1) 5.3 und 9.2 verlangen, dass ein Fault-Uebergang `sched` aller Outputs der Maschine leert — „ein Safe-Wert darf nie von einem geplanten Wert ueberschrieben werden“. Weder Interpreter noch erzeugter Code taten es: `Image::cancel_all_scheduled` wurde nie gerufen, und in Tick 10 schrieben beide einen Wert, den die Maschine vor ihrem Fault in Tick 2 geplant hatte. (2) 9.8 pruefte die Kapazitaet vor dem Ersetzen; der Interpreter folgte, der C-Rahmen ersetzte zuerst — bei voller Warteschlange und gleichem Zeitpunkt faultete nur der Interpreter.",Bug,5.3; 7.5; 9.2; 9.8; 9.4.4,Korpus 87 im Interpreter und im Wirtsrahmen (2026-09-28): `t=10 out crowded 1` auf beiden Wegen nach `FAULTED` in Tick 2.,"(1) verletzte die Zusage, auf der `safe` beruht, auf beiden Wegen gleich — das Differential sah es darum nicht. (2) hing Satz 9.4.4 an einer Reihenfolge, die kein Test erreichte.","Umgesetzt: Der Fault-Zweig des Interpreters leert die Warteschlangen der Maschine (`layout.output_queues`), der erzeugte Fault-Pfad ruft `takt_cancel` je Warteschlange neben `takt_job_cancel`. Entschieden in 7.5, 9.8 und Anhang A: Derselbe Zeitpunkt ersetzt vor der Kapazitaetspruefung und belegt keinen Platz. Korpus 87 (`87_fault_kinds.takt`: `TimingFault`, `ScheduleOverflow` mit Ersetzung in voller Warteschlange, `%` durch null, Ueberlauf von `i64`, singulaere Inverse, Neustart eines laufenden Jobs) im Differential und im Board-Korpus; `every_fault_kind_of_the_corpus_arrives_at_its_tick` prueft Art und Tick im Interpreter; `solve` auf singulaerer Matrix in `matrices.rs`.",M10,hoch,behoben 2026-09-28,
FB-326,"M10 Schritt 1 (Audit, DESUGAR-until_g_as_m); crates/takt-interp/src/system.rs (`send`, `deliver`), crates/takt-sema/src/checks.rs (`elem_bytes`), crates/takt-conformance/src/streams.rs","Der Ueberlauf eines internen Stroms traf im Interpreter die Leser, nativ den Schreiber — und beide zu frueh","Gefunden mit Korpus 88, dessen Leser in einem `wait` steht, waehrend der Schreiber weiter sendet. (1) 8.6 und 9.2: „Ueberlauf trifft den Schreiber (`send` → `StreamOverflow`)“. Der Interpreter merkte den Fault beim Zustellen fuer die Leser vor (nach `deliver` in 9.6), der erzeugte Code liess den Schreiber faulten — eine andere Maschine, einen Tick frueher. `limits.rs` fuehrte den Unterschied als ungeprueft. (2) Die Sema setzte die Byteschranke eines internen Stroms als Kapazitaet mal `elem_bytes`, und `elem_bytes` gab einem Record ohne `layout`, einem `float`, einer Dauer und einem Enum ein Byte; `send` belegt aber die kanonische Form. Ein `stream<Pulse>` mit `capacity = 8` fasste darum vier Elemente, auf beiden Wegen.",Bug,8.6; 9.2; 9.6; 9.4.4,"Sonde des Audits 2026-09-28 mit Kapazitaet 4, 8, 16, 32: Interpreter faultete den Leser in Tick cap/4 + 1, nativ den Schreiber in Tick cap/4; nach der Korrektur beide den Schreiber in Tick cap/2.","Satz 9.4.4 verletzt (andere Maschine, anderer Tick), und die deklarierte Kapazitaet galt nur halb.","Umgesetzt und in 9.6 und Anhang A festgehalten: Der Interpreter lehnt ein `send` auf einem vollen internen Strom beim Schreiber ab (`free = CAP − len(buf) − len(sendlist)`, Plaetze und Bytes); `deliver` kennt nur noch `drop_oldest`; `overflow = drop` verwirft auf beiden Wegen (im Wirtsrahmen `g_int_drop`). `elem_bytes` rechnet mit der kanonischen Form (`max_size`), ein Record mit `layout` mit seiner Drahtgroesse. `a_full_internal_stream_faults_its_writer` ersetzt den Test, der die Leser faulten liess; Korpus 88 (`88_capture_segments.takt`: Captures ueber zwei weitere Segmente, das stehen gebliebene Element fuer das naechste `until`, ein voller Strom, ein Strom mit `drop`) im Differential und im Board-Korpus. Offen und in `limits.rs`: `drop_oldest` im Wirtsrahmen.",M10,hoch,behoben 2026-09-28,
FB-327,"M10 Schritt 1 (Audit, SEM-3.4, PAR-3.4-Warnpolitik_und_Idiom); crates/takt-mir/src/analysis",Die Intervallanalyse kennt keine Gleitkommazahlen,"3.4 nennt Range-Typen auch fuer `float` und eine Intervallabstraktion ueber *allen* Ausdruecken. Die Domaene hat nur `Int` und `Top`; `Float` bildet auf `Top` ab, `bounds_of` kennt nur Ganzzahl und Dauer. Jede nicht literale Zuweisung an eine Float-Range behaelt ihre Pruefung, Vergleiche verengen keine Float-Zweige, und das Idiom aus 3.4 (`var dp : float[bar] in 0..50 bar = …` als eine sichtbare Pruefung, danach bekannte Range) wirkt fuer Gleitkomma nicht.",Umsetzungsluecke,3.4,"Audit M10 Schritt 1, 2026-09-28 (Code gelesen, Tests gesucht). Board-Suiten nach 3012bf4 (2026-09-28): C6 14 von 15, F401 7 von 8, Korpus mit 94 und 95 ohne Abweichung; offen jeweils FB-293.","Keine falsche Aussage — jede Pruefung bleibt stehen —, aber die Kennzahl und die Warnungen fuer Gleitkommacode sind schlechter, als die Referenz verspricht, und der Regelkreis-Code aus 14.x zahlt Pruefungen, die ein Intervall beweisen wuerde.","Umgesetzt 2026-09-28: `Interval::Float` mit endlichen Grenzen. Arithmetik an den Ecken, exakt statt nach aussen gerundet: Runden zum Naechsten ist monoton, das `f64`-Ergebnis des Programms liegt zwischen den gerundeten Ecken; ein `f32`-Ausdruck wird in `Walk::expr` nach aussen auf das `f32`-Raster gerundet, eine `f32`-Range gegen die zum Naechsten gerundeten Grenzen bewiesen (wie `in_range` und `float_literal`). Ein Divisor mit der Null und jede nicht endliche Grenze ergeben `Top`. Vergleiche verengen Gleitkommazweige, `abs`/`min`/`max`/`sqrt` und `int as float` liefern Intervalle, `NonFinite` ist bei beschraenktem Ergebnis bewiesen, `Domain` bei `sqrt` eines nicht negativen Arguments. Ein Aufruf liefert das Intervall seines Rumpfs, am Aufrufort mit den Argumentintervallen durchlaufen (Tiefe 4); dessen Beweise verfallen, der Rumpf behaelt seine Pruefungen — damit wirkt der Vorschlag `clamp` aus 3.4. Dabei gefunden: FB-343. MSRV 1.86 (`next_up`, `pop_if`). Tests: `takt-mir/tests/float_intervals.rs` (Eigenschaft je Operation fuer `f64` und `f32`, 20 000 Faelle), sieben Faelle in `takt-sema/tests/analysis.rs`, Korpus 94 im Differential. Offen: Blockausgaenge liefern weiter kein Intervall.",M10,mittel,behoben 2026-09-28,
FB-328,"M10 Schritt 1 (Audit, PAR-3.4-Ranges_sind_Tick_Rand_Invarianten); crates/takt-diag, crates/takt-mir/src/analysis","Zertifizierung eskaliert die Kennzahl nicht, und zwei Regeln der Differenzschranken sind ungetestet","3.4: „Die Zertifizierung eskaliert die Kennzahl zu Fehlern.“ `Policy.certification` eskaliert nur Pruefung 49. Ungetestet: dass eine Zuweisung eine Differenzschranke loescht und ein Zusammenfluss die schwaechere behaelt; dass ein `param` ausserhalb seiner Range beim Laden abgelehnt wird (`system.rs`, Interpreter).",Umsetzungsluecke,3.4; 13.4,"Audit M10 Schritt 1, 2026-09-28 (Code gelesen, Tests gesucht).","Im Zertifizierungspfad (13.4) ist eine unbewiesene implizite Pruefung eine Aussage, die ein Gutachter sehen muss; ohne Eskalation bleibt sie eine Zahl im Bericht.","Umgesetzt 2026-09-28: `analysis::analyze` bekommt den Zertifizierungsmodus; darin ist jede unbewiesene implizite Pruefung im Programm des Nutzers ein Fehler SC-24 mit Ursache und einem Vorschlag je Ursache (Declared, Index, Convert, Arith, NonFinite), nicht nur die in Schleifen. Referenz 10, Zeilen 4 und 24, nachgezogen; Zeile 4 begruendete die fehlende `NonFinite`-Warnung mit einem fehlenden Beweisweg, den es seit FB-327 gibt. Tests: `certification_turns_every_unproven_check_into_an_error`, `an_assignment_forgets_the_difference_bound`, `a_join_keeps_the_weaker_difference_bound` (analysis.rs), `a_parameter_outside_its_range_is_rejected_on_load` (range_boundaries.rs).",M10,mittel,behoben 2026-09-28,
FB-329,"M10 Schritt 1 (Audit, PAR-4.2-FPU_im_IEEE_Modus); crates/takt-conformance (Wirtsrahmen, `bench`)","IEEE-Modus auf x86 nicht ausdruecklich gesetzt, Subnormal-Vektor ohne Urteil","4.2: Die Runtime schaltet FTZ/DAZ ab. Auf dem F401 tut es `ieee_mode`; der C-Rahmen auf x86 setzt MXCSR nicht, er erbt den Prozesszustand. `takt bench` schreibt `subnormal_failures` in den Bericht, aber nichts schlaegt fehl, wenn die Zahl nicht null ist.",Umsetzungsluecke,4.2; 13.8,"Audit M10 Schritt 1, 2026-09-28 (Code gelesen, Tests gesucht).","Auf x86-64 beginnt ein Prozess mit MXCSR = 0x1F80 (FTZ/DAZ aus), und der Rust-Teil der Runtime darf es ohne `unsafe` nicht aendern — also haelt die Zusage heute, weil niemand sie bricht, nicht weil jemand sie herstellt.","Umgesetzt: Der Wirtsrahmen loescht FTZ und DAZ auf x86 zu Beginn von `main` (`_mm_setcsr`, hinter `__x86_64__`/`_M_X64`); `takt bench` scheitert, wenn eine Subnormal-Probe falsch rechnet, und schreibt den Bericht trotzdem. Korpus 91 (`91_subnormals.takt`) laesst einen `f64` durch den subnormalen Bereich fallen und vergleicht Quotient, Summe und Wurzel bitgenau im Differential und im Board-Korpus. Die Rust-Runtime auf x86 setzt MXCSR nicht: `_mm_setcsr` ist `unsafe`, und der Prozess beginnt nach der ABI mit 0x1F80 (FTZ/DAZ aus); die Begruendung gehoert in den Zertifizierungspfad (M10 Schritt 24).",M10,niedrig,behoben 2026-09-28,
FB-330,"M10 Schritt 1 (Audit, FAULT-ArithmeticFault, FAULT-TimingFault, FAULT-ScheduleOverflow); crates/takt-llvm (step.rs, stmt.rs), crates/takt-conformance/src/run.rs","Die Art eines Faults ist im erzeugten Code unsichtbar, und das Differential vergleicht keine Faults","`fault_code` fasst `Arithmetic(_)` zu einer Zahl zusammen, `last_fault` ist nicht gesenkt (ein Programm, das `last_fault.kind` liest, baut nativ nicht), und `compare` vergleicht nur `out`-Zeilen. Korpus 87 belegt die Faults ueber den Tick, an dem der Output auf `safe` faellt, und ueber den Interpreter-Trace — nicht ueber die Art.",Umsetzungsluecke,5.3; 9.4.4; 13.8,"Audit M10 Schritt 1, 2026-09-28 (Code gelesen, Tests gesucht). Board-Suiten danach (2026-09-28): C6 13 von 14, F401 6 von 7, alle Korpusprogramme mit Fault-Vergleich ohne Abweichung; offen jeweils FB-293.","Ein Fault-Pfad, der nach der Art verzweigt (14.x: `match last_fault.kind`), laesst sich heute nicht nativ uebersetzen; eine falsche Art bliebe dem Differential verborgen.","Umgesetzt: Jede Sprungstelle in einen Fault-Pfad geht ueber `Vars::fault_to(kind)`; `Module` schreibt je Funktion einen Block je (Ziel, Art), der die Art in einen Platz legt (`fault_slot`). Die Zahl der Art ist ABI (`abi::fault_code`: Variante des Prelude plus Nutzlast, null heisst kein Fault); Funktionen und `loop:`-Funktionen reichen sie ueber das Fault-Flag weiter (jetzt `i32`), `takt_schedule` liefert sie statt eines `bool`. `takt_fault(m, from, art)`: beide Rahmen schreiben `fault <maschine> <art>` mit den Namen des Interpreters (`FaultKind::name`, `FaultKind::all` in der MIR), und `compare` vergleicht Faults je Tick nach Maschine und Art, soweit beide Traces reichen. Der Vergleich fand sofort FB-339 in Korpus 03. Groesse: Objekte des Korpus 2,5 bis 8 % groesser (Baseline neu). Offen als FB-340: `last_fault` im erzeugten Code.",M10,hoch,behoben 2026-09-28,
FB-331,"M10 Schritt 1 (Audit, FAULT-TimingFault); crates/takt-mir/src/hardware.rs (`guard_ns`), Rahmen",`guard(o)` aus der Hardware-Konfiguration wirkt auf dem Ziel nicht,"9.8: `at T` mit `T <= now + guard(o)` ist ein `TimingFault`; `guard` ist in der Simulation null, auf dem Ziel die Treiberlatenz aus der Konfiguration. `HwChannel::guard_ns` wird gelesen und nie benutzt; beide Rahmen vergleichen gegen `now`.",Umsetzungsluecke,7.5; 9.8; 8.10,"`a_scheduled_output_carries_its_guard` (takt-conformance/tests/mcu_harness.rs) und auf dem C6 `a_schedule_inside_the_guard_is_a_timing_fault` (board_esp32c6.rs, `guard_ns` 4338 der Bruecke aus `takt driver-test --board`), 2026-09-28. Auf dem F401 2026-10-02 mit `guard_ns` 227 der Bruecke PA0-PA1; der Test liegt fuer beide Boards in `tests/common/board.rs` und plant 100 ns voraus","Auf der Hardware plant ein Programm Schreibvorgaenge, die der Treiber nicht mehr rechtzeitig ausfuehren kann, ohne dass es faultet.","Mit M10 Schritt 11/12: `guard_ns` je Output aus der Konfiguration in die Tabelle der Warteschlangen, `takt_schedule` vergleicht gegen `now + guard`; ein Boardtest mit einem `at` knapp hinter `now`.",M10,mittel,behoben 2026-09-28,
FB-332,"M10 Schritt 1 (Audit, FAULT-Runtime_Overrun_Driver_Hardware_Node); crates/takt-rt-core (`raise_overrun`), crates/takt-hal (`Edge`), crates/takt-mcu-program, Interpreter",Runtime-Faults erreichen keine Maschine,"Erkannt werden sie: `overrun.rs` und die Schleife fuer `Runtime(Overrun)`, `Edge` in `takt-hal` fuer `Driver` und die Tick-Periode, `StackGuard` und `tolerance.rs` fuer `Hardware`. Zugestellt wird keiner: `Program::raise_overrun` ist ein leerer Default, den weder der Interpreter-Lauf noch `Generated` implementiert; die Ergebnisse von `Edge` nutzen nur ihre eigenen Tests. 5.3, 5.4 und 12.6 verlangen die Zustellung in der Abort-Phase mit der Rangfolge Abort > Runtime > StreamOverflow und `safe` fuer die Outputs.",Umsetzungsluecke,5.3; 5.4; 7.1; 7.3; 12.3; 12.6,"Audit M10 Schritt 1, 2026-09-28 (Code gelesen, Tests gesucht). Board-Suiten nach Teil B (2026-09-28): C6 14 von 15, F401 7 von 8, Korpus mit 90 ohne Abweichung, Ueberlauftest bestanden; offen jeweils FB-293.","Ein Ueberlauf, ein Treiberfehler oder eine abweichende Tickquelle bleiben auf dem Ziel folgenlos fuer die Steuerung — die Zusage aus 12.6, dass ein Vertragsbruch ein Fault ist, haelt nur im Test von `edge.rs`.","Die Abort-Phase bekommt einen Eingang fuer Runtime-Faults (`pending` je Maschine): im Interpreter aus der Aufzeichnung bzw. einem Stimulus `t=k runtime m Overrun`, im erzeugten Code ueber eine Runtime-Funktion, die die Schleife vor dem Schritt setzt; `Generated` implementiert `raise_overrun`; `Edge` speist `Driver` und `Hardware`. Tests: je Art ein Wirtstest und ein Boardtest mit ueberlangem Schritt. Teil A umgesetzt 2026-09-28: die Abort-Phase fuer `abort` im erzeugten Code. Die abortierende Maschine nimmt sofort ihren Fault-Pfad, der Rahmen merkt alle vor (`g_raised`) und ruft nach den Schritten `<m>_deliver(…, art, aktiv)`; das legt die Art in das Feld `deliver` und ruft den Schritt, der im Prolog statt seines Rumpfs den Fault-Pfad nimmt — dieselben Pfade, kein zweites Mal im Objekt. Abort-Latch als Feld (gesetzt mit einem Abort-Pfad, geloest mit jedem normalen Uebergang). Die Timer zaehlen danach nur, wenn die Maschine in diesem Tick aktiv war (9.4 zaehlt nach der Abort-Phase). Korpus 90 (`90_abort.takt`: Abort in einer Maschine, Latch, Freigabe nach normalem Uebergang, eine inaktive Maschine, eine ohne Fault-Ziel). Groesse: Jeder Fault-Pfad steht jetzt im Objekt, weil jede Maschine in jedem Zustand einen Abort bekommen kann (`01_minimal` 588 → 760 Byte).  Teil B umgesetzt 2026-09-28: Stimuluszeile `runtime <art> [<output>]` (grammar/trace.md, Aufzeichnung 12.5, Anhang A); der Interpreter merkt sie vor wie einen Operator-Abort. Beide Rahmen fuehren `pending[m]`: zu Beginn des Schritts einer aktiven Maschine ueber `<m>_pend` in den Zustand, bei einer inaktiven in der Abort-Phase; ein Abort verdraengt einen Runtime-Fault. Auf der MCU meldet die Schleife den Ueberlauf (`raise_overrun` → `takt_mcu_overrun`), der Rahmen schreibt `runtime Overrun` und stellt ihn im naechsten Tick allen Maschinen zu. Tests: `faults_from_outside_arrive_alike` (Operator-Abort, Overrun, Driver an den Besitzer, Hardware; Interpreter gegen nativ), `an_overrun_faults_every_machine_in_the_next_tick` auf beiden Boards (wachsende Last, Fault beider Maschinen im Tick nach dem Ueberlauf, Nachspielen im Interpreter ohne Abweichung). Die Erzeuger von `Driver` (Treiberrand, `takt-hal::Edge`) und `Hardware` (Tick-Toleranz, MPU) auf dem Ziel gehoeren zu M10 Schritt 11 und 18.",M10,hoch,behoben 2026-09-28,
FB-333,"M10 Schritt 1 (Audit, SEM-11.1); Cargo.toml, plan/definition.md 11.1","Die Komponentenliste in 11.1 weicht vom Workspace ab, und kein Test haelt sie","11.1 nennt 19 Crates. Es fehlen `takt-rt-rtos`, `takt-rt-boot` (Schritte 16/17), `takt-stdlib` (die Bibliothek steht in `takt-sema/src/prelude.takt`), `takt-import-c`, `takt-lsp` (M7); dazu kommen `takt-diag`, `takt-match`, `takt-prove`, `takt-board-support`, `takt-flash-weact`, `takt-trace-serial`, die Board-Crates und die Bring-ups. `takt-hal` hat keinen Flash-Trait, `takt-rt-linux` keinen Recorder; die CLI kennt `tcb`, nicht `driver-test`, `migrate`, `import-c`; „Pruefungen 1–58“ ist ueberholt (bis 64).",Referenzluecke,11.1,"11.1 nachgezogen (jedes Crate, geplante markiert, Bibliothek im Prelude begruendet, Kommandos wie `takt-cli`); `tcb_manifest.rs` haelt Liste, Kommandos und TCB-Manifest gegen den Workspace, 2026-09-28.","Die Liste ist das Inventar des TCB (9.5, 13.4); eine veraltete Liste ist eine falsche Angabe im Zertifizierungspfad.","Mit dem TCB-Manifest-Test (M10 Schritt 24): 11.1 nachziehen (geplante Crates als solche markiert, die Bibliothek im Prelude begruendet) und ein Test, der den Codeblock aus 11.1 gegen `Cargo.toml` (Mitglieder und `exclude`), `crates/*` und die Kommandos von `main.rs` liest, wie `keywords.rs` die Schluesselwoerter.",M10,mittel,behoben 2026-09-28,
FB-334,"M10 Schritt 1 (Audit, OBL-T12, FN-9-sleep, FN-9-sleep_allowed); crates/takt-llvm (step.rs `_idle`), Rahmen",Schlaf im erzeugten Code ohne Wake-Stroeme und ohne Stromverwurf im `idle`,"9.9 nennt sechs Konjunkte fuer `sleep_allowed`; das dritte (jedes Wake-Stream-Fenster leer) prueft kein Rahmen, und der Interpreter hat dafuer keinen Test. 5.10: Ein `idle`-Zustand verwirft Nicht-Wake-Stroeme (Cursor ans Ende, `dropped` zaehlt, `StreamPaused` beim Verlassen) — nativ nicht umgesetzt, `.dropped` nicht gesenkt. Ungetestet in beiden Schichten: Wecken durch Operator-Abort und durch einen Wake-Strom; im Interpreter die Konjunkte 2, 4, 5, 6 einzeln.",Umsetzungsluecke,5.10; 9.4.2 (T12); 9.9,"Audit M10 Schritt 1, 2026-09-28 (Code gelesen, Tests gesucht). Board-Suiten nach 1060bbb (2026-09-28): C6 14 von 15, F401 7 von 8, Korpus mit 92 und 93 samt Alert-Vergleich ohne Abweichung; offen jeweils FB-293.","Ein Programm, das im `idle` einen Strom empfaengt, verhielte sich nativ anders als im Interpreter; `virtual_sleep_is_invisible` deckt nur Programme mit Zeitgebern.","Umgesetzt 2026-09-28: Je Cursor ein Zaehler `dropped` im Zustand; `<m>_drop` rueckt im `idle` den Cursor jedes Nicht-Wake-Stroms ans Ende, zaehlt saettigend und meldet `examined` fuer die Freigabe (8.6). Beide Rahmen rufen es nach der Abort-Phase, gescopte Instanzen nur aktiv (Overlay, 11.2); `step::drops` entscheidet fuer Codegen und Rahmen, ob es die Funktion gibt. `.dropped` ist gesenkt (Anteil des Rings nicht, `limits.rs`). `_idle` prueft Konjunkt 3 (Fenster jedes Wake-Stroms leer) und statt des nie geloeschten `pending`-Flags `deliver == 0`; die Rahmen pruefen `g_pending` (ein Fault hinter einem Abort). Das tote Feld `pending` und der unbenutzte Fault-Trampolin sind entfernt. Interpreter: Was im Tick des Einschlafens untersucht wurde, zaehlt nicht als verworfen (9.6). Tests: Korpus 92 (`92_idle_streams.takt`, Differential, Schlaftest, Board-Korpus), `idle_watches_the_wake_stream_and_drops_the_other` (IR), `crates/takt-sema/tests/sleep.rs` mit den Konjunkten 2, 3, 4, 6 einzeln, dem Verwurf und dem Wecken durch Operator-Abort in der Schleife aus 12.1. Offen: Konjunkt 3 nativ nur strukturell, weil der schlafende Wirtsrahmen keine Eingaenge hat; Konjunkt 5 (Jobs) ohne Einzeltest; `StreamPaused` nativ ist FB-335.",M10,mittel,behoben 2026-09-28,
FB-335,"M10 Schritt 1 (Audit, bei FB-320); crates/takt-llvm/src/stmt.rs (`observe`), Rahmen",Alerts im erzeugten Code ohne Flanke je Element und ohne Bestaetigungszeit,"5.6: Eine Alert-Stelle in einer Schleife hat je Durchlauf eine eigene Flanke, und `alert … for d` feuert erst nach `d` ununterbrochener Verletzung. Der Codegen uebergibt nur Maschine und Stelle, keinen Schleifenindex, und ignoriert `for d`; die Rahmen schreiben jeden Aufruf. Das Differential vergleicht keine Alert-Zeilen und sah es nicht.",Umsetzungsluecke,5.6; 9.2; 9.3,"Audit M10 Schritt 1, 2026-09-28 (Code gelesen, Tests gesucht). Board-Suiten nach 1060bbb (2026-09-28): C6 14 von 15, F401 7 von 8, Korpus mit 92 und 93 samt Alert-Vergleich ohne Abweichung; offen jeweils FB-293.","Ein Betriebssignal (5.6 nennt `alert` ein solches) meldet nativ anders als in der Simulation; auf dem Ziel ist es das, was der Bediener sieht.","Umgesetzt 2026-09-28: `alert … for d` rechnet im erzeugten Code wie `exec` (Zaehler steht bei `d` still). Die Flanke bildet die Runtime, wie 5.6 es sagt: `takt_alert` bekommt einen Platz je Maschine, Alert-Stelle und Durchlauf (`machine::counters`), beide Rahmen fuehren die Flankentabelle (`harness::alert_table`) und schreiben nur Flanken, mit Maschinennamen wie der Interpreter. Die Alerts der Runtime kommen aus dem erzeugten Code: `send` mit `overflow = drop` (der Rahmen meldet nur noch „passt nicht“, die Politik kennt der Codegen; ein voller Sendepuffer mit `drop` faultete bisher), `StreamPaused` beim Verlassen des `idle` (`<m>_drop`, Feld `was_idle`), `PersistReset` je Variable aus `_persist_restore`. `compare` vergleicht Alert-Zeilen je Tick nach Maschine, Flanke und Gueltigkeit. Offen: `drop_oldest` beim Zustellen kennt der Ring nicht (`limits.rs`).",M10,mittel,behoben 2026-09-28,
FB-336,"M10 Schritt 1 (Audit, SEM-8.1, SEM-8.2); crates/takt-sema (collect.rs, lower/expr.rs), crates/takt-mir/src/hardware.rs","`import channels`, `o.jitter` und die Kalibrierung der Kanaele fehlen, obwohl die Referenz sie in v1 fuehrt","8.2 und die Grammatik fuehren `import channels from ""…""` ohne Stufenvermerk; die Sema lehnt es als v1.1 ab (Pruefung 3, FB-140). 7.5 nennt `vbus_en.jitter` im Programm lesbar; die Sema lehnt `o.jitter` als v1.1 ab. 8.1 legt Kalibrierung, Rohtyp und Enum-Abbildung in die Konfiguration; `HwChannel` hat keine Schluessel dafuer. `plan/m10.md` behauptete, `import channels` werde aufgeloest.",Umsetzungsluecke,7.5; 8.1; 8.2; 8.10,"`import channels` aufgeloest (takt-sema/tests/import_channels.rs); `o.jitter` als Wert der Bindung, in der Simulation null, im MCU-Rahmen aus der Konfiguration (differential.rs `the_jitter_of_an_output_is_zero_without_a_configuration`, mcu_harness.rs `the_jitter_of_an_output_comes_from_the_configuration`), 2026-09-28. Aufzeichnung ungebundener Kanaele: M10 Schritt 29d, 2026-10-02 (`Program::recorded`, Zeile `rec` im MCU-Rahmen; `import_channels.rs`, `mcu_harness.rs`, `the_unread_channels_are_recorded` auf beiden Boards). Stroeme bildet der Import nicht; sie stehen in FB-359.",Programme fuer grosse Anlagen (8.2) sind ohne den Import nicht schreibbar; die Aufzeichnung ungebundener Kanaele haengt daran.,"Mit M10 Schritt 12 (8.10 vollstaendig, 8.2): Import gegen `takt_mir::hardware` in typisierte Channels, gebunden wird nur, was gelesen oder geschrieben wird; `o.jitter` aus der Konfiguration als Konstante; Kalibrierung und Enum-Abbildung im Format 5; Aufzeichnung der uebrigen Kanaele im Linux-Profil.",M10,mittel,behoben 2026-10-02,
FB-337,"FB-330 (Sonde); crates/takt-llvm/src/expr.rs (`propagate_fault`), Rahmen",Das Fault-Flag einer Funktion blieb stehen und faultete andere Maschinen,"Eine reine Funktion meldet ihren Fault ueber `takt_fn_fault`; der Aufrufer prueft das Flag, loeschte es aber nicht. Der Wirtsrahmen setzte es nie zurueck, der MCU-Rahmen nur zu Tickbeginn: Faultete eine Funktion in Maschine A, faultete danach jeder Funktionsaufruf in jeder Maschine — nativ ging Maschine B mit A nach `FAULTED`, im Interpreter nicht.",Bug,4.1; 5.3; 9.4.1; 9.4.4,"Sonde 2026-09-28: zwei Maschinen, A teilt durch null in einer Funktion, B ruft `inc`; nativ faultete B in Tick 1 mit.","Verletzt die Unabhaengigkeit der Maschinen (Satz 9.4.1) und Satz 9.4.4; kein Test rief Funktionen in zwei Maschinen, von denen eine faultet.","Umgesetzt: Wer das Flag liest, loescht es (nach jedem Aufruf und nach einer `loop:`-Funktion); die Ruecksetzung zu Tickbeginn im MCU-Rahmen entfaellt. Korpus 89.",M10,hoch,behoben 2026-09-28,
FB-338,"FB-330 (beim Lesen); crates/takt-llvm/src/expr.rs (`checked_expr`, `Missing`)",Ein unbewachtes `T?` ohne Wert faultete im erzeugten Code nicht,"3.8: Unbewachte Verwendung eines `T?` fuegt `check x.valid` ein, Fault `MissingValue`. Der Codegen packte `Checked{Missing}` nur aus (`extractvalue … 0`) und pruefte das Flag nicht: `var x : int = pick(n)` mit `pick` = `none` lieferte 0, wo der Interpreter faultete.",Bug,3.8; 5.3; 9.4.4,"Sonde 2026-09-28: Interpreter `MissingValue` in Tick 1, nativ `o = 0` ohne Fault.","Satz 9.4.4 verletzt; ein Programm rechnete mit einem Wert, der nicht da war.",Umgesetzt: `Missing` prueft das Flag im letzten Feld (`T?` und `T!E`) und springt mit `MissingValue` in den Fault-Pfad. Korpus 89.,M10,hoch,behoben 2026-09-28,
FB-339,"FB-330 (der neue Vergleich, Korpus 03); crates/takt-llvm/src/expr.rs (`binary`, `cond_expr`)","`and`, `or` und `a if c else b` werteten im erzeugten Code beide Seiten aus","4.3: „`and`/`or` mit Kurzschluss (… wichtig fuer implizite Validitaetspruefungen: `x.valid and x > 5` prueft `x` nur im dominierten Zweig)“. Der Codegen senkte `and`/`or` als eine Instruktion und `a if c else b` als `select` — mit der Begruendung, beide Seiten seien total. Ihre Pruefungen faulten aber: In Korpus 03 faultete `SAFE` nativ jeden Tick mit `SensorFault` an `when reset and chamber_p < 2 bar`, obwohl `reset` falsch war.",Bug,4.3; 3.5; 9.4.4,"Differential mit Fault-Vergleich (FB-330), 2026-09-28: Korpus 03, Tick 1, nativ `hotfire SensorFault`, im Interpreter nichts.","Satz 9.4.4 verletzt, und das Idiom, das 3.5 fuer ungueltige Channels empfiehlt, faultete nativ genau dort, wo es schuetzen soll. Die Outputs verrieten es nicht, weil `SAFE` sie ohnehin sicher setzt.","Umgesetzt: `either` wertet nur den gewaehlten Zweig aus und fuehrt mit `phi` zusammen (`and`, `or`, `a if c else b`, auch in 32-Bit-Rechnung); wo keine Seite faulten kann, macht LLVM wieder ein `select` daraus. Korpus 89 (`p.valid and p > 5 bar`, `not p.valid or …`, `p if p.valid else 0 bar` ohne Stimulus).",M10,hoch,behoben 2026-09-28,
FB-340,"FB-330; crates/takt-llvm/src/stmt.rs (`B::LastFault`), crates/takt-interp/src/system.rs (`last_fault_value`)","`last_fault` im erzeugten Code, und `line` ist im Interpreter ein Byte-Versatz","5.3: `last_fault` (Art, Nachricht, Quellposition, Tick) ist in jedem Zustand lesbar. Der Codegen senkt es nicht (ein Programm, das es liest, baut nativ nicht); die Art steht seit FB-330 in `pending`, Tick und Nachricht nicht. Der Interpreter fuellt das Feld `line` mit dem Byte-Versatz der Stelle: Die MIR traegt keine Zeilentabelle.",Umsetzungsluecke,"5.3; Anhang A (Festlegungen des Lowerings, Punkt 4)","Audit M10 Schritt 1, 2026-09-28; nur Korpus 10 liest `last_fault`, und 10 uebersetzt wegen `import channels` nicht. Behoben 2026-09-28: Korpus 98 (sechs Fault-Arten, eine Stelle in einer Funktion, eine Meldung ueber 128 Byte) im Differential und im Board-Korpus, `last_fault.rs` (Werte und Prelude-Positionen), MIR-Golden v10.","Kein stiller Unterschied — das Programm baut nativ nicht —, aber 14.x-artige Fault-Pfade, die nach der Art verzweigen, bleiben der Simulation vorbehalten.","`last_fault` als Feld im Zustand (Art mit Nutzlast, Tick, Zeile); die Zeile je Fault-Stelle braucht eine Zeilentabelle in der MIR (Metadaten, nicht im Logik-Hash) und im erzeugten Code eine Konstante je Stelle; die Nachricht rendert der Fault-Pfad fuer `check`/`expect` mit Meldung, sonst ein fester Text je Art. Umgesetzt: Referenz 5.3 legt die Felder fest (Anhang A); MIR Version 10 traegt die Zeilen je Datei, das Prelude ist Datei 1; der Codegen fuehrt `last_fault` nur in Maschinen, die es lesen (`takt_mir::visit::reads_last_fault`), jeder Fault-Block legt seine Zeile ab, `check`/`expect`/`abort` ihre Meldung (`takt-llvm/src/fault.rs`).",M10,niedrig,behoben 2026-09-28,
FB-341,M10 Schritt 1 (bei FB-334/FB-335); crates/takt-llvm/src/stmt.rs (`check`),`check … for d` im erzeugten Code ohne Bestaetigungszeit,"5.6: `check c for d` faultet erst nach `d` ununterbrochener Verletzung. `stmt.rs::check` verwirft `confirm`: Der Zaehler `viol` steht im Zustand und wird beim Eintritt geloescht, aber nie gelesen; nativ faultet ein bestaetigter Check beim ersten Verstoss. Korpus 03, 04, 11 und 12 enthalten `check … for`; das Differential sah es nicht, weil ohne Eingaenge keine dieser Bedingungen verletzt wird.",Umsetzungsluecke,5.6; 9.3; 9.4.4,"Code gelesen 2026-09-28 (bei FB-335: Alerts brauchen denselben Zaehler). Board-Suiten nach 1060bbb (2026-09-28): C6 14 von 15, F401 7 von 8, Korpus mit 92 und 93 samt Alert-Vergleich ohne Abweichung; offen jeweils FB-293.","Die Abweichung liegt auf der sicheren Seite — der Fault kommt frueher —, aber sie ist eine: Ein entprellter Grenzwert eines verrauschten Sensors loest auf dem Ziel aus, wo die Simulation ruhig bleibt, und 9.4.4 gilt nicht.","Umgesetzt 2026-09-28: `viol` und `every_next` sind je Stelle ein Feld `[n x i64]`, ein Zaehler je Durchlauf der umgebenden `for`-Schleifen (5.6, 5.8); `machine::counters` zaehlt die Plaetze aus den statischen Schranken (`range(n)`, Array- und Sammlungslaenge, Kapazitaet eines Fensters), `Ctx::pass_index` mischt die Indizes. `check … for d` rechnet wie `exec`: je verletzter Auswertung plus `P_m` in Nanosekunden, Fault bei `d`, eine erfuellte und der Fault setzen zurueck. `every` in einer `for`-Schleife teilte sich bisher still einen Zaehler; jetzt laeuft es je Durchlauf. Korpus 93 (`93_confirmations.takt`): kurze und lange Verletzung, `check … for` in einer Schleife, `every` je Durchlauf; Differential und Board-Korpus.",M10,hoch,behoben 2026-09-28,
FB-342,"FB-335; crates/takt-interp/src/system.rs (`deliver`, `advance_cursors`, `load_persist`, `send`)",Ereignis-Alerts der Runtime erscheinen nur beim ersten Mal im Trace,"Die Runtime-Alerts (`StreamPaused`, Verwurf beim `send` mit `overflow = drop`, `drop_oldest` beim Zustellen, `PersistReset`) sind Ereignisse, werden aber wie Alert-Stellen mit `active = true` gemeldet und durch das Flankenprotokoll (5.6) gefiltert: Die erste Meldung schaltet die Stelle ein, jede weitere ist keine Flanke. Korpus 92 zeigt es: `StreamPaused` in Tick 25, beim Aufwachen in Tick 50, 75 und 100 nichts. Der erzeugte Code bildet es seit FB-335 genauso ab.",Referenzluecke,5.6; 5.10; 5.9; 8.6,"Trace von Korpus 92 im Interpreter, 2026-09-28. Board-Suiten nach fadf058 (2026-09-28): C6 14 von 15, F401 7 von 8, Korpus mit 92 und 96 ohne Abweichung; offen jeweils FB-293.","5.10 verlangt `StreamPaused` beim Verlassen des Zustands, nicht beim ersten Verlassen; der Bediener erfaehrt vom zweiten Verlust nichts. Die Zaehler `dropped`/`overflowed` stehen im Trace (`stream`-Zeilen), der Alert aber ist das Betriebssignal.","Umgesetzt 2026-09-28: Eine Alert-Stelle der Runtime wertet ihre Bedingung an ihrem Ort aus und ist nur im Tick des Ereignisses erfuellt — `send` mit `overflow = drop` (aktiv, wenn verworfen), das Zustellen mit `drop_oldest` (aktiv, wenn verdraengt), die Maschine am Tickende (`StreamPaused`, aktiv beim Aufwachen mit Verlust). Interpreter und erzeugter Code (`send`, `<m>_drop`) melden dieselben Flanken; `PersistReset` wird einmal beim Laden ausgewertet. Referenz 5.6 und Anhang A. Test: `every_wake_up_reports_stream_paused` (sleep.rs); Korpus 92 zeigt jedes Aufwachen, im Differential.",M10,niedrig,behoben 2026-09-28,
FB-343,"FB-327; crates/takt-sema/src/lower (`args`, `method_args`, `return`)","Parameter, Rueckgaben und Felder mit Range wurden nicht geprueft","3.4 prueft Zuweisungen an Variablen mit Range. Argumente an Parameter mit Range, Felder von Records und Varianten, Elemente, die `push`/`insert` in eine Sammlung legen, und `return` gegen einen Rueckgabetyp mit Range blieben ungeprueft: `fn half(v: int) -> int in 0..10` lieferte 25, `take(v: int in 0..10)` lief mit 50 — im Interpreter und nativ gleich, darum sah das Differential nichts.",Umsetzungsluecke,3.4; 3.9; 4.4,"Interpreter mit `relay(50)`, `take(50)`, `half(50)`, 2026-09-28. Board-Suiten nach 3012bf4 (2026-09-28): C6 14 von 15, F401 7 von 8, Korpus mit 94 und 95 ohne Abweichung; offen jeweils FB-293.","Unsound, nicht nur ungeprueft: Die Analyse nimmt die Range eines Parameters in den Rumpf mit und schneidet einen Aufruf mit seinem Rueckgabetyp; `range_checked` laesst einen Wert ohne Pruefung durch, der den Typ schon traegt. Eine Zuweisung `var y : int in 0..10 = relay(big)` entfiel damit ganz, und `y` hielt still 50.","Umgesetzt 2026-09-28: `range_checked` an jeder Bindestelle (`args`: Funktionen, Natives, Jobs, Bloecke, Records, Varianten; `method_args`; `return`). Ein `inout`-Argument, das eine Pruefung braucht, ist Pruefung 47, weil es danach keine Stelle mehr waere. Referenz 3.4, Pruefung 47 und Anhang A nachgezogen. Tests: `takt-sema/tests/range_boundaries.rs`, `checks/SC-47/bad_inout_without_range.takt`, `a_call_site_proves_nothing_inside_the_callee`, Korpus 95 im Differential und im Board-Korpus. Nicht geprueft wird das Ergebnis eines `native fn`: Natives gehoeren per Vertrag `total` zur TCB (4.5, 9.5), ihre Bytes gelten ohne Pruefung.",M10,hoch,behoben 2026-09-28,
FB-344,M10 Schritt 19; crates/libtaktm,`libtaktm` hat keine korrekt gerundeten transzendenten Funktionen,"4.2 verspricht korrekt gerundete Implementierungen (Ansatz CORE-MATH) fuer `sin cos tan exp log pow atan2 …` in beiden Breiten. `libtaktm` hat nur die Funktionen, die IEEE-754 festlegt (`sqrt`, `fma`, Rundungen, `abs`, `copysign`); die transzendenten melden `Unsupported`, und die Sema lehnt ihren Aufruf ab (Pruefung 3). Kein Programm kann `sin` oder `exp` benutzen; `11_foc_drive.takt` uebersetzte darum nicht. Die Registerzeile SEM-4.2 hing es an M10 Schritt 19, dessen Plan aber nur die schnellen Naeherungen nennt.",Umsetzungsluecke,4.2; 11.4; 13.8,"Beim Umsetzen von M10 Schritt 19, 2026-09-28: `sin(x)` ist Pruefung 3.","Seit Schritt 19 gibt es `sin_fast` und Verwandte mit Fehlerschranke; wer eine korrekt gerundete Funktion braucht, hat keine. Das ist ehrlich — lieber keine Zahl als eine aus der Plattformbibliothek, die auf einem anderen Target eine andere waere (Satz 9.4.4) —, aber 4.2 verspricht mehr.","Ein eigenes Arbeitspaket nach dem Muster von CORE-MATH: zuerst `f32` (Auswertung in `f64` mit Fehler unter 2^-40, Rundungstest, harte Faelle aus einer erschoepfenden Pruefung aller 2^32 Eingaben gegen eine Referenz hoher Genauigkeit), dann `f64` (Double-Double, Liste der harten Faelle). Je Funktion aufgenommen erst nach dem Nachweis der Bitgleichheit ueber Wirt und beide Boards (13.8, `Curated`). Einplanen in M10 oder als eigener Meilenstein. Entschieden 2026-09-28: 4.2 bleibt, wie es ist - korrekt gerundet ist die einzige Form, in der das Ergebnis eine Eigenschaft der Mathematik und nicht einer Bibliotheksfassung ist. Umsetzung als M10 Schritt 28 (erst `f32`, dann `f64`), auf den C-Einstiegen aus Schritt 27. Umgesetzt 2026-10-01 (M10 Schritt 28), mit Abwaegung: Statt CORE-MATH nachzubauen (Gleitkomma, schneller Pfad mit Rundungstest, langsamer Rueckfall in Double- und Triple-Double, Listen harter Faelle) rechnet jede Funktion in einer Phase mit Ganzzahlen (`libtaktm/src/big.rs`): 128 Bit Mantisse fuer `f32`, 256 fuer `f64`, derselbe Code. Bitgleichheit folgt aus der Konstruktion, ohne FPU-Modus, `fma` oder Soft-Float; der Kostenvertrag ist ohnehin der langsame Pfad; der Fehler vor der Rundung liegt unter 2^-110 (`f32`) und 2^-240 (`f64`). `pow` rechnet dyadische Ergebnisse exakt, die einzigen, die auf einem Mittelpunkt liegen koennen. Belegt: erschoepfend ueber alle 2^32 `f32`-Argumente der acht einstelligen Funktionen und 10^8 Paare von `atan2` und `pow` gegen die `f64`-Funktion der Plattform, ohne eine Abweichung; die 1016 Argumente naeher als 2^-48 an einer Rundungsgrenze rechnet die unabhaengige Referenz `tools/libtaktm.py` (Dezimalarithmetik, Ziv) und `tests/hard_f32.txt` traegt sie. Fuer `f64` 5000 Zufalls- und 309 Randvektoren derselben Referenz. Auf beiden Boards bitgleich (Messprogramm `natives`, alle Vektoren der Stufe 2); Stack hoechstens 1840 Byte (F401, `asin`/`acos` `f64`), Vertrag 2300. Kostenmodell: ein Gewicht je Breite (`f32_math`, `f64_math`), gemessen an der teuersten Funktion des Boards: F401 0,51 und 1,12 ms, C6 0,51 und 0,99 ms. Dabei FB-355 (`ln`) und FB-356.",M10,mittel,behoben 2026-10-01,
FB-345,M10 Schritt 20 (Zaehltest 11.4); crates/takt-native,"`fft256` steht in 4.5 und 11.4, aber nicht in der kuratierten Menge","4.5 zeigt die Deklaration einer Native an `native fn fft256(x: [256] float) -> [256] float with cost = …`, und der Codeblock in 11.4 fuehrt `fft256` unter den Natives. `takt_native::Native::ALL` kennt es nicht; ein Programm, das es deklariert, ist Pruefung 31.",Umsetzungsluecke,4.5; 11.4; 13.8,"Zaehltest `every_entry_of_11_4_exists` (takt-sema/tests/stdlib.rs), 2026-09-28.","Ein Beispiel der Referenz, das niemand uebersetzen kann; die Leitentscheidung, Signalverarbeitung ueber kuratierte Natives anzubieten (Tabelle der Einsatzfelder), bleibt ohne ihren bekanntesten Kern.","Mit M10 Schritt 21: `fft256` in `takt-native` (Radix-2, feste Auswertungsreihenfolge, `fma` wie 4.2 es fuer Reduktionen verlangt), Vektoren gegen eine Referenz, Kosten und Stack gemessen, C-Einstieg fuer den Rahmen, Board-Test mit den Vektoren; dann aus `MISSING` im Zaehltest nehmen. Umgesetzt 2026-10-01 (M10 Schritt 21), mit Abwaegung: kein `fma` in den Schmetterlingen — einzeln gerundete Operationen in fester Reihenfolge sind auf jedem Ziel bitgleich, und ein `fma` haette auf beiden Boards eine Software-Implementierung in die TCB gebracht, ohne die Bitgleichheit zu verbessern. Ergebnis gepackt wie CMSIS-DSP `arm_rfft_fast`, Rechnung als 128-Punkt-FFT mit Trennung, Twiddles korrekt gerundet aus `tools/fft_twiddles.py`. Vektoren mit erzeugten Eingaben (`@f64/SEED`), Ergebnis als SHA-256; gegen die direkte DFT relativ unter 1e-12 (`f64`) und 2e-5 (`f32`). Stack 4344 Byte (F401), Vertrag 5440.",M10,niedrig,behoben 2026-10-01,
FB-346,"M10 Schritt 11 (`takt driver-test`); crates/takt-bringup-esp32c6/programs/test_uart_c6.takt, test_uart_c6_hw.takt, feedback/test_uart.takt",Die Sendepumpe des UART-Treibers verlor bei voller FIFO ein Byte je Tick,"Zwei Fehler im Treiber, gefunden, als das Modell eine volle Sende-FIFO meldete. (1) In der Sim-Fassung wurde `room = 120 - txfifo_cnt` bei 128 Byte negativ: Range-Fault statt Stall. Die Board-Fassung klemmte schon mit `max(…, 0)`. (2) In allen drei Fassungen sah `for ev in tx_raw:` das erste Byte an und brach erst dann ab, wenn kein Platz war. Untersucht heisst konsumiert (8.6): Das Byte war fort, ohne gesendet zu sein, und weil der Strom sich so leerte, wurde `tx_stalled_for` nie 50 ms alt — die Stall-Pruefung konnte nicht ausloesen.",Programmfehler,8.6; 12.10; 13.8,"`takt driver-test` mit Szenario `a full tx fifo faults the port until it drains`; Test `every_reaction_of_the_driver_is_triggered` (takt-conformance/tests/uart_port.rs), 2026-09-28.","Genau der Fehler, den ein Treibertest finden soll: Er zeigt sich nur, wenn die Gegenstelle bremst, und dann still — Daten verschwinden, und die Pruefung, die das melden sollte, bleibt stumm. Der Bericht `nie verletzt` bei erreichtem `PORT_FAULT` fuehrte darauf.","Platz vor dem Ansehen pruefen: `if room > 0 and cts_ok:` um die Schleife, `break` nach dem Senden. Umgesetzt in allen drei Fassungen, `room` in der Sim-Fassung geklemmt wie auf dem Board.",M10,hoch,behoben 2026-09-28,
FB-347,M10 Schritt 11 (`takt driver-test`); 13.5,"Ein Szenario, das einen Fault-Pfad prueft, kann bei `fault_is_fail = true` nicht bestehen","13.5 macht jeden Lauf zu FAIL, in dem ein Fault ein Fault-Ziel erreicht, solange `fault_is_fail = true` gilt (Default). Ein Treibertest muss aber Faults ausloesen — die Stall-Pruefung des UART-Treibers fuehrt nach `PORT_FAULT`, und genau diese Reaktion ist zu zeigen. `test_uart_c6.takt` setzt darum `fault_is_fail = false`; damit verlieren auch die Szenarien, die keinen Fault erwarten, die Pruefung und muessen sie durch `verify` auf Zaehler ersetzen.",Luecke der Referenz,13.5; 13.6; 13.8,"`test_uart_c6.takt` mit neun Szenarien, 2026-09-28.","Kein Fehler, aber eine grobe Wahl: Der Schalter gilt fuer das Programm, die Absicht gehoert zum Szenario. Ein unerwarteter Fault in einem Szenario ohne Fault-Absicht bleibt unbemerkt, wenn kein `verify` sein Symptom sieht.","Den Schalter je Szenario erlauben: `scenario ""..."" with fault_is_fail = false:` ueberschreibt den Wert aus `system:` fuer diesen Lauf (13.5, 13.6; Grammatik `scenario_decl` um die Attributliste). Entschieden 2026-09-28: so umgesetzt - Grammatik, Parser, Formatierer, Sema (an anderen Deklarationen ein Fehler), `Machine.fault_is_fail` (MIR-Format 11, Golden v11), Verdikt im Interpreter; `test_uart_c6.takt` erklaert es nur an den beiden Szenarien mit Fault-Absicht, die uebrigen sieben bestehen unter dem strengen Default. Tests `a_scenario_may_declare_that_its_fault_is_intended`, `fault_is_fail_on_a_machine_is_an_error`.",M10,mittel,behoben 2026-09-28,
FB-348,M10 Schritt 23 (14.7 auf Board 2); crates/takt-conformance/src/mcu.rs (`init`),Der MCU-Rahmen speiste `sim`-gebundene Eingaenge erst nach Tick 0,"Der Wirtsrahmen und der Interpreter setzen zu Beginn die Outputs auf `safe` und binden dann die Simulation (8.3): Ein Eingang, den ein Modell ueber einen `sim`-Output speist, liest in Tick 0 dessen `safe`-Wert. Der MCU-Rahmen setzte in `init` nur die Outputs und band erst beim ersten Commit — in Tick 0 lasen solche Eingaenge `Bad` mit dem Wert null. 14.7 faultete darum auf dem C6 in Tick 0 an einer Zellenpruefung, auf dem Wirt nicht.",Implementierungsfehler,8.3; 9.4,"`a_simulated_input_is_fed_before_tick_0` (mcu_harness.rs); 14.7 auf dem C6 12 500 Ticks ohne Abweichung (`the_battery_manager_of_14_7_runs_on_board_2`) und kurz auf dem F401, 2026-09-28.","Kein Board-Korpusprogramm las bisher in Tick 0 einen gespeisten Eingang in einem `check`; der Fehler blieb darum unsichtbar, bis ein Programm mit Modell auf dem Board lief.",`init` bindet nach `safe_outputs` wie der Wirtsrahmen (`harness::sim_bindings`). Umgesetzt.,M10,hoch,behoben 2026-09-28,
FB-349,"crates/takt-llvm/src/captures.rs (signed, parse_int, parse_hex); crates/takt-llvm/tests/captures.rs",Der erzeugte Matcher nimmt kein `+` vor `{n:int}` und prueft `int` und `hex` nicht auf Ueberlauf,"Beim Kartieren fuer FB-282 gelesen: `signed` erkennt nur `-` als Vorzeichen; Interpreter und `takt-match` nehmen `[+-]` (8.7). `parse_int` baut den Wert negativ ohne Ueberlaufpruefung auf und negiert am Ende ohne Pruefung; `parse_hex` ebenso ohne Pruefung. Interpreter und `takt-match` liefern bei Ueberlauf kein Match (`checked_mul`/`checked_sub`/`checked_neg`, bei `hex` `checked_add`). Der Vergleichstest `the_generated_matcher_agrees_with_takt_match` hat nur die Grenzwerte `9223372036854775807` und `-9223372036854775808`.",Befund,"8.7, 9.4.4",Quelltext gelesen; der erweiterte Vergleichstest `the_generated_matcher_agrees_with_takt_match` zeigte ohne den Fix sechs Abweichungen.,"Abweichung des Codegens vom Interpreter: `Boot v+5` trifft im Interpreter und nicht im erzeugten Code; `Boot v9223372036854775808` trifft im erzeugten Code mit einem falschen Wert, im Interpreter nicht.","`signed` nimmt `+` und `-`; `parse_int` und `parse_hex` rechnen mit `llvm.smul/ssub/sadd.with.overflow` und loeschen bei Ueberlauf das Trefferflag. Testzeilen fuer `+5`, `9223372036854775808`, `-9223372036854775809`, `9999999999999999999` und `0x8000000000000000`. Umgesetzt 2026-09-29: so, der Ueberlauf loescht das Urteil auch ohne Bindung. Der Vergleich mit `takt-match` fuehrt die Randzeilen und wertet einen Wert ausserhalb des Bereichs wie der Interpreter als kein Treffer (vorher `1 ?`); ohne den Fix meldet er sechs Abweichungen.",M10,hoch,behoben 2026-09-29,
FB-350,plan/definition.md 8.7; crates/takt-interp/src/pattern.rs; crates/takt-match; crates/takt-llvm/src/captures.rs,"8.7 beschreibt Muster zugleich als Vorwaertsdurchlauf und als Sprache; `has` als `{_}P{_}`, die Implementierungen nehmen die frueheste Stelle","8.7: `str` und `_` enden beim ersten Vorkommen des folgenden Literals, Matching ist ein einziger Vorwaertsdurchlauf; derselbe Abschnitt: ein Muster beschreibt die Sprache `l0 . C(c1) . ... . lk`, und `has P` ist Kurzform fuer `matches ""{_}"" + P + ""{_}""`. `""{a}:{b:int}""` auf `x:y:5` liegt in der Sprache, der Durchlauf trifft nicht (`{a}` endet am ersten `:`). Interpreter, `takt-match` und Codegen folgen dem Durchlauf; `has` nehmen alle drei als frueheste Stelle, an der der Durchlauf von `P` gelingt — mit Platzhaltern etwas anderes als ein fauler `{_}` vor `P`.",Befund,"8.7, 11.2",Beim Kartieren fuer FB-282 gelesen.,"Der Produkt-DFA aus FB-282 muss genau eine Sprache erkennen; welche, entscheidet die Referenz.","Entschieden 2026-09-28: Der Vorwaertsdurchlauf ist die Definition, die Sprache die, auf der er gelingt (weiter regulaer: Literalsuche als KMP-Kette, Klassen als Zaehler); `has P` ist die frueheste Stelle, an der `P` trifft, Bindungen von dort. So verhalten sich alle drei Implementierungen schon; kein Programm aendert sich. Die Sprachlesart haette beim Extrahieren einen Rueckwaertsautomaten gebraucht. Referenz 8.7 und Anhang A nachgezogen.",M10,mittel,behoben 2026-09-28,
FB-351,"crates/takt-llvm/src/step.rs (`match_guard`, `trigger_hit`, `text_has`)",`has` in Stream-Guards und Triggern setzt den Durchlauf weiter an jeder Stelle neu an,"Seit FB-282 laufen Handler ueber den Produkt-DFA. `when s has P` in einem Uebergang und ein Trigger (7.5) pruefen weiter mit `text_has`: der Vorwaertsdurchlauf ab jeder Stelle, O(Laenge * Reichweite), mit `{_}` quadratisch. Ebenso die Extraktion eines `has`-Treffers mit Platzhaltern im Handler.",Abweichung,"8.7, 9.4.3","Beim Umsetzen von FB-282 gelesen; die Kostenanalyse zaehlt es (`pattern_cost`, `has` mal `n + 1`). Die Umsetzung: 100 000 Zufallslaeufe des Automaten gegen den Interpreter samt Arbeitsschranke (`takt-interp/tests/scan.rs`), 7200 Laeufe des erzeugten Codes gegen die Rechnung in Rust (`takt-llvm/tests/scan.rs`), `the_pattern_tables_are_exactly_the_emitted_ones`, Wirtsdifferential mit `104_linear_has`, Board-Korpus beider Boards.","Die Semantik stimmt, und die Schranke zaehlt, was laeuft; 8.7 verspricht aber O(Zeilenlaenge).","Guard und Trigger fragen einen Automaten aus einem Eintrag (`dfa::build`), der Durchlauf nur fuer einen Treffer mit Platzhaltern. Fuer die Extraktion eines `has` nennt ein zweiter Lauf die frueheste Startstelle: rueckwaerts ueber das umgedrehte Muster, oder der Produkt-DFA fuehrt den Start des aeltesten lebenden Fadens mit. Entschieden 2026-10-01 nach Abwaegung von Sprachzusage, Zeit und RAM: ein Durchlaufautomat je Muster mit fruehestem Start je Zustand. Der Vorwaertsdurchlauf aus 8.7 ist ab jeder Startstelle deterministisch; seine Zustaende sind endlich (Stelle im Literal, Zahl der Ziffern eines `int`, KMP-Stand und gelesene Bytes eines offenen Endes), und zwei Durchlaeufe, die an derselben Textstelle im selben Zustand stehen, laufen gleich weiter. Alle Startstellen laufen darum zugleich; je Zustand bleibt nur der frueheste Start, am Zeilenende ist der frueheste erfolgreiche Start bekannt, und ein einziger Durchlauf von dort holt die Werte. Zeit O(Zeilenlaenge x Zustaende), fest und statisch zaehlbar; RAM zwei Felder mit einem Wort je Zustand im Rahmen der erzeugten Funktion; die Uebergaenge als Tabelle im Objekt wie die DFA-Tabellen (11.2, 11.5). Verworfen: der Produkt-DFA mit Zaehlern (er vervielfacht sich im Produkt, FB-282), Faeden mit Werten je Faden (RAM je Faden und Platzhalter), eine Laufzeitroutine ueber die C-ABI (Stackvertrag und Deskriptoren, wo der Codegen das Muster ohnehin kennt). Umgesetzt 2026-10-01 (M10 Schritt 32): `takt_mir::scan` baut den Automaten, `takt_llvm::scan` emittiert Tabelle und Lauf. Den Automaten bekommt nur ein Muster, dessen Ansatz bis zum Zeilenende lesen kann (`{_}`, `str<N>` ohne wirksame Grenze); jedes andere liest je Ansatz hoechstens seine Reichweite und bleibt bei der Suche ab jeder Stelle, linear ohne Tabelle und Rahmen (`{s:str<200>}</ende>` haette 4221 Zustaende, 144 KB Tabelle und 50 KB Rahmen). Die Plaetze des Laufs leben nur waehrend der Suche, so dass sich die Suchen eines Schritts den Rahmen teilen. Die Kostenanalyse rechnet je Byte mit den meisten lebenden Faeden ueber die erreichbaren Zustandsmengen (`Scan::worst_step`), `takt size` zaehlt die Tabellen genau wie die IR. Dabei FB-358.",M10,niedrig,behoben 2026-10-01,
FB-352,"crates/takt-board-esp32c6/src/tick.rs (`count`, `now_ns`), src/lib.rs (`init`)","C6: Liegt der Alarm knapp vor einer Rastergrenze, kommen die Ticks paarweise alle zwei Perioden","Im parallelen Board-Lauf vom 2026-09-29 scheiterte `a_long_job_runs_between_the_ticks` auf dem C6: 58 Zeitzeilen, `drift` im Wechsel +474 us und -454 us, die Ticks paarweise im Abstand von 50 bis 70 us alle 2 ms. Allein und unter Last (CPU, F401 daneben, nach dem Tiefschlaf) dreizehnmal gruen. Ursache: `count()` teilte den frei laufenden SYSTIMER durch die Periode, das Raster begann also bei 0; der periodische Alarm lief ab `alarm.start()` in beliebiger Phase dazu. Fiel der Alarm knapp vor eine Grenze, weckte er den Kern bei noch altem Zaehler, der Kern schlief eine Periode weiter, und rechnete der verspaetete Tick ueber die naechste Grenze, lief der folgende sofort hinterher. Die Phase haengt am Startzeitpunkt, trifft also bei rund 50 us Schritt etwa jeden zwanzigsten Start. Belegt mit einer Probe, die den Alarm 18 us vor eine Grenze legt: zweimal rot, Tick 996 us neben dem Median.",Befund,"7.1, 7.3, 12.3, 12.8","Probe mit erzwungener Phase: ohne Korrektur zweimal rot, mit Korrektur dreimal gruen; C6-Suite danach.","Die Semantik blieb gleich (Korpus ohne Abweichung), die Zeit nicht: Jitter von fast einer Periode, zufaellig je Start, in jedem Programm mit Echtzeituhr. Der F401 zaehlt in der ISR und ist nicht betroffen.","Das Raster am Alarm verankern: `init` liest den SYSTIMER vor dem Laden des Alarms als Ursprung, `count()` und `now_ns()` rechnen ab dort (beide, weil die Uhr ihr Ziel als `Frist / Periode` bestimmt). Jede Grenze liegt dann am oder vor ihrem Alarm, und der Zaehler aus dem Timer bleibt, der bei langen Interruptsperren keine Ticks verliert. Umgesetzt 2026-09-29.",M10,hoch,behoben 2026-09-29,
FB-353,"crates/takt-board-stm32f401/src/stack.rs, src/mpu.rs",F401: Das Stack-Painting malt seit dem Speicherschutz in den Waechter und meldet den ganzen Stack als benutzt,"Die Kalibrierung vom 2026-10-01 meldete auf dem F401 `stack_reserve = 63456` statt 600: fast den ganzen RAM. Seit M10 Schritt 18 liegt unter dem Hauptstack ein Waechter der MPU ohne Zugriff, 32 Byte ab `_stack_end`. `paint` schrieb ab `_stack_end`, also hinein; der Handler uebergeht solche Zugriffe, der Waechter blieb ungefaerbt, und `deepest` hielt beim ersten Wort von unten an.",Befund,"12.3, 13.8","Bench-Lauf auf Board 1 (2026-10-01), Quelltext von `stack.rs` und `mpu.rs`.",Die Stack-Reserve aus `takt bench` geht in die Stack-Schranke (12.3); mit dem falschen Wert waere jedes Programm am Gate gescheitert. Die Verletzungen des Waechters beim Malen stellt die Runtime ausserdem als `Runtime(Hardware)` zu.,Gemalt und gesucht wird ab dem unteren Ende des nutzbaren Stacks ueber dem Waechter (`mpu::stack_floor`). Der C6 rechnet schon ab `__stack_chk_guard + 4`. Umgesetzt 2026-10-01; die Kalibrierung danach neu gemessen.,M10,hoch,behoben 2026-10-01,
FB-354,crates/takt-llvm/src/expr.rs (`Accessor::Err`),Der erzeugte Code lieferte fuer `r.err` die nackte Diskriminante statt eines `E?`,"Sema und Interpreter geben `.err` auf einem `T!E` den Typ `E?` (3.8); der Codegen las nur die Diskriminante aus dem Wrapper und gab sie als `E?` aus. `v.result.err.or(PENDING)` brach so beim Uebersetzen der IR (`'%480' defined with type 'i32' but expected '{ i32, i1 }'`). Gefunden mit dem Differentialtest der neuen Natives (M10 Schritt 21).",Befund,"3.8, 9.4.4",Differentialtest `the_new_natives_agree_with_the_interpreter`.,Der Interpreter ist die Spezifikation; jedes Programm mit `.err` waere im erzeugten Code nicht uebersetzbar gewesen.,"`.err` baut `{ Diskriminante, nicht ok }`. Umgesetzt 2026-10-01.",M10,hoch,behoben 2026-10-01,
FB-355,"plan/definition.md 2.2, 4.1, 4.2; crates/takt-syntax/src/keywords.rs",`log(x)` war nie aufrufbar: `log` ist das Schluesselwort der Anweisung,"4.1 und 4.2 nannten `log` als Funktion der Mathematik, 2.2 fuehrt `log` als Schluesselwort der Anweisung `log ""…""`. Der Parser lehnte `log(2.0)` darum in jedem Ausdruck ab (`erwartet einen Ausdruck, gefunden Schluesselwort log`); die Primitive `Log` gab es im MIR, aber kein Quelltext erreichte sie. Gefunden beim Test aller zehn Funktionen in M10 Schritt 28.",Befund,2.2; 4.1; 4.2,"`every_math_function_is_curated_and_compiles` (takt-sema/tests/analysis.rs), Korpus 101 bis 103.","Ein Widerspruch innerhalb der Referenz. `log` kontextuell zu machen hiesse, in Ausdruecken eine Ausnahme von der Regel aus 2.2 einzufuehren; der Name `ln` ist eindeutig (natuerlicher Logarithmus) und verbreitet.","Im Quelltext `ln(x)`; `libtaktm` und die C-Einstiege behalten den Namen der C-Bibliothek (`log_f64`, `takt_m_log_f64`). Die MIR kodiert die Primitive nach Index, keine Datei aendert sich. Umgesetzt 2026-10-01 (M10 Schritt 28), Referenz 4.1, 4.2 und Anhang nachgezogen.",M10,mittel,behoben 2026-10-01,
FB-356,"crates/takt-conformance/src/run.rs (`compare`), src/harness.rs (`number_format`)","Wirtsdifferential und Board-Korpus verglichen `f32`-Ausgaenge als Schreibweise, nicht als Wert","Der Wirtsrahmen schreibt ein `f32` nach `(double)` mit `%.17g`, der Interpreter in seiner kuerzesten `f32`-Form; `compare` liest beide als `f64`. Derselbe Wert erschien so als Abweichung (`0.9997293` gegen `0.99972927570343018`), sobald ein `f32`-Programm einen Wert ohne kurze Dezimalform ausgab. Die bisherigen `f32`-Programme im Differential gaben nur solche aus; `102_correct_math_f32` war das erste andere. Die Boards schreiben ein `f32` ebenso als seinen `f64`-Wert (kuerzeste Form des `f64`); der Board-Korpus meldete fuer `102_correct_math_f32` auf dem C6 800 Abweichungen derselben Art.",Befund,9.4.4; 13.8,"`f32_outputs_compare_by_value` (run.rs), Wirtsdifferential mit `102_correct_math_f32.takt`. Board-Korpus auf beiden Boards.","Kein verdeckter Fehler, eine Luecke: Ein `f32`-Programm mit allgemeinen Werten liess sich nicht ins Differential aufnehmen. Den Vergleich allgemein zu lockern (eine `f32`-Lesart fuer jeden Wert) haette `f64`-Abweichungen verdeckt, die zufaellig auf einem `f32` landen.","Der Test hebt im Interpreter-Trace nur die Outputs, deren Typ `f32` traegt, auf ihren `f64`-Wert (`widen_f32`, `f32_outputs`); `compare` bleibt streng. Ebenso im Board-Korpus (`agreement_with`). Umgesetzt 2026-10-01 (M10 Schritt 28).",M10,niedrig,behoben 2026-10-01,
FB-357,"crates/takt-bringup-esp32c6 (`rwtext_hook.x`), crates/libtaktm",C6: Die korrekt gerundete Mathematik laeuft aus dem Flash ueber den Cache,"Seit FB-301 liegen auf dem C6 erzeugter Code, Rahmen, Tick-Pfad und die Mathematik aus `compiler_builtins` im RAM; `libtaktm` (M10 Schritt 28) und ihre Tabellen kommen aus dem Flash. Ein Aufruf mit kaltem Cache zahlt jeden Fehlzugriff: `sin_f32` 53 216 Zyklen, `cos_f32` auf demselben Pfad 21 398; mit `opt-level = 3` (groesserer Code) stieg `sin_f32` auf 119 992. Die Messung ist reproduzierbar, das Gewicht `f32_math`/`f64_math` traegt den kalten Fall und ist damit eine Schranke, aber eine weite.",Befund,7.2; 9.4.3; 12.3,"`takt bench` auf Board 2 am 2026-10-01, zweimal mit `opt-level = s`, einmal mit `3`. Behoben 2026-10-02: Der ganze Tick-Pfad liegt im RAM, wie 12.3 es verlangt — neben der korrekt gerundeten Mathematik (Einstiege `takt_m_*`, `libtaktm`, ihre Tabellen jetzt `static`) auch die kuratierten Natives, die Schleife (`takt-rt-core`, `takt-rt-baremetal`), die Programmbindung, der Treiberrand und alle namenlosen Konstanten (`.Lanon`); das Bring-up baut mit LTO, also benennt `rwtext_hook.x` die Abschnitte nach ihren Symbolen. Am ELF geprueft: kein Symbol dieser Crates und kein Lesezugriff ausser vor einer Panik mehr im Flash. Kalibrierung neu (`esp32c6.hw`, `esp32c6.report`) mit `libtaktm` bei `opt-level = 3`: `f32_math` 255 547 400 statt 513 287 500 ps, `f64_math` 600 534 671 statt 988 675 000 ps; die Tabelle ist um rund 10 % gestreckt, weil der feste Weg durch Rahmen und Rand im warmen Messlauf aus dem RAM rund 340 Zyklen mehr kostet als aus dem Flash-Cache, dafuer faellt der kalte Fall weg (ein Tick von `01_minimal` hoechstens 12,1 statt 46,3 us). Board-Suite C6 21 von 21.","Kein Fehler: Die Schranke deckt den kalten Cache. Aber jede Aktivierung, die die Mathematik ruft, traegt bis zu 1 ms je `f64`-Aufruf, und ein Teil davon ist Wartezeit auf den Flash.","`libtaktm` und ihre Tabellen in `rwtext_hook.x` aufnehmen wie `compiler_builtins`, RAM-Bedarf messen (Code etwa 20 KB, Tabellen 12 KB, gegen 450 KB HP-SRAM), dann neu kalibrieren. Danach pruefen, ob `opt-level = 3` dort hilft wie auf dem F401.",M10,niedrig,behoben 2026-10-02,
FB-358,"crates/takt-interp/src/pattern.rs (`open_end`), crates/takt-llvm/src/step.rs (`has_from_every_start`)","`str<N>` im Muster: Interpreter zaehlte Zeichen, Codegen Bytes; der Codegen setzte `has` mitten in einem Zeichen an","Die Tabelle in 8.7 sagte fuer `str<N>` „hoechstens N“ ohne Einheit. Der Interpreter begrenzte die Spanne auf N Zeichen, der erzeugte Code auf N Bytes: `<{s:str<3>}>` traf `<äöü>` im Interpreter (sechs Bytes in einem `str<3>`), im erzeugten Code nicht. Dazu setzte die Suche ab jeder Stelle im Codegen an jedem Byte an, der Interpreter an jedem Zeichenanfang: `{h:str<2>}!` auf `äb!` fand nativ den Start 1 (das Folgebyte von `ä`), im Interpreter 2. Dasselbe in der kanonischen Form (5.9): Der Leser des Interpreters liess fuer `str<N>` bis 4N Bytes zu und zaehlte Zeichen, der Schreiber pruefte Zeichen; `max_size` und der erzeugte Code rechnen N Bytes.",Abweichung,3.9; 8.7; 9.4.4,"Wirtsdifferential mit `104_linear_has` (beide Faelle), Einheitstest `a_bounded_string_counts_bytes`, Board-Korpus beider Boards. Kanonische Form: `canonical_shape.rs` (`a_string_holds_n_bytes_not_n_characters`).","Ein echter Unterschied zwischen Spezifikation und Codegen (9.4.4). Zeichen zu zaehlen haette eine Capture erzeugt, die nicht in ihren eigenen Typ passt: `str<N>` fasst N Bytes, `.len` zaehlt Bytes.","Die Grenze zaehlt Bytes, wie der Typ sie fasst; 3.9 und 8.7 sagen es. Ein Ansatz beginnt an einem Zeichenanfang, auch bei der Suche ab jeder Stelle im Codegen. Umgesetzt 2026-10-01 (M10 Schritt 32). Die kanonische Form folgt mit M10 Schritt 29c: `str<N>` traegt hoechstens N Bytes in gueltigem UTF-8.",M10,mittel,behoben 2026-10-01,
FB-359,"M10 Schritt 29d; crates/takt-sema/src/lower/import.rs (`declaration`), crates/takt-mir/src/hardware.rs","`import channels` bildet keine Stroeme, und ungebundene Stroeme werden nicht aufgezeichnet","8.2 sagt, die Runtime zeichne alle uebrigen Kanaele auf, „auch Streams“. Der Import bildet aus `unit`, `raw` und `range` nur Skalare; ein Kanal mit `framing` oder `max_rate_hz` wird zu einem Skalar oder ist ein Fehler am Import. Die Konfiguration nennt weder den Elementtyp noch `capacity` (8.10); ohne beides gibt es keine Deklaration und keinen Puffer, in den ein Rahmen die Elemente eines ungebundenen Stroms lesen koennte.",Luecke,8.2; 8.6; 8.10,"M10 Schritt 29e, 2026-10-02: `import_channels.rs` (`a_channel_with_a_maximum_rate_is_a_stream`), `handlers.rs` (`a_text_element_may_stand_in_its_wire_form`), `mcu_harness.rs`, `the_unread_channels_are_recorded` auf beiden Boards. Entschieden: `max_rate_hz` macht den Strom, `raw` nennt den Elementtyp, `capacity` bleibt beim Default (8.6) und braucht keinen Schluessel; ein `u8` wird als Zahl aufgezeichnet, jedes andere Element in Drahtform `0x…`.",Ein Programm fuer eine grosse Anlage deklariert Stroeme von Hand; Protokollstroeme nicht gebundener Geraete fehlen in der Aufzeichnung.,"Elementtyp und Kapazitaet in die Konfiguration (8.10): `raw` nennt den Elementtyp eines Stroms wie die Enum-Abbildung einen Typ des Programms (`bytes<N>`, `line<N>`, ein Record), dazu `capacity`; der Import bildet daraus `stream<T>` mit `max_rate` und `framing`, und der MCU-Rahmen zeichnet ungebundene Stroeme elementweise in kanonischer Form auf (`rec <channel> 0x…`, 8.6).",M10,mittel,behoben 2026-10-02,
FB-360,"Gespraech 2026-10-02 zum Profil `boot` und zu 12.7; crates/takt-mir/src/sys.rs, crates/takt-sema/src/prelude.takt, crates/takt-interp/src/run.rs, crates/takt-rt-core (`PlatformCommand`), MCU- und Wirtsrahmen, Bring-ups","12.7 dachte vom Chip aus: `reboot`, `boot_reason` und die Start-Channels passen nicht zu einem Takt, das eingebettet laeuft","12.7 fuehrte zehn Kanaele am Geraet `sys`: Boot-Grund, Image-Zustand, Zaehler der Starts, Image-Bestaetigung, Neustart und Tiefschlaf, eFuse-Block und -Brennen, bestaetigte Slots, Sprung in einen Slot. Sie setzen voraus, dass das Programm den Chip besitzt. Takt soll aber auch als Teil eines groesseren Programms laufen, gegen dessen Linker-Skript gebunden; dort gibt es fuer Takt keinen Chip zu starten. Nach dem Massstab — Sprache ist, was der Compiler prueft, was eine Garantie der Runtime braucht oder was die Folge eines Sprachmechanismus sichtbar macht — tragen nur zwei Dinge: das geordnete Ende eines Laufs (`persist` synchron, dann `safe`) und wie der vorige Lauf endete (geordnet oder durch den Watchdog der Runtime). Alles andere sind Geraete der Plattform.",Entwurfsentscheidung,12.7; 5.9; 12.3; 14.7; 14.8; 2.5,"Entschieden 2026-10-02; Referenz 12.7 und Anhang A nachgezogen. Umgesetzt M10 Schritt 33: `sys_channels.rs` (Kanaele, Profile, Warnung zu `ON_WAKE`), `theorems.rs` (Ende nach dem Commit), `takt_mir::sys` (Bedeutungen), `takt-board-support` (`previous_run` aus Reset-Ursache und Wort), `loop.rs` und `run.rs` der Runtime; Board-Tests `a_run_ended_now_begins_the_next_at_once`, `a_run_ended_after_a_delay_begins_the_next_after_it`, `a_missed_kick_begins_the_next_run_after_the_watchdog` auf F401 und C6; Board-Korpus beider Boards ohne Abweichung (mit 32, 34, `sim/12_7`); Suiten F401 14 von 14, C6 21 von 21","Ein Programm, das eingebettet laeuft, haette Kanaele, die es nicht bedienen kann; ein Programm auf eigener Hardware brauchte Kanaele, die nur eine Startstufe nutzt.","`input previous_run : PreviousRun @ hw(""sys/previous_run"")` mit `NONE`, `ENDED`, `WATCHDOG` und `output next_run : NextRun @ hw(""sys/next_run"") with safe = NONE` mit `NOW`, `AFTER(delay)`, `ON_WAKE`, `ON_START`; `reset_count`, `image_state`, `image_confirm`, `efuse`, `efuse_burn`, `image_confirmed`, `sys/jump` und ihre Typen entfallen, `irreversible` und `sys/clock` bleiben. Eine Tabelle der Bedeutungen in `takt_mir::sys` fuer Interpreter und Rahmen; der Plattformblock der Boards als Wort des geordneten Endes.",M10,hoch,behoben 2026-10-02,
FB-361,"M10 Schritt 11c (`takt driver-test --crate`); crates/takt-conformance/src/streams.rs, edge.rs, harness.rs, mcu.rs; crates/takt-llvm/src/expr.rs (`access`)","Die Stromzaehler aus 8.6 fehlen im nativen Code: keine Zeile `stream`, kein `.malformed`, kein `.overflowed`","Der Interpreter fuehrt je Strom `dropped`, `overflowed` und `malformed` und schreibt sie bei Aenderung als `stream <name> dropped=… overflowed=… malformed=…` (8.6, `grammar/trace.md`); ein Element, dessen `decode` misslingt, zeigt sich nur dort (12.6 Zeile 5). Beide C-Rahmen verwerfen ein solches Element still, zaehlen nichts und schreiben keine Zeile `stream`, und `compare` uebergeht die Zeile. Liest ein Programm `.malformed` oder `.overflowed`, fehlt im erzeugten Code die Schrittfunktion (`m_step fehlt: Typ`), `.dropped` geht. `takt driver-test --crate` kann Zeile 5 darum nicht melden.",Luecke,8.6; 12.6; 9.4.4; 13.8,"2026-10-02: `takt build` eines Programms mit `pairs.malformed` und `pairs.overflowed` meldete `m_step fehlt: Typ`, mit `.dropped` nicht; der Trace von `driver_edge.takt` auf dem Wirt und den Boards hatte keine Zeile `stream`, der Interpreter schon. Behoben in M10 Schritt 34: `the_counters_of_a_stream_are_the_interpreters` (`dropped` mit `drop_oldest`, `malformed`, `overflowed` mit `fault`, Zeilen `stream`), `driver_test_cmd.rs` (Zeile 5 im Bericht), Differential, Board-Korpus auf dem Wirt (`the_host_board_agrees_with_the_interpreter`, 88 Programme) und auf beiden Boards ohne Abweichung.","Ein Zaehler, den die Sprache beobachtbar macht, fehlt im nativen Lauf; der Vergleich mit dem Interpreter sieht es nicht, und ein Treiber, der kaputte Records liefert, faellt auf dem Board nur ueber die Ausgaben auf.","Die drei Zaehler je Strom in den Ringen der C-Rahmen (`takt_int_deliver`, `takt_int_push`, das Verwerfen in `takt_edge_apply`), die Zeile `stream` in beiden Rahmen wie im Interpreter und im Vergleich, `.malformed` und `.overflowed` im Codegen ueber denselben Weg wie `.dropped`; Abnahme ueber das Differential, den Korpus auf dem Wirt (`board::host`) und die Boards.",M10,mittel,behoben 2026-10-02,
FB-362,"M11 Schritt 1 (Referenz zur Einbettung); crates/takt-conformance/src/mcu.rs, harness.rs",Die C-Rahmen binden Treiber schwach; 8.10 verlangt einen Bindefehler,"Beide Rahmen definieren fuer jede Adresse einen schwachen Vorgabetreiber (`takt_in_<adr>`, `takt_poll_<adr>`, `takt_out_<adr>`, `takt_alive_<dev>`, `takt_free_<adr>`). Ein Treiber-Crate, das einen Namen falsch schreibt, linkt trotzdem, und der Kanal liefert still nichts oder schreibt ins Leere; erst der Rand (12.6) bemerkt das ausbleibende Signal. 8.10 sagt dagegen: Ein gebundener Ausgang ohne Treiber ist ein Bindefehler, der die Adresse nennt, und keine stille Wirkungslosigkeit.",Abweichung,8.10; 12.6; 12.11,"2026-10-02: `__attribute__((weak))` in `mcu.rs` (Eingaenge, Stroeme, Ausgaenge, `alive`) und im Wirtsrahmen; `takt-driver-probe` und die Treiber-Crates aus M10 Schritt 11c ueberschreiben sie mit `#[no_mangle]`. Behoben in M11 Schritt 5: Der Rahmen deklariert jeden Treiber nur; ohne Treiber nennt der Linker `app_in_ui_button`, `app_in_adc_temp`, `app_out_ui_led` und `app_alive_ui` (`a_missing_driver_fails_the_link_by_name`), Stummel gibt es nur ausdruecklich (`Frame::stubs`, die Stummel eines Pruefstands). Das Pruefgeraet stellt Geraete ueber die Traits aus `takt-embed`, ein Pruefstand verdrahtet sie nach `takt-drivers.toml`.",Der einzige stille Weg der Bindung; fuer fremde Projekte (M11) der wahrscheinlichste Fehler am ersten Tag.,"Starke Symbole mit Praefix und Wirtszeiger (12.11), ausdrueckliche Stummel in Tests statt Vorgaben; in Rust ein Trait, dessen fehlende Methode nicht uebersetzt.",M11 Schritt 5,hoch,behoben 2026-10-02,
FB-363,"M11 Schritt 3 (Arena); crates/takt-frame/src/streams.rs, edge.rs, mcu.rs; crates/takt-llvm/src/arena.rs","Die erste Arena kostete ein Drittel mehr RAM: Felder, die niemand liest, bleiben stehen","Programm und MCU-Rahmen von zwoelf Korpusprogrammen brauchten 16 864 statt 12 684 Byte RAM (RISC-V). Zwei Ursachen: Die Ablagen eines Faults (144 Byte) standen in jeder Arena, waren als interne Globale aber weggefallen, wenn keine Maschine `last_fault` las; und die Platzhalter der Ringe, Sendepuffer, Tore und Werte des Rands (`.max(1)`) hatte der Compiler als ungelesene `static`-Puffer entfernt, als Felder einer Struktur bleiben sie. Bei 01_minimal: 140 Byte Fault-Block, 108 Byte Ringe.",Befund,12.11; 11.5; 12.3,"2026-10-02: Groessen alt (69dd18e) gegen neu je Programm und Rahmen fuer riscv32imac und thumbv7em (`llvm-size`, Feldversaetze per `-fdump-record-layouts`). Behoben: Fault-Block 8 Byte ohne Leser von `last_fault` (`arena::fault::UNTRACKED`); Ringe, Sendepuffer, `edge_gates`, `edge_v` und `edge_pool` nur, wenn das Programm Stroeme, Eingaenge mit Tor oder gebundene Stroeme hat. Danach 12 888 Byte (+1,6 %, Ausrichtung und vier Byte Flag).","`ARENA_BYTES` ist die Zahl, die ein Wirt in seinen Speicherplan nimmt (12.11); Platzhalter darin waeren Speicher ohne Zweck und eine Groesse, die nichts ueber das Programm sagt.","Jeder Baustein des Rahmens schreibt Felder nur fuer das, was das Programm hat, und fuer den Rest leere Funktionen, die der Tick ruft; neue Bausteine ab Schritt 4 ebenso.",M11 Schritt 3,mittel,behoben 2026-10-02,
FB-364,"M11 Schritt 3 (Arena); crates/takt-llvm/src/arena.rs (`entry`), tests/size_baseline.txt",Arena-Versaetze kosten auf RISC-V die komprimierten Befehle; gleiche Maschinen teilen keinen Code mehr,"Der Einstieg bettet den Rumpf ein, und LLVM faltet `Arena + Versatz` in jede Adresse. Die Versaetze liegen dann ueber dem Bereich von `c.lw`/`c.sw` (bis 124 Byte), und der Outliner fasst gleich gebaute Maschinen nicht mehr zusammen, weil ihre Versaetze verschieden sind. Programmobjekte der Groessen-Baseline +3,5 % (78_length_guards +346 Byte: `init_vars` dreier gleicher Maschinen 8 -> 44 Byte). Rumpf ohne Einbettung (`noinline`) ist auf beiden Zielen groesser.",Befund,11.2; 12.11,"2026-10-02: Programm und Rahmen zusammen RISC-V 87 573 -> 89 661 Byte (+2,4 %), Thumb 83 007 -> 79 699 (-4,0 %), weil der Rahmen einen Zeiger statt vier weiterreicht und relativ adressiert.","Annehmbar fuer Schritt 3: Im System waechst nur RISC-V, und nur um den Programmanteil.","Mit den Messungen aus `takt bench` pruefen, ob eine Basis je Maschine (Zustand vorn, ein Register fuer ihn) oder `minsize` nur fuer kalte Einstiege den Verlust zurueckholt; Entscheidung mit Zahlen in Schritt 12. Entschieden 2026-10-08 nach Schritt 32, beide Wege gemessen. `minsize` fuer die Einstiege kalter Ruempfe (sie verloren es, weil LLVM den Rumpf einbettet und dann die Attribute des Einstiegs gelten): `init_vars` bleibt bei 44 Byte, weil die Nullen aus `x0` kommen und `c.sw` dieses Register nicht kennt; `step` waechst 166 -> 198 und `enter` 66 -> 86 Byte, weil der Outliner Folgen zwischen `minsize`- und `-Os`-Funktionen nicht mehr teilt; die Groessen-Baseline RISC-V -32, Thumb +186 Byte. Eine Basis je Maschine ohne Einbettung war in Schritt 3 auf beiden Zielen groesser, und Zeiger je Ziel braechen die eine IR fuer alle Ziele (Satz 9.4.4). Es bleibt bei der Arena mit gefalteten Versaetzen: im System RISC-V +2,4 %, Thumb -4,0 %.",M11 nach Schritt 32,niedrig,verworfen 2026-10-08,
FB-365,"M11 Schritt 3, `takt bench --board stm32f401` auf 70108c9; crates/takt-bringup-stm32f401/takt_state.x",Ein F401-Binary ohne Programm linkte nicht mehr: `.takt_state` endete vor der Schutzregion,"Das Binary `natives` des Bench bindet kein Programm und damit keine Arena; `.takt_state` blieb leer, und der Linker brach am neuen Assert ab („die Arena endet vor ihrer Schutzregion“). Vor Schritt 3 fuellte das Skript den Abschnitt immer bis ans Ende der Region; ohne diese Fuellung laege `.data` in der Region, die die MPU ausserhalb des Ticks sperrt.",Bug,12.3; 12.11,"2026-10-02: Bench des neuen Stands brach beim Bau von `natives` ab, der alte (69dd18e) nicht. Behoben: `. = MAX(., __takt_state_end)` im Abschnitt; `natives` legt `.data` auf 0x2000_0180 hinter die Region, `takt` (40_jobs) auf 0x2000_0340 hinter die Arena.",Die Board-Suite haette es nicht gefunden: Sie baut nur Binaries mit Programm.,"Alle Binaries eines Bring-ups bauen, wenn sich das Linker-Skript aendert.",M11 Schritt 3,hoch,behoben 2026-10-02,
FB-366,"M11 Schritt 3, `takt bench --board esp32c6` 69dd18e gegen 70108c9; crates/takt-frame/src/mcu.rs (`P_alert`)","Das Gewicht des Laufzeit-Hooks steigt auf dem C6 um 7,4 %, die uebrigen fallen","`call_hook` 594 707 -> 639 004 ps (+7,4 %, rund 3,5 Zyklen je Hook); Rahmen 820 -> 805 Zyklen, `T_IO` 5 125 000 -> 5 031 250 ps, die anderen Klassen gleich oder bis 16 % darunter, crc32 -8 %. Im Maschinencode: je Aufruf ein `mv a0, s0` mehr, weil die Arena vorn mitgeht, und der Outliner hat den Epilog von `P_alert` im neuen Rahmen ausgelagert (`j OUTLINED_FUNCTION_0`); der Rumpf selbst ist kuerzer, die Adresse von `g_alert` entfaellt.",Befund,7.2; 9.4.3; 13.8,"2026-10-02: Disassembly von `takt_alert`/`k_loop_0` im Hook-Kern beider Staende (gleicher Bildschluessel im Bildspeicher). Die Schwelle aus dem Risiko „Der Arena-Zeiger kostet doch Zeit“ (plan/m11.md 5 %) ist damit untersucht. 2026-10-06 (Schritt 12): das Messprogramm mit und ohne Outliner im Rahmen, beide Boards.",Das Argument ist der Preis eines Zeigers statt globaler Adressen und gewollt; der ausgelagerte Epilog ist ein Nebeneffekt der Groessenoptimierung. Beides geht mit der Neukalibrierung in die Tabelle ein.,"In Schritt 12 mit beiden Boards messen, ob `nooutline` an den Laufzeit-Hooks des Rahmens den Epilog zurueckholt, und nur mit Zahlen entscheiden. Umgesetzt 2026-10-06 (M11 Schritt 12): clang kennt `nooutline` nicht als Attribut, gemessen wurde darum der ganze Rahmen ohne Outliner: `call_hook` F401 1 927 121 -> 1 516 964 ps (-21 %), C6 568 086 -> 524 336 ps (-7,7 %), `T_IO` -4,1 und -1,1 %, je Rahmenobjekt 54 Byte (Thumb) und 84 Byte (RISC-V) mehr. Entschieden: Rahmen und Laeufer des Messprogramms ohne Outliner (`takt_llvm::toolchain::frame_flags`), der erzeugte Code mit.",M11 Schritt 12,niedrig,behoben,
FB-367,"M11 Schritt 3, `takt bench --board stm32f401` 69dd18e gegen edbde05; crates/takt-conformance/src/bench.rs","Die Gewichte des F401 haengen an der Lage des Codes im Flash, nicht nur am Code","Nach Schritt 3 stieg auf dem F401 `call` um 89 % (rund 12 Zyklen je Aufruf), `f32_fma` um 20 %, `f32`, `f32_div` und `f32_sqrt` um 9 bis 10 %; Rahmen, `T_IO` (-7 %) und die Referenzkerne fielen. Die Abbilder der Probe `call` (feiner und grober Kern) sind im Maschinencode von `k_loop_0`, `takt_fn_one` und den ausgelagerten Aufrufstuecken alt und neu gleich bis auf die Adressen; `one` braucht die Arena nicht, LLVM hat das Argument entfernt. Der F401 fuehrt aus dem Flash ueber den ART-Cache aus, und die Kerne springen viel in ausgelagerte Funktionen: Welche Zeilen sich verdraengen, haengt an der Lage. Der C6 rechnet aus dem RAM und zeigt das nicht (`call` -16 %).",Befund,9.4.3; 13.8; 12.3,"2026-10-02: Disassembly der Bench-Abbilder beider Staende (Bildschluessel 406265900e5e347b und db84f1346a968f94, gesichert unter G:/rust/tmp/img_f401_old und _new). 2026-10-06 (Schritt 12): Kalibrierung des F401 in drei Lagen.","Eine Kalibrierung, die an der Lage haengt, misst Rauschen mit: Ein Gewicht kann sich bei unveraendertem Code fast verdoppeln. Die 5-%-Schwelle der Risikotabelle laesst sich auf dem F401 so nicht anwenden.","In Schritt 12 jede Probe des F401 in mindestens zwei Lagen messen (Kerne um eine Cache-Zeile verschoben) und das Maximum nehmen, oder die Kerne der Kalibrierung ausrichten; die Streuung in den Bericht. Umgesetzt 2026-10-06 (M11 Schritt 12): Das Bring-up verschiebt `.text` (`TAKT_BENCH_SHIFT`, `memory.x`), der F401 misst in den Lagen 0, 8 und 24 Byte, jede Reihe nimmt das schlechtere Maximum, der Bericht nennt das Gewicht je Lage (`placements`). Gemessen: Lagen 0 und 24 gleich, 8 verschieden, bis 10 % je Gewicht (`call` 203 572 und 186 608 ps, `f32_div` 469 827 und 426 870, `call_hook` 1 398 029 und 1 528 497).",M11 Schritt 12,mittel,behoben,
FB-368,"M11 Schritt 5 (Trait `Drivers`); crates/takt-bringup-*/src/bin/takt.rs, crates/takt-board-support/src/platform.rs","`sys/previous_run` kam als `int32_t`, der Rahmen erwartet eine vorzeichenlose Diskriminante","Das Layout fuehrt jedes Enum ohne Felder als vorzeichenlose Diskriminante (`uint32_t`, 11.2); die Treiber beider Bring-ups und des Wirts schrieben `sys/previous_run` als `*mut i32`, und `takt_board_support::platform::previous_run` lieferte `i32`. Die C-Bindung pruefte keine Typen, die Breite stimmte, und der Fehler blieb unsichtbar; erst der Trait `Drivers` mit `Sample<u32>` liess das Geraet mit `Input<i32>` nicht uebersetzen.",Abweichung,11.2; 12.6; 12.7,"2026-10-02: Der erzeugte Pruefstand verlangte `Input<u32>` fuer `sys/previous_run`. Behoben: `previous_run` und seine Konstanten sind `u32`, die Geraete `SysPreviousRun` und `PreviousRun` liefern `Sample<u32>`. Nachtrag 2026-10-03: Das Wirts-Bring-up lieferte weiter `Input<i32>`; der Korpus auf dem Wirt (`TAKT_HOST_CORPUS`) baute `sim/12_7` darum nicht. Behoben in M11 Schritt 7.","Ohne Wirkung, solange die Werte klein sind; ein Beispiel dafuer, was die getypte Bindung findet, das die C-Bindung nicht sah.","Treiber nur noch ueber den erzeugten Trait oder die erzeugten Prototypen schreiben, nie von Hand gegen einen geratenen Typ.",M11 Schritt 5,niedrig,behoben 2026-10-02,
FB-369,M11 Schritt 6 (`the_frame_compiles_where_int64_is_long`); crates/takt-frame/src/mcu.rs (`P_end`),Der MCU-Rahmen uebersetzte auf LP64-Zielen nicht: `long long *` an `int64_t *`,"Seit Schritt 5 hat `P_next_run` die Signatur `int32_t P_next_run(int64_t *delay)`; `P_end` reichte weiter `&delay` mit `long long delay`. Auf den Boards und unter Windows ist `int64_t` ein `long long`, unter Linux auf x86-64 und aarch64 ein `long` — dort brach clang mit `incompatible pointer types` ab. Die Suiten uebersetzen den Rahmen nur fuer die Boards und den Windows-Wirt und sahen es nicht.",Bug,12.11,2026-10-03: Der neue Test uebersetzt den Rahmen fuer jede FPU-Familie und brach fuer aarch64-linux ab. Behoben: `int64_t delay`; `the_frame_compiles_where_int64_is_long` uebersetzt zehn Korpusprogramme fuer x86-64- und aarch64-Linux mit `-Werror=incompatible-pointer-types`.,Die Einbettung (M11) zielt auch auf Linux-Wirte; dort haette der erste Bau gescheitert.,Jede Aenderung an Typen der Schnittstelle gegen ein LP64-Ziel uebersetzen; der Test tut es.,M11 Schritt 6,hoch,behoben 2026-10-03,
FB-370,"M11 Schritt 6 (`the_frame_compiles_where_int64_is_long`); crates/takt-frame/src/parts.rs, crates/takt-llvm/src/arena.rs",`P_persist_restore` reichte `const void *` an einen Einstieg mit `void *`,"Der Rahmen nimmt die Eingabe des Journals als `const void *`, der Prototyp des erzeugten `P_<m>_persist_restore` nannte `void *`; clang warnte bei jedem Bau (`discards qualifiers`), der Rahmen hob die Konstanz still auf. Der erzeugte Code liest die Eingabe nur.",Abweichung,5.9; 12.11,"2026-10-03: Mit `-Werror=incompatible-pointer-types` brach `35_persist` ab. Behoben: Die Gestalt des Einstiegs nennt `ptr readonly` (`takt_llvm::arena::entries`), der Rahmen leitet daraus `const void *` ab.","Ohne Wirkung zur Laufzeit; eine Warnung, die jeder Bau zeigte und niemand las.","Konstanz an der Gestalt des Einstiegs festhalten, nicht an der Aufrufstelle wegcasten (CERT EXP05-C).",M11 Schritt 6,niedrig,behoben 2026-10-03,
FB-371,"M11 Schritt 6, Lesen der Schleife fuer Schritt 7; crates/takt-frame/src/mcu.rs (`P_commit`), crates/takt-rt-core/src/loopcore.rs",Nach einem Schlaf bekamen die Ausgangstreiber die Zeit nach dem Schlaf statt der des gerechneten Ticks,"Seit Schritt 5 bekommt jeder Treiber die Tickgrenze `now`; `P_commit` rechnete sie aus `a->tick`. Die Schleife ruft `advance` (9.9) aber vor `commit` (`Runtime::tick_now`, dann `Runner::after`), und `advance` rueckt `a->tick` um die geschlafenen Ticks vor. Ein Ausgang nach einem Schlaf bekam so die Zeit der naechsten Frist; ein Treiber, der nach ihr stempelt oder bestaetigt (das Pruefgeraet tut es), urteilte ueber den falschen Tick.",Bug,8.10; 9.9; 12.1; 12.6,"2026-10-03: `an_output_driver_sees_the_tick_it_commits` (`tests/embed.rs`, 56_idle_timer mit eigenem Treiber fuer `ui/led`) scheiterte: Tick 1 meldete `now = 470000000` statt `10000000`. Behoben: `P_commit` rechnet aus `a->done`, dem zuletzt ausgefuehrten Tick, wie `P_dump`.",Ohne Wirkung auf die Trace-Gleichheit (die Treiber der Konformitaetslaeufe lesen `now` nicht oder das Programm schlaeft nicht); fuer echte Treiber mit Zeitstempeln ein falscher Wert.,"In Schritt 7 folgt der Commit im Kern direkt auf den Schritt, vor dem Schlaf (12.1 Schritt 10).",M11 Schritt 6,mittel,behoben 2026-10-03,
FB-372,"Gespraech 2026-10-03 zu `takt prove`; crates/takt-prove/src/encode.rs, solve.rs; crates/takt-cli/src/main.rs (`prove`)","`takt prove` meldet „bewiesen“ fuer Eigenschaften, die ein ungueltiger Input verletzt","Das Modell nimmt jeden Input als gueltig an (13.3: „Inputs gelten als gueltig“; im Bericht nur als Zeile `Reichweite`). Ein ungueltiger Input — fehlend, nach `max_age` veraltet, ausserhalb der Range und darum `Bad` (3.5) — ist aber ein gewoehnlicher Betriebsfall, den der defensive Rand (12.6) gerade erzeugt, und sein Fault-Pfad (`SensorFault`, 5.3) fehlt im Modell. Beispiel: `input t : int in 0..99 @ hw(""adc/t"") with max_age = 100 ms`, `loop: hot = t > 50`, `property keeps_running: always(m.state == RUN)`. `takt prove` urteilt „bewiesen (k-Induktion, k = 5)“; `takt sim` ohne Stimulus meldet `t=0 fault m SensorFault ""`t` ungueltig"" -> FAULTED` und `property keeps_running violated 0`. Dazu sind die Zugriffe auf die Qualitaet nicht kodierbar: `hot = t.or(99) > 50` macht Gesamtmodell und Maschine unkodierbar („Ausdruck Zugriff“, im Korpus `15_quality`, `50_clause_words`) — gerade das Idiom, mit dem ein Programm ungueltige Inputs behandelt. Von derselben Art sind die beiden anderen Annahmen aus 13.3: Tunables gelten als ihr Default (`encode.rs`: „Tunables gelten als Konstanten“), ein zur Laufzeit gestellter Wert (8.4) faellt heraus; i64-Ueberlauf ist nicht modelliert, obwohl er nach 4.1 faultet.",Umsetzungsluecke + Referenzluecke,"3.5; 4.1; 5.3; 8.4; 12.6; 13.3 (Kodierung, Beweis mit Solver, Kompositionalitaet)","2026-10-03: `G:/rust/tmp/prove-demo/quality2.takt` (Probeprogramme, nicht eingecheckt; Eigenschaft bewiesen, im Interpreter in Tick 0 verletzt) und `quality.takt` (`.or` nicht kodierbar), `takt prove` und `takt sim` auf dem Arbeitsstand (`takt-prove` unveraendert seit 2cad224) mit z3 aus `~/.takt/bin`.","Der schwerste Befund an `takt prove`: Das Urteil „bewiesen“ ist relativ zur Semantik nicht korrekt, und es fehlen genau die Fehlerfaelle, fuer die Takt seinen Rand hat. Die Soundness-Schleife (Gegenbeispiel im Interpreter bestaetigen, FB-170) greift nicht, weil der Solver ein solches Gegenbeispiel nie sucht. Ein Team, das ein „bewiesen“ in eine Sicherheitsargumentation uebernimmt, uebernimmt die Annahme mit, ohne dass das Urteil sie nennt.","Je Input und Tick die Gueltigkeit als freie Variable kodieren (gueltig mit Wert, sonst Qualitaet `Suspect`/`Stale`/`Bad` wie 3.5), `max_age` und `debounce` als Annahmen ueber ihre Folge, den Fault beim Lesen eines ungueltigen Inputs und die Zugriffe `.or`, `.valid`, `.quality` dazu. Ein Gegenbeispiel mit fehlendem Input ist als Stimulus darstellbar (die Zeile fehlt), die Soundness-Schleife bleibt. Tunables als freie Werte in ihrer Range, die sich zwischen Ticks aendern duerfen; Ueberlauf als Pruefknoten wie Division durch null. Bis dahin muss das Urteil die Annahme tragen („bewiesen unter gueltigen Inputs, Tunables auf dem Default“), und 13.3 nennt sie als Teil des Urteils statt als Reichweite. Teilweise umgesetzt 2026-10-08 (Schritt 26a): Jeder Input traegt je Tick eine freie Qualitaet; `Good` liegt in der Range und innerhalb `max_slew` zum letzten guten Wert, `Suspect` haelt ihn und entsteht nur durch eine Verletzung unter `debounce`, `Stale` und `Bad` jederzeit. Ein ungueltiger Input faultet beim Lesen wie im Interpreter (`SensorFault`, Stelle `valid`), `.valid`/`.or`/`.suspect`/`.stale` lesen die Qualitaet, `and`, `or` und `?:` werten kurz aus. Das Gegenbeispiel liefert die Qualitaet so, wie der Rand des Interpreters sie entstehen laesst (`bad`, `stale`, ein Wert jenseits der Range fuer `Suspect`). Tunables sind je Tick frei in ihrer Range und stehen als `tune` im Gegenbeispiel. Das Programm aus dem Befund endet `verletzt` mit bestaetigtem Gegenbeispiel. Tests: `crates/takt-prove/tests/input_quality.rs`. Offen: Ueberlauf, Schiebebetraege, Konversion und Definitionsbereich als Pruefknoten (26b), das Urteil mit seinen verbliebenen Annahmen (26c). Weiter 2026-10-08 (Schritt 26b): Ueberlauf in der Breite des Ergebnisses, Schiebebetrag, Konversion und Definitionsbereich sind Fault-Zweige wie im Interpreter; die Notizen „nicht modelliert“ entfallen. Jede Anfrage traegt nur den Kegel ihrer Ziele (cone of influence): Eine erfuellbare Anfrage ueber `sqrt` in `Float64` brauchte ueber zwei Minuten, weil der Output, den die Stelle nicht liest, mitgerechnet wurde, jetzt 0,1 s. Tests: `crates/takt-prove/tests/arithmetic_faults.rs`. Offen: das Urteil mit seinen verbliebenen Annahmen, Solver und Version (26c). Abgeschlossen 2026-10-08 (Schritt 26c): Ein „bewiesen“ nennt die `assumption`-Formeln, auf denen es ruht — die im Kegel seiner Anfrage (`Verdict::Proven { assumptions }`, `bewiesen (…) unter der Annahme `small``). Der Rand der Inputs, Tunables und Ψ sind Modell, keine Annahme; was frei ist, ist es hoechstens mehr als im Lauf. Eine Annahme selbst wird ohne Annahmen geprueft (FB-466). Referenz 13.3 nachgezogen (Kodierung, Beweis mit Solver, Kompositionalitaet). Tests: `crates/takt-prove/tests/with_solver.rs::a_proof_names_only_the_assumptions_it_rests_on`, `…::an_assumption_proves_what_it_assumes_and_nothing_without_it`.",M11 Schritt 26,hoch,behoben,
FB-373,Gespraech 2026-10-03 zu `takt prove`; Erhebung ueber `corpus-try/[0-9]*.takt` (106 Programme); crates/takt-prove/src/encode.rs,"Zwei Drittel des Korpus sind fuer `takt prove` kein Gesamtmodell, und nichts misst die Abdeckung","68 von 106 Korpusprogrammen sind als Gesamtmodell nicht kodierbar; dann entfallen Eigenschaften und Vertraege, und es bleiben die Pruefstellen der Maschinen, die einzeln kodierbar sind. Erster Hinderungsgrund je Programm (dahinter koennen weitere stehen): Stroeme 18 (Handler auf Stroemen 15, interne Stroeme 2, Stromtyp 1); Datentypen 27 (Bytes 8, Records 7, Arrays 6, Matrizen 3, Map, Optional, Sammlung je 1); zeitliche Konstrukte 7 (`check … for`/`within` 4, `at` 2, `every` 1); Varianten mit Feldern und `case` darauf 5; korrekt gerundete Mathematik und Natives (`sin`, `log`, `round`) 4; gescopte Instanzen und Instanz-Arrays 3; Jobs 2; Zugriff auf die Qualitaet (`.or`) 2. Ueber den ganzen Korpus klassifiziert `takt prove` (Tiefe 5, 5 s je Anfrage) 48 Pruefstellen: 3 bewiesen unerreichbar, 9 erreichbar mit Pfad, 36 unentschieden. Von den Eigenschaften im Korpus ist keine bewiesen: die drei in `47_monitors` sind nicht kodiert (Zeitoperatoren, FB-374), `pump_off_when_high` in `06_test_harness` bleibt mit dem Vorgabe-Zeitlimit unbewiesen (Induktionsschritt offen bei k = 5, 63 s).",Umsetzungsluecke,"13.3 (Kodierung fuer `takt prove`, Kompositionalitaet); 9.4.4","2026-10-03: `takt prove --export` je Korpusprogramm (Gesamtmodell und erster Grund), `takt prove --timeout 5` je Programm (Maschinen, Pruefstellen, Eigenschaften), das Datum jedes Programms aus `git log --diff-filter=A`; Listen in `G:/rust/tmp/prove-demo/` (nicht eingecheckt). `git log -- crates/takt-prove`: Bau in M6 (2026-09-16), danach sechs gezielte Nachzuege (FB-251 bis FB-261, FB-288).","Zwei Quellen. Erstens der Zuschnitt in M6: plan/m6.md 2.8 nannte `takt prove` die unsicherste Vertikale und baute sie fuer skalare Zustandsmaschinen (Ganzzahlen, Enums, Zustaende, Fliesskomma), waehrend Stroeme mit Handlern, Records, Bytes, Qualitaetszugriffe, `every`/`at`, Jobs, Map und Matrizen schon in der Sprache waren; 13.3 schrieb die Ausnahmen als Reichweite fest, nur teilweise beim Namen (Records, Bytes, Matrizen, Optional, `.or`, `check … for` fehlen in der Liste). Schon am Ende von M6 (2026-09-16) waren 25 der damals 49 Korpusprogramme kein Gesamtmodell. Zweitens alles danach: Von den 57 spaeter hinzugekommenen Programmen sind es 43 — teils mit denselben Konstrukten, teils mit neuen (Varianten mit Feldern, Optional, gescopte Instanzen und Instanz-Arrays, generische Arrays, korrekt gerundete Mathematik), jedes mit Interpreter, Codegen und Differential, keines mit Kodierung. Sichtbar wurde das nie, weil der Encoder „nicht kodierbar“ meldet statt zu scheitern, die Tests von `takt-prove` eigene kleine Programme und fuenf Korpusdateien nutzen und kein Test ueber den Korpus laeuft: Fuer Interpreter und Codegen haelt das Differential (Satz 9.4.4) jede neue Konstruktion fest, fuer den Prover gibt es kein Gegenstueck. features.csv fuehrt `CLI-prove`, `SEM-13.3` und `PAR-13.3-Verwendung` als „fertig“ und nennt die Reichweite nur in der Prosa; damit stand die Luecke auf keiner offenen Liste.","1. Ein Abdeckungstest ueber den Korpus als Ratsche: je Programm Gesamtmodell ja/nein und die nicht kodierbaren Maschinen gegen eine eingecheckte Liste, die nur schrumpfen darf; eine neue Konstruktion ohne Kodierung faellt dann beim Einchecken auf. 2. Die Kodierung nach Haeufigkeit nachziehen: Datentypen (Records und Arrays fester Laenge entfaltet, Bytes als Laenge plus Bytevektoren, Optional und Varianten mit Feldern als Tag plus Felder — alles endlich), dann `check … for`/`within`/`every`/`at` als Zaehler wie die Timer, dann Stroeme (Ring fester Kapazitaet mit Zaehlern, Handler je Element bis zur Kapazitaet), Jobs (Ergebnis als freie Eingabe beim Fertigwerden), Mathematik als uninterpretierte Funktionen mit den Schranken aus `libtaktm`. 3. Die drei Inventurzeilen auf „teilweise“ mit der gemessenen Abdeckung. 4. Die Reichweite des Berichts als Zahl: wie viele Maschinen und Pruefstellen ein Lauf erfasst hat.","M11 Schritte 25, 27",hoch,offen,
FB-374,Gespraech 2026-10-03 zu `takt prove`; plan/definition.md 13.3; crates/takt-prove/src/encode.rs; corpus-try/47_monitors.takt,"13.3 verspricht Zeitoperatoren als Beweisziele, `takt prove` kodiert nur `always`/`never` ohne sie","13.3 „Verwendung“: Eigenschaften sind „Beweisziel fuer `takt prove` (… Zukunftsoperatoren werden zu Zaehlern in Σ …)“. 13.3 „Kodierung“: „`always(φ)`/`never(φ)` ohne Zeitoperatoren sind Invarianten“. Umgesetzt ist das Zweite: Jede Eigenschaft mit `eventually[d]`, `stable[d]` oder `once[d]` meldet `takt prove` als „nicht kodiert: nur `always(…)`/`never(…)` ohne Zeitoperatoren (2.8)“ — auch die Beispiele aus 13.3 selbst (`abort_recovers`, `no_chatter`, `armed_before_fire`) und alle drei Eigenschaften von `47_monitors`. Nach 13.3 gibt es die Zeitoperatoren gerade, weil reine Invarianten fuer Reaktionseigenschaften nicht reichen.",Widerspruch,"13.3 (Sprache, Verwendung, Kodierung fuer `takt prove`)","2026-10-03: `takt prove corpus-try/47_monitors.takt`: 0 Beweisziele, drei Zeilen `nicht kodiert`.","Die Referenz widerspricht sich, und die Inventur (`PAR-13.3-Verwendung` „fertig“) folgt der staerkeren Lesart. Fuer den Nutzer ist das die sichtbarste Luecke: Die erste Eigenschaft, die er nach dem Muster aus 13.3 schreibt, wird nicht geprueft.","Die Zeitoperatoren so kodieren, wie der Laufzeitmonitor sie rechnet (13.3: Ring je Atom ueber Vergangenheits- plus Zukunftstiefe, Entscheidung der Position k − F im Tick k): Der Monitor existiert im Interpreter und nativ, seine Zustandsmaschine wird Teil von Σ, statt eine zweite Semantik der Operatoren zu schreiben. `once[d]` braucht nur einen Zaehler seit dem letzten Wahr. Die Tiefe muss dann mindestens die Fenster abdecken (FB-375). Danach 13.3 „Kodierung“ an „Verwendung“ angleichen.",M11 Schritt 27b,hoch,offen,
FB-375,"Gespraech 2026-10-03 zu `takt prove`; crates/takt-prove/src/solve.rs; crates/takt-cli/src/main.rs (`--depth`, Vorgabe 5)","Die Vorgabetiefe 5 reicht ueber keinen Timer hinaus, und der Bericht sagt nicht, welche Tiefe fehlt","Programm mit Tick 10 ms, Zustand A zaehlt `x` je Tick hoch und wechselt `after 500 ms` nach B, das `x` zuruecksetzt; `property small: always(o <= 60)`. Mit `--depth 5`: „unbewiesen: kein Gegenbeispiel bis Tiefe 5, Induktionsschritt offen“, die Range-Pruefstelle „unentschieden“. Mit `--depth 60`: beide bewiesen, in 11 s. 13.3 sagt, eine groessere Tiefe helfe, wenn ein Timer die Luecke ist; welche, nennt das Werkzeug nicht. Typische Programme haben Fristen von 100 ms bis 10 s bei 1 bis 10 ms Tick, also Tiefen von 10 bis 10 000.",Umsetzungsluecke,13.3 (Beweis mit Solver),"2026-10-03: `G:/rust/tmp/prove-demo/timer.takt` mit `--depth 5` (0,3 s) und `--depth 60` (11 s).","Reine k-Induktion mit fester Tiefe skaliert nicht mit den Fristen: Was der Compiler ueber Timer und Zustaende weiss, muss der Solver sich je Lauf aus k Schritten erschliessen. Fuer den Nutzer sieht ein wahres Programm dann wie ein unbewiesenes aus.","1. Bei „Induktionsschritt offen“ die Tiefe nennen, die die laengste Frist der betroffenen Maschine braucht, und auf Wunsch (`--depth auto`) mit ihr rechnen. 2. Hilfslemmata, die der Compiler kennt, als Invarianten in den Induktionsschritt: Timer hoechstens bis zur laengsten Frist des Zustands, Timer nur im aktiven Zustand laufend, die deklarierten Ranges (teils schon). 3. Fuer Invarianten wie `x` gleich der Zeit im Zustand eine Invariantensuche statt fester Tiefe pruefen: das Transitionssystem als Horn-Klauseln an z3 (Spacer/PDR) — dieselbe Kodierung, ein anderer Aufruf.",M11 Schritt 27b,mittel,offen,
FB-376,"Gespraech 2026-10-03 zum Pruefnetz (plan/m11.md 2.13); crates/takt-conformance/tests/differential.rs (`the_interpreter_and_the_generated_code_agree`), tests/fuzz.rs, tests/fuzz_machines.rs, src/run.rs",Der Vergleich von Interpreter und Codegen laeuft ueber den Korpus ohne Eingaben,"Die Abnahme faehrt je Korpusprogramm `run_native_all` und `run_interpreted` ohne Stimulus. Commands, Inputs, Stromelemente, ungueltige Inputs und Aborts kommen nur in Einzeltests mit einem Stimulus von Hand vor (ein Element fuer `wake_window`, zwei Commands, vier Stromelemente). Die beiden Fuzzer wuerfeln Programme, keine Eingaben. `run.rs` sagt es selbst: Ein Lauf ohne Eingaben prueft den Anfangszustand und seine Fortschreibung. Damit sind die Pfade, die an Eingaben haengen — Uebergaenge auf Commands, Handler, Qualitaet, Faults durch ungueltige Inputs, `max_age`, `max_slew` — zwischen Interpreter und Codegen kaum geprueft; die Board-Suiten fahren denselben Korpus, dazu ein Pruefgeraet fuer den Rand.",Umsetzungsluecke,9.4.4; 13.8,"2026-10-03: `differential.rs` Zeilen 260 bis 300, `fuzz.rs`, `fuzz_machines.rs`, Modulkommentar von `run.rs` gelesen.","Die groesste Luecke im Pruefnetz: Ein Fehler im Umgang mit Eingaben faellt erst auf, wenn ihn ein Einzeltest zufaellig trifft — und gerade die ungueltigen Eingaben schreibt selten jemand.","Schritt 9 macht den Stimulus zum Testtreiber; Schritt 29 erzeugt die Eingaben je Programm aus seinen Deklarationen: Grenzen jeder Range, fehlende und veraltete Samples, Spruenge ueber `max_slew`, schlechte Qualitaet, NaN und Unendlich, Folgen von Commands, Stromelemente ueber die Kapazitaet und mit Luecken in der Folgenummer, ein Abort; dazu Pfade des Solvers und die Fuzzer mit Eingaben. Die Abdeckung (je Pruefstelle beide Ausgaenge) als Ratsche.","M11 Schritte 9, 29",hoch,offen,
FB-377,"Gespraech 2026-10-03 zum Pruefnetz (plan/m11.md 2.13); crates/takt-prove/src/encode.rs, crates/takt-llvm/src (expr.rs, stmt.rs, step.rs, lower.rs), crates/takt-interp/src (eval.rs, exec.rs), crates/takt-frame/src","Was eine Komponente nicht kann, endet in einem Platzhalter-Zweig; eine neue Konstruktion bricht keinen Bau","Der Kodierer des Beweisers lehnt ab, was er nicht kennt, in Zweigen `other => no(…)`, der Codegen meldet ausgelassene Schritte als `Skipped` (FB-104). Platzhalter-Zweige (`_ =>`, `other =>`) zaehlen in `encode.rs` 21, in takt-llvm `expr.rs` 61, `stmt.rs` 23, `step.rs` 13, in takt-interp `eval.rs` 42, `exec.rs` 14. Nicht jeder geht ueber eine MIR-Konstruktion, aber keiner unterscheidet „bewusst nicht“ von „neu und vergessen“. So entstand FB-373: 43 der 57 nach M6 hinzugekommenen Korpusprogramme blieben fuer den Beweiser unkodierbar, ohne dass ein Bau scheiterte oder eine Liste es zeigte.",Umsetzungsluecke,9.4.4; 13.3; 13.8,"2026-10-03: Zaehlung mit `grep -c ""other => \|_ => ""` je Datei; `git log --diff-filter=A` je Korpusprogramm. Umsetzung 2026-10-03: `takt_mir::census` (Matches ohne Platzhalter, Strukturen ohne `..`), Tabellen `takt_llvm::support` und `takt_prove::support`, Wahrheitstest und Matrix `plan/capabilities.csv` (tests/capabilities.rs) ueber 238 Korpusprogramme; er fand FB-403 bis FB-406.","Die Ursache der stillen Luecken: Ein Platzhalter macht jede kuenftige Konstruktion zum Sonderfall, den niemand entscheidet. Erschoepfende Matches kosten einen Umbau und danach nichts.","Schritt 25: erschoepfende `match`es ueber die MIR-Konstruktionen in Interpreter, Codegen, Rahmen, Monitor und Kodierung (Clippy `wildcard_enum_match_arm` in den senkenden Modulen, unter `-D warnings`); Ablehnung als Variante eines Typs `Unsupported` mit Grund. Ein Test schreibt die Faehigkeitsmatrix (Konstruktion mal Komponente) und haelt sie gegen `plan/features.csv`.",M11 Schritt 25,hoch,"behoben 2026-10-05 (Fehler behoben): `cargo clippy -p takt-llvm -p takt-prove (deny greift`, `warnungsfrei)`, `crates/takt-llvm/tests/stream_skip.rs::skip_examines_the_whole_window`; `#[deny(clippy::wildcard_enum_match_arm)]` an den Dispatch-Matches: takt-llvm lower_here (ExprKind), stmt_here (StmtKind), assign (Place), transitions, cast, convert, unary, binary, matrix::op; takt-prove expr (ExprKind, Builtin), fn_block und block (StmtKind, Place, ArmPattern), binary, intrinsic, checked, method_call (Method, Place), tprop (TProp). Platzhalter durch ausdrueckliche Variantenlisten mit Grund ersetzt; Interpreter ausgenommen. Nicht unter deny: expr.rs access, intrinsic, checked_expr, lower_narrow - ihre Platzhalter laufen ueber Formen (LlvmType, Gestalt des inneren Ausdrucks...",
FB-378,"Gespraech 2026-10-03 zum Pruefnetz (plan/m11.md 2.13); crates/takt-conformance/tests/differential.rs (`KORPUS`), tests/common/board.rs, tests/embed.rs (`PROGRAMS`), crates/takt-prove/tests/against_interpreter.rs; corpus-try/manifest.csv","Die Programmlisten der Suiten stehen von Hand im Test, ohne Grund fuer die Luecken","`KORPUS` im Vergleich nennt 91 Programme; 17 Korpusprogramme fehlen ohne genannten Grund (04, 05, 06, 07, 08, 09, 10, 29, 30, 31, 38, 44, 48, 61, 65, 66, 67). Einige zu Recht (08 reserviert, 09 bekannte Luecken), andere nicht erkennbar. Ebenso von Hand: der Board-Korpus, die fuenf Programme der IEEE-Pruefung, die fuenf Programme, an denen das Modell gegen den Interpreter laeuft. `corpus-try/manifest.csv` fuehrt je Programm Erwartung und Abdeckung, aber keine Suite liest es (nur `golden_sim.rs` liest `corpus-try/sim/manifest.csv`).",Umsetzungsluecke,13.8,"2026-10-03: `KORPUS` gegen `corpus-try/[0-9]*.takt` verglichen; Leser von `manifest.csv` gesucht. 2026-10-03 (Schritt 25): Ein Test liest die Spalte Erwartung (`parse ok` heisst: nur Syntax) und verlangt sonst je Datei genau die angemerkten Fehler; dabei fielen 05 und 07 auf, die laut Manifest gueltig waren und an Pruefung 17 und 7 scheiterten — sie fehlten darum in jeder Suite. Beide sind korrigiert, 09 und 11 im Manifest nachgezogen.","Ein neues Korpusprogramm laeuft in keinem Vergleich, bis jemand es nachtraegt; eine Ausnahme ohne Grund wird nie wieder geprueft.","`corpus-try/manifest.csv` als einzige Quelle: je Programm, welche Suiten es fahren, jede Ausnahme mit Grund und FB-Zeile; die Suiten lesen ihre Listen daraus, und ein Programm ohne Eintrag laesst den Test scheitern (Schritte 28, 29).","M11 Schritte 28, 29",mittel,"behoben 2026-10-05 (Test ergaenzt): `crates/takt-conformance/tests/suites.rs::every_corpus_program_names_its_suites`, `crates/takt-conformance/tests/suites.rs::every_entry_follows_the_rule_of_its_suite`, `crates/takt-conformance/tests/suites.rs::every_suite_runs_some_program`; Nachtrag 3: die drei Ausnahmen von 114_for_pairs (vergleich, mcu, board) nennen FB-428; suites gruen (3/3). Was FB-378 an kon verlangte, ist umgesetzt; offen bleibt nur FB-429 (eigene Zeile). Spalte Suiten fuer alle 111 Programme corpus-try/[0-9]*.takt gefuellt (vollstaendig, jede Zeile hat 6 Spalten, n-Zeilen leer), aus den Handlisten nur gelesen: vergleich = KORPUS differential.rs, mcu = KORPUS mcu_codegen.rs und mcu_harness.rs plus board::CORPUS (the_board_corpus_links_freestanding bindet ihn fuer beide MCU-Ziele) plus 68 (eigener Test in beiden Dateien), ziele = KORPUS targets.rs, board...",
FB-379,Gespraech 2026-10-03 zum Pruefnetz (plan/m11.md 2.13); alle Suiten; `cargo mutants`,"Ob die Suiten eine Aenderung bemerken, misst niemand","Die Suiten werden nach Anzahl und Ergebnis beurteilt, nicht danach, ob sie eine falsche Aenderung finden wuerden. Es gibt keine Mutationstests; `cargo-mutants` ist nicht installiert. FB-372 zeigt den Fall: Alle Tests waren gruen, waehrend `takt prove` „bewiesen“ fuer eine falsche Eigenschaft meldete.",Umsetzungsluecke,13.8,2026-10-03: `cargo mutants --version` fehlt; keine Mutationsergebnisse im Repository.,"Ohne Mass bleibt offen, wo das Netz duenn ist; es ist das direkte Mass fuer das Ziel, jede Aenderung einer Komponente zu bemerken.","Schritt 30: `tools/mutants.sh` mutiert je Schritt die geaenderten Zeilen (`cargo mutants --in-diff`) und laesst die Suiten laufen; vor dem Abschluss ganze Crates (takt-interp, takt-llvm, takt-frame, takt-prove, takt-rt-core), nachts, mit `-j 2` und eigenem Zielverzeichnis. Ein ueberlebender Mutant bekommt einen Test oder eine FB-Zeile; die Zahl je Crate ist eine Ratsche.",M11 Schritt 30,hoch,offen,
FB-380,"Gespraech 2026-10-03 zum Pruefnetz (plan/m11.md 2.13); crates/takt-prove/src/solve.rs (`find`), crates/takt-cli/src/main.rs (`prove`), crates/takt-mir/src/analysis/proof.rs",Der Solver ist eine ungepruefte Komponente,"`takt prove` nimmt z3 oder cvc5 vom `PATH` oder aus `~/.takt/bin` (auf diesem Rechner z3 4.13.4, kein cvc5). Weder der Bericht noch die Beweisdatei nennen Solver und Version. Eine neue Version kann Urteile aendern — andere Zeitlimits, `unknown`, im schlimmsten Fall ein Fehler des Solvers —, ohne dass es jemand bemerkt; ein „bewiesen“ wird nirgends ausgefuehrt, und eine Beweisdatei laesst Pruefungen im erzeugten Code aus (Pruefung 65).",Umsetzungsluecke,3.4; 11.3; 13.3 (Beweis mit Solver),2026-10-03: Ausgabe von `takt prove` auf vier Programmen; `z3 --version`; Inhalt der `.takt-proof`-Datei nach `proof.rs`.,"Gerade weil eine Beweisdatei den Codegen beeinflusst, gehoert der Solver in das Netz wie Compiler und Interpreter.","Solver und Version im Bericht, in der Beweisdatei und in `takt doctor`; jedes entschiedene Urteil von z3 und cvc5 gleich; jedes „bewiesen“ als Monitor in den erzeugten Laeufen, jede bewiesene Stelle ueber `--proof`, waehrend der Interpreter weiter prueft (Schritte 26, 28, 30). Teilweise umgesetzt 2026-10-08 (Schritt 26c): Der Bericht nennt Solver und Version (`Solver: z3 4.13.4`), die Beweisdatei fuehrt sie als Pflichtzeile `solver <Name> <Version>` (Fassung 2). Test: `crates/takt-cli/tests/prove_cmd.rs::a_saved_proof_drops_its_check_from_the_build_and_a_stale_one_is_refused`. Offen: `takt doctor` (Schritt 24, das Kommando gibt es noch nicht), z3 und cvc5 im Vergleich (Schritt 28), Bewiesenes als Monitor (Schritt 30).","M11 Schritte 26, 28, 30",mittel,teilweise 2026-10-08,
FB-381,"Gespraech 2026-10-03 zum Pruefnetz (plan/m11.md 2.13); crates/takt-prove/tests/against_interpreter.rs, src/eval.rs, src/solve.rs",Das Modell des Beweisers ist kein Ausfuehrer im Vergleich,"`against_interpreter.rs` laesst das Modell mit `eval.rs` konkret laufen und vergleicht es Tick fuer Tick mit dem Interpreter — fuer fuenf Programme, mit einer Abbildung des Stimulus auf die Eingaben des Modells von Hand im Test. Gegenbeispiele laufen nur im Interpreter nach, nicht nativ; zwischen Modell und Codegen gibt es nur `--proof`.",Umsetzungsluecke,13.3 (Kodierung fuer `takt prove`); 13.8,2026-10-03: `against_interpreter.rs` und `solve.rs` gelesen.,"Der Kodierer ist eine dritte Implementierung der Semantik und wird kaum gegen die anderen gehalten; seine Fehler zeigen sich nur, wenn der Solver zufaellig auf sie stoesst. Erwogen und zurueckgestellt: das LLVM-IR je Programm gegen das Modell beweisen (Uebersetzungsvalidierung wie Alive2) — fuer alle Eingaben, aber mit Solverzeit je Programm und Optimierung.","Schritt 28: `Model::run(stimulus, ticks)` in takt-prove mit Trace im gemeinsamen Format, als dritte Spalte im Vergleich aus Schritt 9; ein Stimulus, den das Modell nicht darstellen kann, ist eine gemeldete Luecke mit Grund; jeder Pfad des Solvers laeuft durch Interpreter, Codegen und Modell.",M11 Schritt 28,hoch,offen,
FB-382,Gespraech 2026-10-03 zum Pruefnetz (plan/m11.md 2.13); plan/definition.md; crates/*/tests,"Fehler, die alle Ausfuehrer teilen, sieht kein Vergleich","Interpreter, Codegen, Rahmen und Modell lesen dieselbe MIR aus derselben Sema. Ein Fehler davor oder eine gemeinsame Fehllesart der Referenz ergibt gleiche falsche Traces auf allen Seiten. Unabhaengige Orakel gibt es wenige: die Golden-Traces (`corpus-try/sim`) und Einzeltests einzelner Saetze (Reihenfolge 9.4.1, Schlaf 9.9.1). Die Programme der Referenz laufen nicht; Tests lesen `definition.md` nur fuer Schluesselwoerter, Prelude, kanonische Bytes und die Komponentenliste.",Umsetzungsluecke,9.4; 13.8,2026-10-03: Leser von `definition.md` in `crates/*/tests` gesucht.,"Die Grenze jedes Vergleichs; nur Orakel, die nicht aus derselben Quelle rechnen, verschieben sie.","Schritt 29: metamorphe Relationen als Katalog ueber den erzeugten Eingaben — Reihenfolge der Schritte (9.4.1), Schlaf (9.9.1), Praefix und Instanzen (12.11), IEEE-Umgebung (4.2), `sim`- gegen `hw`-Bindung mit demselben Wert (8.3) — und die vollstaendigen Programme der Referenz als Korpus mit dem Verhalten, das ihr Text nennt.",M11 Schritt 29,mittel,offen,
FB-383,Gespraech 2026-10-03 zum Pruefnetz (plan/m11.md 2.13); plan/features.csv; crates/takt-conformance/tests/tcb_manifest.rs,Die Inventur wird nur fuer 11.1 gegen Referenz und Code gehalten,"Kein Test liest `plan/features.csv`; nur `the_components_of_11_1_are_the_workspace` haelt die Komponentenliste der Referenz gegen den Workspace. So stehen `CLI-prove`, `SEM-13.3` und `PAR-13.3-Verwendung` auf `fertig`, obwohl Zeitoperatoren und zwei Drittel des Korpus fehlen (FB-373, FB-374), und drei Absaetze von 13.3 (Auf einem endlichen Lauf, Kodierung fuer `takt prove`, Beweis mit Solver) haben keine Zeile.",Umsetzungsluecke,11.1; 13.3,"2026-10-03: Leser von `features.csv` in `crates/` gesucht; die Zeilen zu 13.3 gegen die Absaetze verglichen. Die drei fehlenden Zeilen sind am selben Tag von Hand nachgetragen, die Pruefung fehlt weiter. 2026-10-04 (Schritt 25b): crates/takt-sema/tests/inventory.rs haelt jede Ueberschrift, jeden fetten Absatz der Abschnitte 0 bis 14 und jede Pruefung der Tabelle 10 gegen eine Zeile und verlangt je Zeile `fertig` einen Beleg, den es gibt (Spalte `Beleg`).",Ein Status ohne Pruefung ist eine Behauptung; die Luecken von `takt prove` standen deshalb auf keiner offenen Liste.,"Schritt 25: Ein Test haelt die Inventur gegen Referenz und Code — jeder fett gesetzte Absatz der Referenz hat eine Zeile, jede Zeile `fertig` nennt einen Test oder eine Datei, die es gibt, und die Faehigkeitsmatrix widerspricht keiner Zeile.",M11 Schritt 25,mittel,behoben 2026-10-04,
FB-384,"M11 Schritt 8 (Profil aus der Einbindung); crates/takt-sema/src/checks.rs (`performance_lints`), crates/takt-cli/src/main.rs (`build`)",Die Lints 40 und 41 sehen das Profil der Einbindung nicht,"Seit Schritt 8 legt die Form das Profil fest, wenn das Programm `system: target` weglaesst; `takt build --emit embed` nutzt es fuer die Instrumentierung. Die Pruefungen 40 und 41 (schmaler Kern, `float = f64` in Software) lesen dagegen nur `system: target` (`performance_lints`): Ein Programm ohne `system: target`, gebaut fuer die Form `own` auf einem F401, bekommt die Hinweise nicht. Die Sema kennt die Form nicht, weil sie vor dem Bau uebersetzt.",Umsetzungsluecke,"3.4 (Pruefungen 40, 41); 12.8; 12.11 (Formen)",2026-10-03: `performance_lints` gelesen; `takt_sema::Options` hat kein Feld fuer die Einbindung.,"Nur Hinweise, keine Semantik; aber genau der Fall, fuer den die Lints da sind, faellt heraus.","Die Lints nach der Zielklasse urteilen lassen, die der Bau kennt (`--target`: mit oder ohne f64 in Hardware), statt nach dem Profil; die Sema bekommt dazu die Zielklasse in ihren Optionen. Das trifft auch Programme mit `system: target = shared` auf einem schmalen Kern.",M11 Schritt 14,niedrig,"behoben 2026-10-05 (Fehler behoben): `crates/takt-sema/tests/performance_lints.rs::a_narrow_core_without_f64_hardware_gets_both_lints`, `crates/takt-sema/tests/performance_lints.rs::a_32_bit_core_with_f64_hardware_gets_only_the_width_lint`, `crates/takt-sema/tests/performance_lints.rs::a_64_bit_core_gets_no_lint`, `crates/takt-cli/tests/performance_lints_cmd.rs::a_bare_metal_target_brings_both_lints`; Die Pruefungen 40 und 41 urteilen nach dem Kern des Bauziels (`--target`: Registerbreite, f64 in Hardware), ohne Angabe wie bisher nach dem Profil.",
FB-385,"M11 Schritt 8 (Huelle `Program` in `P.rs`); crates/takt-frame/src/embed.rs, crates/takt-rt-core/src/loopcore.rs (`service`, `service_persisting`)","Ein Programm mit `persist` laeuft in Rust ohne Journal, ohne dass der Bau es bemerkt","Die Huelle `Program::new(arena, drivers)` verlangt kein Journal; ob es geschrieben wird, entscheidet der Port mit `service` oder `service_persisting`. Ein Wirt, der `service` ruft, verliert jede `persist`-Variable beim Neustart, still. plan/m11.md 2.9 verlangt dafuer einen Baufehler („Rust: fehlendes Argument im Konstruktor“). Das Manifest nennt den Dienst (`services = journal`), aber nichts prueft es.",Umsetzungsluecke,"5.9; 12.11 (Der Portvertrag: was fehlt, scheitert beim Uebersetzen oder Binden)",2026-10-03: erzeugtes `P.rs` und `Runtime::service` gelesen.,"Widerspricht 12.11 („einen Vorgabewert, der still an seine Stelle tritt, gibt es nicht“); betrifft jeden Rust-Wirt eines Programms mit `persist`.","Mit den Ports (Schritt 14): Die Huelle eines Programms mit `persist` verlangt das Journal im Konstruktor des Ports, der den Kern ruft, und nur dieser Weg ruft `service_persisting`; ohne `persist` gibt es das Argument nicht. Dasselbe Muster fuer den Job-Kontext eines Programms mit Jobs.",M11 Schritt 14,hoch,offen,
FB-386,"Testpruefung 2026-10-03 (plan/tests.csv INT-012); crates/takt-prove/src/encode.rs (`sort_of`), src/smt.rs",`takt prove` rechnet jede Ganzzahl in 64 Bit und beweist dadurch Falsches,"Jede Ganzzahl, Dauer und jedes Enum wird ein 64-Bit-Vektor; `<<` bricht nicht in die deklarierte Breite um, `>>` ist immer arithmetisch (`bvashr`), u64 ab 2^63 wird vorzeichenbehaftet verglichen, und ein Schiebebetrag ausserhalb der Breite faultet im Modell nicht. Mit `var x : u8 = 255`, `y = (x << 4) >> 4`, `o = y` und `property y_is_large: always(o > 100)` urteilt `takt prove` „bewiesen (k-Induktion, k = 5)“; der Interpreter rechnet `o = 15` und meldet `property y_is_large violated 0`.",Bug,3.10; 4.1; 13.3 (Kodierung fuer `takt prove`),"2026-10-03: `G:/rust/tmp/prove-demo/shift.takt` (Probe, nicht eingecheckt), `takt prove` und `takt sim`.","Ein falsches „bewiesen“ wie FB-372, diesmal ohne jede Annahme im Bericht; ueber `--save-proof` kann eine Range-Pruefstelle hinter einer solchen Rechnung als unerreichbar gelten und im erzeugten Code fehlen.","Breiten im Modell: Bitvektoren der deklarierten Breite oder Umbruch nach jeder Operation, `bvlshr` fuer vorzeichenlose, vorzeichenlose Vergleiche, der Schiebebetrag als Pruefknoten; als Test der Dreifach-Vergleich aus M11 Schritt 28 mit Grenzwerten je Breite. Umgesetzt 2026-10-08 (Schritt 26b): `<<` wickelt im Modell in die Breite des Ergebnisses (`Op::Wrap`), der Schiebebetrag ist ein Fault-Zweig (Range, 3.10), ein Wert ohne Range liegt in seiner Breite (Typinvariante und Rand des Inputs). `>>` bleibt arithmetisch und ist fuer die nichtnegativen Werte schmaler vorzeichenloser Breiten exakt; ein `u64` lehnt die Kodierung ab, statt mit Vorzeichen zu rechnen. Das Beispiel des Befunds endet `verletzt` mit bestaetigtem Gegenbeispiel (`crates/takt-prove/tests/arithmetic_faults.rs::the_shift_of_fb_386_is_violated`). Den Dreifach-Vergleich mit Grenzwerten je Breite bringt Schritt 28.","M11 Schritte 26, 28",hoch,behoben,
FB-387,"Testpruefung 2026-10-03 (plan/tests.csv INT-001); crates/takt-interp/src/stream.rs, crates/takt-rt-core/src/stream.rs (`Ring::push`), crates/takt-frame/src/streams.rs (`takt_int_deliver`)","Ein Stromelement groesser als `capacity_bytes` unter `drop_oldest`: drei Implementierungen, zwei Verhalten","Interpreter und C-Rahmen raeumen erst den ganzen Ring (`dropped += n`) und melden dann Ueberlauf; der Ring in takt-rt-core meldet nur Ueberlauf und raeumt nichts. Der Kommentar im Interpreter will das zweite („es ist ein Ueberlauf, kein Verwerfen“), sein Code tut das erste. Die Referenz regelt den Fall nicht (8.6 Byte-Ring, 9.6). `ring_agreement.rs` schiebt nur 1-Byte-Elemente.",Abweichung + Referenzluecke,8.6; 9.6; Lemma 9.6.1,"2026-10-03: die drei Stellen gelesen; kein Lauf (der Vergleich hat keine Stroeme mit Eingaben, FB-376). 2026-10-04: Entschieden wie empfohlen und in 8.6 festgehalten: Ueberlauf ohne Verwerfen. takt-interp/tests/ring_agreement.rs::an_element_larger_than_the_byte_ring_overflows_without_dropping vor der Korrektur rot (Interpreter leer, Ring 3 Elemente), danach gruen; dazu drop_oldest_with_variable_lengths_agrees. Interpreter und C-Rahmen pruefen die Byteschranke vor dem Verdraengen. Ein Eingabestrom erreicht den Fall nie (Pruefung 17), ein interner Strom lehnt das Element beim `send` ab; beim Versuch, ihn nativ zu pruefen, fanden sich FB-426 und FB-427.","`s.dropped` und das Fenster weichen ab, sobald ein Treiber ein zu langes Element liefert — genau der Fall, den der Rand pruefen soll.","Referenz entscheiden (Ueberlauf ohne Verwerfen, wie beide Kommentare es wollen), Interpreter und C-Rahmen angleichen; `ring_agreement` mit variablen Laengen und Elementen ueber der Byteschranke.",M11 Schritt 31,hoch,behoben 2026-10-04,
FB-388,"Testpruefung 2026-10-03 (plan/tests.csv RT-001, RT-002); crates/takt-rt-core/src/loopcore.rs (`sleep`)",Ein Weckereignis beendet den Schlaf der nativen Runtime nicht,"9.9 verlangt `d = min(naechste after-Frist, Weckereignis)`: Wake-Quellen, ihr Veralten, Operator-Abort und Runtime-Ereignisse beenden den Schlaf. `Runtime::sleep` rechnet nur die Frist, rueckt Programm und Tickzahl beim Einschlafen um alle Ticks vor (`advance(n)`) und kann den Schlaf danach nicht verkuerzen; ein `service`, das ein Interrupt vor der Frist ausloest, rechnet nichts. Ein `pending_overrun` im letzten Tick vor dem Schlaf wirkt erst an der Frist. Die Tests zu Satz 9.9.1 bestehen, weil Interpreter und Testrahmen die Eingaben vorher kennen (`Run::deadline`, `due[]`).",Bug,7.3; 9.9; Satz 9.9.1; 12.3,2026-10-03: `sleep` in `loopcore.rs` gegen 9.9 gelesen.,"Auf dem Board wirkt ein Taster an einem `wake`-Kanal erst an der naechsten `after`-Frist, unter Umstaenden Stunden spaeter; Satz 9.9.1 gilt nativ nur fuer Eingaben, die vorher bekannt sind.","Schlaf ohne Vorgriff: `sleep` nennt nur die Frist, `advance` rueckt bei jedem `service` um die tatsaechlich vergangenen Ticks vor, ein Weckereignis beendet den Schlaf an der naechsten Grenze; Test mit Ereignissen, die das Programm nicht vorher kennt, mit und ohne Schlaf verglichen.","M11 Schritt 31 (Kern), Schritt 10 (Boards)",hoch,"behoben 2026-10-06: Kern 2026-10-05 (RT-001). Boards: Der Rahmen tastet die Wake-Quellen an jeder geschlafenen Grenze ueber ihre Treiber ab (`P_woken`, `Program::woken`): ein Wake-Kommando, ein Skalar, der anders liefert als im Tick vor dem Schlaf oder ohne Lieferung veraltet, ein Strom mit einem Element, das der Rahmen fuer den Tick an dieser Grenze vorhaelt. Je Grenze erst die Tunables, dann die Wake-Quellen; ein Port ueber `service` kommt im Schlaf an jeder Grenze wieder (`wake_sources`). Statt ueber `Clock::woken`, wie Schritt 10 es nannte: Welche Grenze ein Ereignis trifft, weiss nur, wer abtastet wie der Schritt; die Uhr bleibt fuer Ereignisse des Ports. Dabei gefunden: FB-446, FB-447, FB-448. Tests: crates/takt-rt-core/tests/wake.rs::a_wake_source_of_the_program_ends_the_sleep_at_the_next_boundary; crates/takt-rt-core/tests/wake.rs::service_names_every_boundary_while_the_program_polls; crates/takt-rt-core/tests/wake.rs::a_late_service_takes_the_first_change_in_boundary_order; crates/takt-conformance/tests/host_board.rs::a_wake_source_ends_the_sleep_on_the_host; crates/takt-conformance/tests/board_esp32c6.rs::a_wake_source_ends_the_sleep; crates/takt-conformance/tests/board_stm32f401.rs::a_wake_source_ends_the_sleep. Boardlaeufe 2026-10-06: C6 22 von 23 (die UART-Bruecke an COM5 fehlt), F401 18 von 18.",
FB-389,"Testpruefung 2026-10-03 (plan/tests.csv KON1-014, RT-018); crates/takt-rt-core/src/loopcore.rs (`apply_tunables`), crates/takt-frame/src/embed.rs, crates/takt-mcu-program",Tunables wirken nativ nicht,`Runtime::apply_tunables` hat keinen Aufrufer; `Program::tune` ist ausser im Durchreicher von `Guarded` nirgends umgesetzt — weder in `takt-mcu-program` noch in der Huelle der Lieferform. Der Test `a_tunable_changes_the_parameter_vector_at_its_tick` filtert im C-Testrahmen mit den Funktionen des Interpreters und schreibt gueltige Werte direkt in den Parameterspeicher; der echte Weg laeuft nie. `PAR-8.4-Tunables_v1.1` steht auf `fertig`.,Umsetzungsluecke,8.4; 12.5,"2026-10-03: `grep` nach `fn tune`, `apply_tunables`, `.tune(` in crates/.","Ein Parameter, den ein Bediener zur Laufzeit stellt, aendert auf dem Board nichts; der Interpreter rechnet mit dem neuen Wert.","Einstieg `P_tune` im Rahmen mit Pruefung von Range und Typ wie im Interpreter, `tune` in der Huelle und in `takt-mcu-program`, ein Port-Dienst fuer Tunables; Test ueber den echten Weg; Inventur auf `teilweise`.","M11 Schritt 31 (Kern, Rahmen), Schritt 10 (Bring-ups)",hoch,"behoben 2026-10-06: Die Konsole nimmt `tune <index> <hex>` (Index und kanonische Bytes, die der Host mit dem Programm bildet; `takt_rt_baremetal::Console`), beide Boards legen die Gegenrichtung ihrer Leitung in ein FIFO, `takt_rt_baremetal::run` und `takt_rt_rtos::run` nehmen Tunables. Der Rahmen schreibt jeden Tune als Zeile `t=<k> tune <name> <wert>` in den Golden-Trace, einen verworfenen mit `rejected`, so dass der Interpreter sie als Stimulus liest (12.5); dafuer nennt `Program::tune` den Tick (ABI 3). Tests: examples/rust-host/tests/frame.rs::tunables_reach_the_program_through_the_loop; crates/takt-rt-baremetal/src/console.rs::tests::the_console_assembles_lines_across_polls; crates/takt-conformance/tests/board_esp32c6.rs::a_tune_from_the_console_wakes_the_board; crates/takt-conformance/tests/board_stm32f401.rs::a_tune_from_the_console_wakes_the_board. Boardlaeufe 2026-10-06: C6 22 von 23 (die UART-Bruecke an COM5 fehlt), F401 18 von 18.",
FB-390,Testpruefung 2026-10-03 (plan/tests.csv GEN-026); crates/takt-frame/src/embed.rs (Huelle `Jobs`),Der Griff `Jobs` der Lieferform war `Copy + Send` ohne Lebensdauer,Seit Schritt 8 hielt `Jobs` den Arena-Zeiger ohne Lebensdauer und liess sich kopieren: Sicherer Code konnte ihn ueber die Arena hinaus halten oder zwei Job-Kontexte zugleich rechnen lassen — undefiniertes Verhalten in TCB-Code.,Bug,4.5; 12.11,"2026-10-03: `Jobs<'a>` haengt an der Arena, ist nicht kopierbar, `Program::jobs(&mut self)` gibt ihn einmal (`Option`), `takt_embed::Jobs::work(&mut self)`; Testhilfe und `examples/rust-host` bestehen. Ein compile_fail-Test fuer die Huelle fehlt noch (plan/tests.csv GEN-026).","Gefunden von der Testpruefung, nicht von einem Test.","compile_fail-Tests fuer die Huelle (Griff ueber die Arena hinaus, zweiter Griff).",M11 Schritt 8,hoch,behoben 2026-10-03,
FB-391,"Testpruefung 2026-10-03 (plan/tests.csv KON1-001, KON1-003, KON2-001 bis KON2-003); crates/takt-conformance/src/run.rs (`compare`)",`compare` besteht auf leeren und lueckenhaften Traces,"Ist eine Seite leer oder scheitert der Interpreter (Text „Trap: …“ ohne `t=`-Zeile), meldet `compare` nichts, und `horizon = None` blendet Faults, Alerts und Stroeme aus. Ausgaenge, die nur eine Seite schreibt, fallen heraus; nur differential.rs, ports.rs und die Board-Abnahme gleichen das mit `output_names` aus. `-0.0` und `0` gelten bei f32-Ausgaben als gleich. Verglichen werden nur `out`, `fault`, `alert`, `stream`, nicht `verdict`, `verify`, `measure`, `log`, `abort`, `property`, `end`. `the_mcu_trace_can_be_compared_with_the_interpreter` verspricht die Gegenprobe ohne Assert.",Umsetzungsluecke,9.4.4; 13.5; 13.8,"2026-10-03: `compare` meldet eine Seite ohne Beobachtbares (leer, abgebrochen, ohne `t=`) und jeden Ausgang, den nur eine Seite schreibt; `-0` gegen `0` ist ein anderes Bit. Neue Tests `an_empty_or_one_sided_trace_is_a_difference`, `the_sign_of_zero_counts`, die Gegenprobe in `the_mcu_trace_can_be_compared_with_the_interpreter`. Der strenge Vergleich fand FB-402. Offen: die Beobachtungszeilen (`verdict`, `verify`, `measure`, `log`, `abort`, `property`, `end`), die die Rahmen mit Nummern statt Namen schreiben — mit der gemeinsamen Normalform in Schritt 28.","Die gemeinsame Vergleichsfunktion ist nachgiebig, und jeder Aufrufer muesste das ausgleichen; die meisten tun es nicht. Mehrere Tests sind damit gruen, ohne etwas auszusagen.","Ein strenges `compare`: leere oder abgebrochene Seite, ungleiche Ausgabemengen und ungleicher letzter Tick sind Abweichungen, Fliesskomma ueber die Bits, Beobachtungszeilen verglichen; Negativ-Unit-Tests fuer jede dieser Regeln.",M11 Schritt 28,hoch,teilweise behoben 2026-10-03,
FB-392,"Testpruefung 2026-10-03 (plan/tests.csv GEN-001, KON1-008, KON2-040, INT-011, RT-031); viele Testdateien",Ohne Werkzeug bestehen rund hundert Tests still,"Ohne clang, llvm-tools, Solver, CLI-Binary, Board-Port oder `TAKT_HOST_CORPUS` kehren Tests mit `eprintln!` und `return` zurueck und zaehlen als bestanden; cargo verschluckt die Meldung. Ohne LLVM ist die ganze Abnahme gruen, ohne z3 alle elf Beweistests, der Wirtskorpus laeuft in `cargo test --workspace` nie.",Umsetzungsluecke,13.8,"2026-10-03: `takt-testkit` (neu) mit `require`: Ein fehlendes Werkzeug (clang, LLVM-Werkzeuge, Binutils, Solver, CLI) laesst den Test scheitern, es sei denn, `TAKT_ALLOW_MISSING` nennt es. Was es bewusst nur auf manchen Rechnern gibt — Boards, der Wirts-Korpus, die aarch64-Kette, x86-64 als Wirt —, steht als `#[ignore = ""…""]` im Ergebnis und verlangt sein Werkzeug, wenn man es mit `--ignored` startet. Pruefprogramme ohne den geprueften Fall (`an_enum_output_carries_its_name`, `every_abi_buffer_is_aligned`, die Formatfehler in `measured.rs`) sind Asserts. Die Workspace-Suite zeigt 52 Tests als `ignored`.","Ob die Abnahme gelaufen ist, zeigt das Ergebnis nicht.","Eine Schranke `TAKT_REQUIRE=clang,solver,cli,f401,c6`: Was sie nennt, muss da sein, sonst scheitert der Test; ohne sie zaehlt ein Zaehler die uebersprungenen Tests und meldet sie am Ende. Die Workspace-Suite dieses Rechners setzt die Schranke.",M11 Schritt 25,hoch,behoben 2026-10-03,
FB-393,"Testpruefung 2026-10-03 (plan/tests.csv SYN-025); crates/takt-mir/src/analysis/mod.rs, analysis/proof.rs",Der Schluessel einer bewiesenen Stelle ist mehrdeutig,"Eine Stelle der Beweisdatei ist nur (Versatz, Art). Zwei Pruefungen gleicher Art mit gleichem Anfang (`a + 1 + b`, `b[i][j]`) teilen den Schluessel, und `analyze` erlaesst beide; dazu gilt eine externe Stelle in jeder Datei mit Maschinen.",Bug,"3.4; 11.3; 13.3 (Pruefstellen-Klassifikation, Pruefung 65)",2026-10-03: `analysis/mod.rs` Zeilen 111 bis 127 gelesen; ein ausloesendes Programm ist nicht gebaut.,"Eine Pruefung, die niemand bewiesen hat, fehlt im erzeugten Code.","Der Schluessel nennt die Stelle eindeutig (Datei, Anfang, Ende, Art, laufende Nummer in der MIR); Test mit zwei gleichartigen Stellen gleichen Anfangs, von denen nur eine bewiesen ist. Umgesetzt 2026-10-08 (Schritt 26a): Eine Stelle ist Datei, Anfang, Ende und Art — in der Analyse (`prove::Key`, auch fuer die bewiesenen Intervalle, die bisher ineinanderliegende Ausdruecke vereinigten), im Bericht, im Beweiser und in der Beweisdatei (Fassung 2, `site <Anfang> <Ende> <Art> k=<n>`; Fassung 1 wird mit Hinweis abgelehnt). Eine Beweisdatei gilt nur fuer die Quelle, deren Hash sie traegt. Gefunden hat es der Beweiser: Die Validitaet von `x` und die Endlichkeit von `x - last` teilten eine Stelle. Tests: `crates/takt-prove/tests/with_solver.rs::a_site_is_its_start_its_end_and_its_kind`, `crates/takt-mir/src/analysis/proof.rs::tests::a_proof_of_the_first_edition_is_refused`.",M11 Schritt 26,hoch,behoben,
FB-394,Testpruefung 2026-10-03 (plan/tests.csv SEM1-066); crates/takt-sema/src/lower/decl.rs,Pruefung 46 erkennt doppelte Diskriminanten nicht,"`enum Mode layout u8: A = 1, B = 1` uebersetzt ohne Fehler; `decl.rs` prueft nur doppelte Variantennamen. Beim Dekodieren (kanonische Form, Draht) ist die Variante dann nicht eindeutig.",Bug,3.7; Pruefung 46,"2026-10-03: `G:/rust/tmp/prove-demo/disc.takt` mit `takt check` und `takt sim`. 2026-10-04: corpus-try/checks/SC-46/bad_duplicate_discriminant.takt (ausdruecklich und fortgezaehlt) und bad_discriminant_width.takt (KOR-021: `BOOT = 0x300` und die Fortsetzung hinter 255 in `layout u8`) vor der Korrektur ohne Meldung, danach gruen. Die Breite eines Konstantenfelds meldet die Typpruefung (SC-3, checks/SC-3/bad_nonconstant_bounds.takt); Tabelle 10 Zeile 46 und Anhang A sagen das jetzt.","Eine statische Pruefung, die die Inventur fuehrt, fehlt.",Die Pruefung umsetzen; `corpus-try/checks/SC-46` mit einem Fall doppelter Diskriminanten.,M11 Schritt 31,mittel,behoben 2026-10-04,
FB-395,Testpruefung 2026-10-03 (plan/tests.csv GEN-042); crates/takt-cli/src/main.rs (`test`),"`takt test` endet mit Erfolg, wenn ein Szenario kein Urteil erreicht","`ok &= verdict != Fail`: Ein Szenario, das `INCONCLUSIVE` endet, ergibt Exit-Code 0. 13.5 sagt, ein Lauf ohne Aussage gelte nie als bestanden.",Bug,13.5,"2026-10-03: `G:/rust/tmp/prove-demo/incon.takt`: „never_decides: INCONCLUSIVE nach 20 Ticks“, Exit 0. 2026-10-04: `an_inconclusive_scenario_fails_the_run` (takt-cli/tests/test_cmd.rs) vor der Korrektur rot, danach gruen; `takt test` meldet `FAIL: N Szenarien ohne Aussage`.","Eine CI, die `takt test` ruft, haelt ein Szenario fuer bestanden, das nie entschieden hat.","Exit-Code ungleich null fuer `INCONCLUSIVE`, wie fuer `FAIL`, mit eigener Meldung; Tests fuer beide ueber die CLI.",M11 Schritt 31,mittel,behoben 2026-10-04,
FB-396,"Testpruefung 2026-10-03 (plan/tests.csv SYN-001, SYN-009); crates/takt-syntax/src/lexer.rs (`duration_ns`), parser",Lexer und Parser stuerzen auf pathologische Eingaben ab,"`1e-2147483648 s` negiert in `duration_ns` ein `i32::MIN`: im Debug-Build eine Panik (`lexer.rs:521`, „attempt to negate with overflow“), im Release-Build still 1 s. `parse_unary` und `parse_not_expr` zaehlen keine Tiefe, die Grenze 64 aus 2.1 ist umgehbar; Binaerketten bauen beliebig tiefe Baeume.",Bug,2.1; 3.3,"2026-10-03: `G:/rust/tmp/prove-demo/lex.takt` mit dem Debug-`takt.exe`: Panik. 2026-10-04: crates/takt-syntax/tests/pathological.rs (sieben Faelle: Klammern, `not`, Vorzeichen, Ketten von Operatoren, Membern und Indizes, Exponenten am Rand von i32) vor der Korrektur fuenfmal rot, danach gruen; `duration_ns` rechnet geprueft, jede Ebene des Baums zaehlt gegen MAX_DEPTH (`chain`, `deeper`, Postfix).",Das Werkzeug einer absturzfreien Sprache stuerzt auf eine Eingabe ab; im Release rechnet es still falsch.,"Exponent mit Ueberlaufpruefung und Diagnose; Tiefe in jeder rekursiven Produktion; ein Pathologietest ueber alle Stufen (Tiefe, Laenge, Grenzen der Zahlen).",M11 Schritt 31,mittel,behoben 2026-10-04,
FB-397,"Testpruefung 2026-10-03 (plan/tests.csv INT-020); crates/takt-frame/src/edge.rs, crates/takt-native-abi","Das C-Layout der Randstrukturen steht von Hand, ohne Abgleich mit Rust","`Gate`, `Track`, `Device`, `Delivery`, `Event`, `Window`, `Bounds` sind in takt-native-abi `repr(C)` und im Rahmen als C-Text von Hand geschrieben; kein Test gleicht Groesse und Versaetze ab, kein `_Static_assert`. takt-native-abi hat keine Tests und liegt ausserhalb des Workspace.",Umsetzungsluecke,4.5; 12.6; 13.4,"2026-10-03: `edge.rs` Zeilen 70 bis 84 und die Rust-Strukturen gelesen. 2026-10-04 (Schritt 25d): `shared_with_c!` in takt-hal erzeugt Rust-Struktur und C-Deklaration aus einer Feldliste, der Rahmen setzt je Feld `_Static_assert` aus `offset_of!`; `Bounds` liegt jetzt in takt-hal. Eine verfaelschte Typabbildung (`u32` als `unsigned short`) liess den Rahmen nicht mehr uebersetzen; `takt build --emit embed` fuer thumbv7em und riscv32 bestaetigt die 43 Zusicherungen auf beiden Zielen. `takt-frame/tests/edge_abi.rs` haelt die fuenf Prototypen gegen die `extern ""C""`-Signaturen.",Eine Feldaenderung auf einer Seite korrumpiert still Speicher in TCB-Code.,"Das C-Layout aus einer Quelle erzeugen (aus den Rust-Strukturen) mit `_Static_assert` je Versatz; Tests der Puffervertraege in takt-native-abi, im `embedded.sh`-Lauf.",M11 Schritt 25,hoch,"behoben 2026-10-05 (Fehler behoben): `crates/takt-native-abi/tests/buffers.rs (6 Tests`, `siehe INT-034)`; Rest des Befunds: takt-native-abi hatte keinen Test, jetzt tests/buffers.rs mit den Puffervertraegen (Nullzeiger, n<0, n=0, Hoechstlaengen, Sha256Ctx-Rundreise, map mit cap, takt_edge_settle mit vollem Ereignisfeld), cargo test --features ecdsa,rsa,aes-gcm im embedded.sh-Lauf (ohne host: dessen Panic-Handler kollidiert mit std).",
FB-398,Testpruefung 2026-10-03; plan/tests.csv,Testpruefung: 419 Befunde in plan/tests.csv,"Neun Pruefer haben jeden Test der Crates, den Korpus und die Pruefprogramme gelesen und je Befund eine Zeile in plan/tests.csv geschrieben (Bereich, Datei, Test, Referenzstelle, Art, fehlendes Szenario, Schwere, Vorschlag). Durchgehende Muster: Negativfaelle meist nur einer je Regel, Grenzwerte knapp daneben fehlen, Tests bestehen leer (nachgiebiges `compare`, stilles Ueberspringen, Teilstrings ohne Wert), Texttests statt Verhalten, Handlisten. Die einzelnen Fehler, die dabei auffielen, stehen in FB-386 bis FB-397 und FB-399 bis FB-401.",Sammel,13.8,"2026-10-03: Berichte der Pruefer gelesen, Fehlerverdachte nachgeprueft (FB-386, FB-388, FB-389, FB-394 bis FB-396 mit Lauf oder Code).","Die Gutfaelle sind sorgfaeltig geprueft, die Raender nicht; mehrere Tests sagen nichts aus.",Die Mechanismen aus plan/m11.md 2.13 (Schritte 25 bis 30) und die dort ergaenzten; jede Zeile von plan/tests.csv nennt in `Bezug` den Mechanismus oder die FB-Zeile.,M11 Schritte 25 bis 30,hoch,offen,
FB-399,"Testpruefung 2026-10-03 (plan/tests.csv KOR-019, KOR-020, KOR-022, SEM1-059); crates/takt-sema/src (Pruefungen 8, 10, 11, 64)",Mehrere statische Pruefungen der Tabelle 10 melden ihre Faelle nicht,"Pruefung 10: `when false:` (tote Transition) uebersetzt ohne Meldung. Pruefung 11: zwei Aufrufe `c.step()` derselben Instanz hintereinander im selben `loop:` uebersetzen ohne Meldung; erkannt wird nur `step` in Schleifen. Pruefung 64: Die Warnung fuer eine `driver machine` ohne `port` fehlt. Pruefung 8: Teilregeln ohne ausloesenden Fall (doppelte Zustandsnamen, Nutzercode in `state FAULTED`, `var` im Aktionsblock, Kindzustaende ohne `initial`); ob sie gemeldet werden, ist nicht geprueft. Pruefung 4: Der Code SC-4 wird nie gemeldet.",Umsetzungsluecke,"Tabelle 10 (Pruefungen 4, 8, 10, 11, 64); 5.3; 5.7","2026-10-03: Proben der Pruefer fuer 10, 11 und 64; 8 und 4 aus Code und Korpus. 2026-10-03: Die Pruefung 4 steht in tests/checks.rs als ausdrueckliche Luecke (`SILENT`), die scheitert, sobald SC-4 gemeldet wird. 2026-10-04: je Teilregel eine Datei in corpus-try/checks, vor der Korrektur ohne die erwartete Meldung, danach gruen. SC-10: `bad_dead_transition` (konstant falsche Guards, auch ueber `const`, nicht ueber `param`; eine tote Transition zaehlt nicht fuer die Erreichbarkeit). SC-11: `bad_step_twice` (hintereinander, nach einem Zweig, in der Schleife; je Zweig einmal ist erlaubt). SC-64: `bad_driver_without_port` (Warnung; Tabelle 10 Zeile 64 nennt jetzt F / W). SC-8: doppelter Zustand, Kinder ohne `initial`, Nutzercode in `state FAULTED`, `var`, `alert` und `abort` im Aktionsblock, `initial` nicht oben bzw. kein Kind, Sequenz mit Kindern, Funktion schreibt Output, unbekanntes Signal, `break` ausserhalb `for`, `->` in einer Funktion. SC-4: Ranges, Division, Ueberlauf, Array-Index und Endlichkeit melden SC-4, Schiebebetrag, `as`, `vec`-Index und Slice SC-24 (`walk::code`); `SILENT` ist leer. Dass Pruefung 11 nur je Block zaehlt, steht in FB-423.","Die Inventur fuehrt alle als `fertig`; ein Block, der zweimal je Tick schreitet, bricht Satz 9.4.1.","Je Teilregel eine Datei in `corpus-try/checks`, die die Diagnose ausloesen muss; die fehlenden Pruefungen umsetzen; der Diagnosekatalog aus Schritt 25 haelt danach jede Meldestelle fest.",M11 Schritt 31,hoch,behoben 2026-10-04,
FB-400,"Testpruefung 2026-10-03 (plan/tests.csv KOR-007, KOR-008, KOR-028, KOR-036); plan/features.csv",Die Inventur fuehrt Nicht-Umgesetztes als `fertig`,"Eine Stichprobe von 76 Zeilen `fertig` ergab 25 ohne oder mit nur teilweisem Beleg. Nicht umgesetzt: die Rahmungen `cobs`, `length_prefixed`, `fixed` (`framing` wird geparst und gesenkt, aber kein Bestandteil liest es), `import` (die Sema lehnt Module mit SC-2 ab), die Pruefungen aus FB-394 und FB-399, Tunables nativ (FB-389). Nie ausgefuehrt: `pulse`, `cancel`; nur im Interpreter, nie im Codegen: `cross_check`, `hold_last`, `window_min`, `pulse_counter`, `stopwatch`, `reader`, `writer`. Pruefung 65 hat keine Zeile. Die Spalte „Blockiert durch“ ist in 806 von 929 `fertig`-Zeilen leer, also ohne Beleg.",Umsetzungsluecke,11.1; Tabelle 10; 8.6; 8.4,"2026-10-03: Stichprobe des Pruefers; die nicht umgesetzten Zeilen sind am selben Tag auf `teilweise` gesetzt, die ungetesteten bleiben bis zum Belegtest aus Schritt 25. 2026-10-04 (Schritt 25b): Jede der 922 Zeilen `fertig` geprueft, 642 durch acht Pruefer mit Beleg je Test, die uebrigen aus Korpus und Pruefverzeichnissen abgeleitet; 183 Zeilen stehen jetzt auf `teilweise` mit Grund, acht fehlende Absaetze haben Zeilen. Neue Luecken stehen in FB-410 bis FB-422.","Erweitert FB-383: Die Inventur sagte fertig, wo Code fehlt.","Schritt 25: `fertig` verlangt einen Beleg (Test oder uebersetzbare Korpusdatei, die es gibt); Konstruktzeilen gegen die AST-Abdeckung der Programme, die die Sema bestehen.",M11 Schritt 25,mittel,behoben 2026-10-04: die Inventur fuehrt nichts mehr ohne Beleg als `fertig`; die Umsetzungsluecken selbst stehen in ihren Befunden,
FB-401,"Testpruefung 2026-10-03 (plan/tests.csv KOR-035, SEM1); plan/definition.md 3.8, 14.6, 14.8, Tabelle 10; corpus-try/ref, corpus-try/sim","Beispiele der Referenz uebersetzen nicht, und die Referenz widerspricht sich","14.6 Zeile 76 vergleicht `i_dut.max() < 10 mA` bei `float[A]` (SC-3, verschiedene Einheiten, gegen 3.2); 14.8 ruft `sha256_init`, `sha256_final`, `ecdsa_p256_verify` ohne `native`-Deklaration (achtmal SC-2). Die Kopien in `corpus-try/sim` sind still repariert und weichen auch sonst ab. Tabelle 10 nennt Pruefung 45 einen Fehler, 3.8 eine Warnung. `corpus-try/ref/12_7_02.takt` stammt aus einem Block, den es in der Referenz nicht mehr gibt.",Widerspruch,3.2; 3.8; 14.6; 14.8; Tabelle 10,2026-10-03: `takt check` der Pruefer auf den Beispielen.,Die Referenz gewinnt gegen jede andere Quelle; ihre Beispiele muessen darum selbst uebersetzen.,"Referenz korrigieren; die vollstaendigen Programme der Referenz als Korpus, direkt aus definition.md gelesen, mit Fehlerfreiheit als Test (FB-382).",M11 Schritt 31,mittel,"behoben 2026-10-05 (Test ergaenzt): `crates/takt-sema/tests/reference_programs.rs::every_complete_program_of_the_reference_compiles`, `crates/takt-sema/tests/corpus.rs::the_simulated_examples_contain_their_reference`; jeder Block der Referenz, der mit system: beginnt (14.1, 14.2, 14.6, 14.7, 14.8), uebersetzt fehlerfrei, keine Ausnahme noetig, also nichts FREMD an den Koordinator. ref/ neu extrahiert (grammar/extract_snippets.py: 3.7 hat einen neuen Block AdcSample, 13.5/14.6 mit (10 mA).to(A), 14.8 mit native-Deklarationen), 12_7_02.takt geloescht (12.7 hat nur noch einen Block). sim/14_8 an die Referenz angeglichen (parse_header einzeilig, img = hdr, var digest ohne Typ, keys/confirmed ohne max_age = 1 s), Golden-Traces unveraendert, sim/14_6 i_dut 4 statt 100 Samples mit Grund kommentiert und kanonisc...",
FB-402,"Strenges `compare` (FB-391), 2026-10-03; crates/takt-conformance/src/harness.rs (`record_dump`, `field_text`), tests/examples.rs",Der Wirtsrahmen schreibt keinen Record-Ausgang mit `bytes`-Feld,"`field_text` kennt Skalare, Enums ohne Felder und Records daraus; ein Feld vom Typ `bytes<N>` gibt `None`, und der ganze Ausgang faellt aus dem Trace des Wirtsrahmens. Beispiel 14.8 hat `keys_sim : BootKeys` mit `pubkey : bytes<64>`; der Interpreter schreibt `BootKeys([], 0)`, der Wirtsrahmen nichts. Der alte Vergleich ueberging Ausgaenge, die nur eine Seite schreibt, und `examples.rs` pruefte fehlende Ausgaenge nicht.",Umsetzungsluecke,9.3; 13.8,2026-10-03: `the_reference_examples_agree_on_both_paths` mit dem strengen Vergleich.,"Ein Ausgang des Beispiels lief nie durch den Vergleich; der Wirtsrahmen weicht in Schritt 9 dem Produktrahmen, darum keine Reparatur mehr am alten Rahmen.","Als ausdrueckliche Luecke in `examples.rs` (`GAPS`, scheitert, sobald sie sich schliesst); TODO(M11 Schritt 9): mit dem Produktrahmen, der Records ueber seine Tabelle schreibt.",M11 Schritt 9,mittel,offen,
FB-403,"Faehigkeitsmatrix 2026-10-03 (crates/takt-conformance/tests/capabilities.rs); crates/takt-prove/src/encode.rs (`ForRange`), crates/takt-conformance/tests/programs/watchdog.takt",`takt prove` stuerzt beim Ausrollen grosser Schleifen mit Stapelueberlauf ab,"Der Kodierer rollt `for i in range(n)` ohne Grenze aus; jeder Durchlauf vertieft die Terme der Variablen, die er schreibt, und Terme werden rekursiv gebaut und abgebaut. `watchdog.takt` (1000 × 3000 Durchlaeufe) bringt `takt prove` und `takt_prove::encode` zum Stapelueberlauf, auch mit 64 MB Stack; schon 64 × 64 Durchlaeufe sprengen den Stack eines Tests. Kein Test des Beweisers hatte eine grosse Schleife",Fehler,0; 13.3,"2026-10-03: `takt prove crates/takt-conformance/tests/programs/watchdog.takt` endet mit `thread 'main' has overflowed its stack`; `a_loop_beyond_the_unroll_limit_is_out_of_reach` (tests/with_solver.rs) vor der Korrektur rot, danach gruen; der Wahrheitstest der Matrix laeuft ueber alle 238 Korpusprogramme.","Ein Werkzeug der absturzfreien Sprache stuerzt auf einem gueltigen Programm ab. Gefunden hat es erst der Test, der jede Komponente auf jedes Korpusprogramm loslaesst.","Umgesetzt: `UNROLL_LIMIT` (256 Durchlaeufe je Pfad: Start einer Maschine, Tick aus einem Blatt); darueber ist das Programm ausser Reichweite mit Grund, in der Tabelle des Beweisers `for` als `teilweise`. Spaeter (Schritt 27): Schleifen ohne Ausrollen kodieren, Terme ohne Rekursion abbauen.",M11 Schritt 31,hoch,behoben 2026-10-03,
FB-404,"Faehigkeitsmatrix 2026-10-03; crates/takt-mir/src/expr.rs (`Accessor::ALL`), crates/takt-mir/src/sample.rs, crates/takt-mir/tests/roundtrip.rs, plan/definition.md 2.5","Listen aller Varianten von Hand: `peek` und `sent` fehlten, dem Beispielprogramm 85 Konstruktionen","`Accessor::ALL` (""fuer Paritaetstests gegen 2.5"") fuehrte `peek` und `sent` nicht, und die Liste der reservierten Membernamen in 2.5 auch nicht, obwohl 8.6 und 8.8 beide definieren. Das Beispielprogramm ""mit jeder Knotenart"" fuer den Format-Roundtrip liess 85 der 275 Konstruktionen aus, darunter die Ausdruecke `Format`, `JobState`, `Stream`, `Armed`, `PortRead`, die Ziele Port, Feld und Index, 13 binaere Operatoren, 22 Primitive und 34 Zugriffe; sein Test suchte Namen als Teilstring im Debug-Text (`Index` traf `Index2`, `Field` traf `fields`)",Testluecke,2.5; 8.6; 8.8,2026-10-03: `census(&full_program())` gegen `census::all()`; der Paritaetstest gegen 2.5 scheiterte nach der Korrektur an `peek`.,"Eine Liste, die jemand nachfuehren muss, veraltet still; der Roundtrip pruefte das Format fuer keinen dieser Knoten.","Umgesetzt: `with_all!` erzeugt `ALL` aus der Deklaration (Operatoren, Primitive, Umwandlungen, Matrixoperationen, Zeitoperatoren, eingebaute Groessen, Musterarten), `AccessorTag` aus einer erschoepfenden Abbildung; das Beispielprogramm baut die Operationen ueber diese Listen; `sample_covers_every_node_kind` prueft ueber den Census; 2.5 nennt `peek` und `sent`.",M11 Schritt 25,mittel,behoben 2026-10-03,
FB-405,"Faehigkeitsmatrix 2026-10-03; crates/takt-mir/src/visit.rs (`for_each_expr_machine`), crates/takt-sema/src/checks.rs (`read_channels`, `check_unused`, `check_unbound`, Pruefung der Lesereihenfolge)",Der Durchlauf ueber eine Maschine liest die Bedingung eines Handlers nicht,"`for_each_expr_machine` ging durch Handler-Ruempfe, aber nicht durch `on … when <Bedingung>` und nicht durch die Felder eines Record-Musters. Liest eine Maschine einen Input nur dort, meldet SC-15 ""Input wird nie gelesen""; im Hardware-Build entgeht Pruefung 13 ein dort gelesener Channel ohne Bindung, und die Pruefung der Lesereihenfolge (7.2) sieht dort gelesene `pub var` nicht (die letzten beiden nicht einzeln vorgefuehrt)",Fehler,"7.2; 8.1; 8.7; Tabelle 10 (Pruefungen 13, 15)","2026-10-03: `corpus-try/checks/SC-15/ok_read_in_handler_guard.takt` vor der Korrektur mit SC-15 in Zeile 8, danach ohne.","Derselbe Durchlauf speist Sema, Census und Analysen; eine Stelle, die er nicht kennt, fehlt allen zugleich.","Umgesetzt: Handler-Bedingungen, Musterfelder in Handlern und Guards und Parameter-Defaults im Durchlauf; `Machine`, `State` und `Handler` ohne `..` zerlegt, ein neues Feld uebersetzt erst, wenn der Durchlauf es kennt.",M11 Schritt 25,hoch,behoben 2026-10-03,
FB-406,"Faehigkeitsmatrix 2026-10-03 (`plan/capabilities.csv`, Spalte Korpus; `UNUSED` in crates/takt-conformance/tests/capabilities.rs)","MIR-Knoten, die die Sema nie erzeugt, und Konstruktionen ohne Korpusprogramm","Die Sema erzeugt neun Knoten nie: die Zugriffe `seq`, `text`, `data` (die Bindung eines Musters ist ein Record, 2.5), `done`, `result` (dafuer `JobState`), `armed` (dafuer `Armed`), `time_warped` (Stufenmeldung v1.1), `remaining` (v1.1) und den Typ `Handle(Trigger)`; Interpreter und Codegen behandeln sie trotzdem. 24 weitere Konstruktionen benutzt kein Programm des Korpus, darunter `~`, `time_in_state`, `ceil`, `rotl`, `rotr`, vier Wrapping- und Saettigungsprimitive, elf Zugriffe (`age`, `t`, `jitter`, `starts_with`, `contains`, …), `skip`, Handler auf Maschinenebene und Knoten; ob Codegen und Beweiser sie tragen, prueft fuer sie nur die Tabelle",Testluecke,13.8,2026-10-03: `grep` der Sema nach jeder Variante; Census ueber 238 Korpusprogramme.,"Tote Knoten kosten jede Komponente eine Behandlung, die nie laeuft; Konstruktionen ohne Programm sind die Stellen, an denen der Wahrheitstest blind ist.","Je ungenutzter Konstruktion ein Korpusprogramm (die Liste `UNUSED` schrumpft nur, der Test verlangt das Streichen); die nie erzeugten Knoten entweder mit ihrer Stufe erzeugen oder aus der MIR streichen.",M11 Schritt 25,mittel,offen,
FB-407,"Strenge Pruefverzeichnisse 2026-10-03 (crates/takt-sema/tests/checks.rs); corpus-try/checks/SC-3, SC-7, SC-35, SC-53, SC-57",Eine abgelehnte Deklaration zieht Folgefehler nach sich,"Lehnt die Sema eine Deklaration ab, traegt sie den Namen nicht ein, und jede Verwendung meldet zusaetzlich `ist nicht definiert` (SC-2): ein Output ohne `safe` (SC-3), ein zu langes Byteliteral (SC-3), eine Kapazitaet aus einem Tunable (SC-35), ein `float`-Schluessel einer `map` (SC-57), eine doppelt gebundene Adresse (SC-7); eine Instanz, die sich selbst scopet (SC-53), meldet dazu `schon definiert` und zweimal `nicht definiert`. Sechs `bad_`-Dateien scheitern so an mehr als ihrer Pruefung",Umsetzungsluecke,10 (Fehlermeldungen nennen Ursache und Vorschlag),"2026-10-03: `takt check` je Datei; der strenge Test verlangt jeden Fehler angemerkt, die Folgefehler stehen darum als `#~ SC-2` mit Verweis auf FB-407 in den Dateien. 2026-10-04: Eine abgelehnte Deklaration (Kanal, Maschinen- oder Zustandsvariable, `var`-Anweisung) traegt ihren Namen als `Entity::Rejected` ein, `lookup` und `peek` schweigen dazu; eine Selbst-Scopung (Pruefung 53) haelt ihre Maschinen fest, deren gescopte Instanzen nicht gesenkt werden. Die sieben Dateien in corpus-try/checks verloren ihre Anmerkungen `#~ SC-2` und scheitern jetzt, wenn ein Echo zurueckkehrt. `ist schon definiert` hat einen eigenen Fall (checks/SC-2/bad_duplicate_name.takt), den bisher nur die Kaskade lieferte.","Ein Folgefehler zeigt auf eine Stelle, an der nichts falsch ist, und verdeckt in langen Programmen die Ursache.","Eine abgelehnte Deklaration traegt den Namen trotzdem ein, mit einem Typ, der keine weiteren Meldungen ausloest (vergifteter Eintrag); die Anmerkungen `#~ SC-2` scheitern dann und fallen weg.",M11 Schritt 31,mittel,"behoben 2026-10-05 (Fehler behoben): `crates/takt-sema/tests/argument_errors.rs::a_named_variant_field_of_the_wrong_type_is_one_error`, `crates/takt-sema/tests/argument_errors.rs::a_function_argument_of_the_wrong_type_is_one_error`, `crates/takt-sema/tests/argument_errors.rs::a_missing_argument_is_still_reported`; Nachauftrag aus sema_b: `READ(addr = BASE, size = 16)` mit int-Konstante meldete die Typmeldung und dazu `Argument addr fehlt`, ebenso `twice(x = BASE)` und `twice(BASE)`. args() fuehrt jetzt neben den Slots, welche Argumente angegeben sind: Ein angegebenes, aber gescheitertes Argument fehlt nicht noch einmal, ein zweites gilt als doppelt. Genau eine Meldung, die Typmeldung `erwartet u32, gefunden int` bleibt, ein wirklich fehlendes Argument (`READ(addr = 0)`) meldet weiter `Argument size fehlt`",
FB-408,"Strenge Pruefverzeichnisse 2026-10-03; corpus-try/checks/SC-18/bad_reserved_capture.takt, SC-50/bad_names.takt, SC-50/bad_reserved.takt",Derselbe Fehler unter zwei Codes,"Ein reservierter Capture-Name (`{t:int}`) meldet SC-18 (`reserviert`) und SC-50 (`verboten`) an derselben Stelle; ein reserviertes Wort als Name (`region`) meldet SC-50 und dazu einen Parserfehler `P` an derselben Position, zweimal im selben Programm",Umsetzungsluecke,"2.5; Tabelle 10 (Pruefungen 18, 50)","2026-10-03: `takt check` je Datei; die Doppelmeldungen stehen mit Verweis auf FB-408 als Anmerkung in den Dateien. 2026-10-04: Ein reservierter Capture-Name meldet nur Pruefung 50 (Tabelle 10 Zeile 50: reservierte Membernamen); der Parser nimmt ein reserviertes Wort, das der Tokenizer gemeldet hat, als Namen, und `lookup` schweigt dazu. SC-50/bad_names, bad_reserved und corpus-try/n03_reserved_names.takt verloren ihre zweiten Anmerkungen; SC-18/bad_reserved_capture.takt entfaellt (der Fall steht in SC-50/bad_names).","Eine Ursache, zwei Meldungen: Wer zaehlt, zaehlt falsch, und welche Pruefung zustaendig ist, bleibt offen.","Je Regel eine zustaendige Pruefung (Capture-Namen: 18 oder 50, nach Tabelle 10); der Parser meldet ein reserviertes Wort nicht, wenn der Tokenizer es schon gemeldet hat.",M11 Schritt 31,niedrig,behoben 2026-10-04,
FB-409,"Schwere gegen Tabelle 10, 2026-10-03 (crates/takt-sema/tests/diagnostics.rs); plan/definition.md 2.5, 3.8, 8.3, Tabelle 10, Anhang A (Festlegung 6); crates/takt-cli/src/main.rs",Tabelle 10 widersprach ihren Abschnitten; `takt test` hebt Pruefung 13 nicht zum Fehler,"161 Meldungen des Korpus hatten nicht die Schwere der Tabelle 10, in drei Klassen: Pruefung 13 (ein `hw`-Input ohne `sim`-Quelle, 102 Meldungen) stand als F, 8.3 sprach vom Compile-Fehler, Festlegung 6 aber und die Sema warnen in `takt sim`, weil ein Stimulus den Input treiben darf; Pruefung 45 (unbewachte Nutzung von `T!E`, 20) stand als F, 3.8 verlangt impliziten Check mit Warnung; Pruefung 49 nannte nur die fehlende Edition, die unbekannte meldet die Sema als Fehler, und 2.5 schwieg dazu. Die zweite Haelfte von Festlegung 6, ""ab `takt test` ein Fehler"", setzt kein Code um: `takt-cli` kennt Pruefung 13 nicht",Widerspruch,"2.5; 3.8; 8.3; Tabelle 10 (Pruefungen 13, 45, 49); Anhang A Festlegung 6","2026-10-03: `every_check_reports_with_the_severity_of_table_10` ueber alle Programme unter corpus-try und crates, im Sim- und HW-Build; nach dem Angleichen gruen. `grep` nach SC-13 in crates/takt-cli/src ohne Treffer. 2026-10-04: `Policy::tested` hebt SC-13 unter `takt test` zum Fehler; `an_unsimulated_input_is_an_error_under_test_and_a_warning_under_sim` vor der Korrektur rot, danach gruen.","Die Tabelle ist die Uebersicht, die Abschnitte und Festlegungen regeln; die Zeilen waren beim Festlegen nicht nachgezogen worden. Kein Test hielt die Schwere fest.","Umgesetzt: Die Zeilen 13, 45 und 49 nennen beide Schweren mit ihrem Fall, 8.3 und 2.5 sagen dasselbe, Anhang A haelt es fest; der Test haelt jede Meldung gegen die Tabelle. Offen: `takt test` hebt eine Warnung 13 zum Fehler (Festlegung 6).",M11 Schritt 31,mittel,behoben 2026-10-04,
FB-410,"Inventur 2026-10-04 (Beleg je Zeile, PAR-12.10 Zugriffsarten am Bitfeld); crates/takt-conformance/tests/ports.rs (`field_write`, `three_writes`), crates/takt-sema (Pruefung 46)",Ein `w1c`-Bit wird beim Schreiben eines Nachbarfelds oder des ganzen Records geloescht,"3.7 verlangt: Ein Traeger mit einem `w1c`- oder `w0c`-Feld wird nie per Lese-Modifiziere-Schreibe und nie als Ganzes geschrieben, damit ein ungesehenes Ereignis nicht geloescht werden kann. Zwei Wege tun es doch: (1) `reg.flags.a = false` auf ein `rw`-Feld neben dem `w1c`-Feld `b` liest 0x83 und schreibt 0x82 zurueck — das gesetzte `w1c`-Bit geht als 1 hinaus und loescht das Ereignis; `a_plain_field_under_a_port_goes_through_the_whole_record` haelt genau diesen Wert als erwartet fest, nativ wie im Interpreter. (2) `reg = Ctrl(flags = 1)` schreibt den ganzen Port-Record samt Traeger ohne Diagnose; abgewiesen wird nur `reg.flags = x` (Pruefung 46)",Fehler,3.7 (Zugriffsarten); 12.10; Tabelle 10 (Pruefung 46),"2026-10-04: crates/takt-conformance/tests/ports.rs gelesen (`field_write` erwartet `out got 130` = 0x82 nach 0x83; `three_writes` schreibt `reg = Ctrl(flags = …)`), plan/definition.md 3.7 Zeile 672. 2026-10-04: ports.rs::a_plain_field_under_a_port_goes_through_the_whole_record erwartet jetzt 0x80 und war vorher rot (0x82), nativ wie im Interpreter; checks/SC-46/bad_whole_port_record.takt vorher ohne Meldung. Die Senkung steht in der Sema (`neutral_clear_bits`), gilt also fuer beide Ausfuehrer; `three_writes` schreibt jetzt ein Register ohne `w1c`.","Auf echter Hardware geht so ein Interrupt- oder Fehlerflag verloren, genau der Fall, den die Zugriffsarten ausschliessen sollen; der Test zementiert das Verhalten.","Das Senken eines Feldes in einem Traeger mit `w1c`/`w0c` maskiert diese Bits im geschriebenen Wert neutral (`w1c` als 0, `w0c` als 1), in Interpreter und Codegen gleich; das Schreiben eines Records, der einen solchen Traeger enthaelt, ist ein Fehler der Pruefung 46. Die Erwartung in `ports.rs` wird 0x80; ein Schlechtfall in corpus-try/checks/SC-46.",M11 Schritt 31,hoch,behoben 2026-10-04,
FB-411,"Inventur 2026-10-04 (Beleg je Zeile in plan/features.csv); crates/takt-sema/src/lower/machine.rs (`lower_machine`, Handler auf Maschinenebene)",Ein Handler auf Maschinenebene landet im Zustand mit dem Index der Maschine,"`lower_machine` legt einen `on`-Handler direkt unter `machine` in `machine.states[id.index()]` ab, wobei `id` die `MachineId` ist; `machine.handlers`, das Interpreter und Codegen lesen, bleibt leer. Der Handler wirkt so nur im Zustand, dessen Index zufaellig der Nummer der Maschine gleicht, und hat eine Maschine weniger Zustaende, als ihre Nummer angibt, stuerzt der Compiler mit einem Indexfehler ab. Kein Korpusprogramm, das uebersetzt, hat einen solchen Handler (Faehigkeitsmatrix: `Feature(MachineHandler)` ohne Programm)",Fehler,8.7; 0 (absturzfrei),"2026-10-04: am Code bestaetigt: `machine.rs` Zeilen 338 bis 341, `id: MachineId` in der Signatur von `lower_machine`. 2026-10-04: `a_machine_level_handler_listens_in_every_state` und `a_machine_level_handler_in_a_machine_with_one_state_compiles` (tests/handlers.rs) vor der Korrektur rot (falscher Zustand bzw. Indexfehler), danach gruen; corpus-try/106_machine_handler.takt im Vergleich gegen den Codegen gleich.","Ein Konstrukt der Referenz tut still das Falsche oder stuerzt ab; dass es niemand bemerkte, liegt an der Luecke, die FB-406 nennt.","`machine.handlers.push(handler)`; ein Korpusprogramm mit Handler auf Maschinenebene in einer Maschine mit mehreren Zustaenden und an zweiter Stelle im Programm, im Vergleich gegen den Codegen.",M11 Schritt 31,hoch,behoben 2026-10-04,
FB-412,"Inventur 2026-10-04 (Beleg je Zeile in plan/features.csv); crates/takt-llvm/src/stmt.rs (`StmtKind::Check`), crates/takt-interp (exec.rs, machine.rs)",Der Codegen uebergeht das eigene Fault-Ziel von `check … -> X`,"Der Interpreter fuehrt ein scheiterndes `check … -> X` nach `X`; der Codegen zerlegt `StmtKind::Check` mit `..` und springt immer auf den Fault-Pfad des Zustands. Interpreter und erzeugter Code weichen so still ab; kein verglichenes Programm benutzt die Form (nur `10_nuances.takt`, das nur parst)",Fehler,5.3; 6.3; Satz 9.4.4,"2026-10-04: am Code bestaetigt: `stmt.rs` Zeile 533 bindet `target` nicht. 2026-10-04: takt-conformance/tests/switches.rs (`a_check_with_its_own_target_goes_there_from_a_leaf`, `..._from_a_shared_level`) vor der Korrektur rot (Interpreter OTHER, nativ SAFE), danach gruen. Der Codegen fuehrt den Fault ueber `FaultFrom::Redirected(blatt, ziel)` durch die gewohnten Fault-Pfade; auf einer geteilten Ebene entscheidet das Blatt zur Laufzeit wie bei `->`. `StmtKind::Check` wird ohne `..` zerlegt.","Die Spezifikation ist der Interpreter (9.4.4); der Codegen ist hier falsch. Die Zerlegung mit `..` verbirgt das Feld, wie FB-377 es fuer Varianten beschreibt.",Ziel im Codegen auswerten; `StmtKind::Check` ohne `..` zerlegen; ein Korpusprogramm mit eigenem Ziel im Vergleich.,M11 Schritt 31,hoch,behoben 2026-10-04,
FB-413,"Inventur 2026-10-04 (Beleg je Zeile in plan/features.csv); crates/takt-interp/src, crates/takt-llvm/src, crates/takt-frame/src (kein Leser von `len_field`)",`with len = feld` hat keinen Leser,"Ein Feld `bytes<N> with len = n` wird geparst, gesenkt und von Pruefung 37 geprueft; weder Interpreter noch Codegen noch Rahmen lesen `len_field`. `decode` uebergeht das Laengenfeld und liefert nie `none`, wenn es die Schranke ueberschreitet (3.7)",Umsetzungsluecke,3.7,"2026-10-04: am Code bestaetigt: `grep len_field` in takt-interp, takt-llvm und takt-frame ohne Treffer. 2026-10-04: Mit der Lesart, die 3.7 jetzt nennt (das Feld ist im Draht so lang wie sein Laengenfeld, die folgenden Felder ruecken nach, `encode` setzt das Laengenfeld): tests/wire.rs::a_length_prefixed_field_is_as_long_as_its_length_field_says und takt-conformance/tests/wire_codec.rs (ein Feld; zwei Felder mit `big` und `align = 4`) vor der Korrektur rot (Interpreter und Codegen gleich falsch: feste Breite, `none` beim kurzen Puffer, n nicht gesetzt), danach gruen und gleich. Pruefung 37 neu: nur an `bytes<N>`, Laengenfeld fasst 0..N, kein `offset` dahinter, kein solcher Record in einem anderen (vier Dateien in checks/SC-37).","Ein Drahtformat mit Laengenfeld wird falsch dekodiert, ohne dass etwas meldet.","Laengenfeld in `decode`/`encode` beider Ausfuehrer; Test mit Laenge an, ueber und unter der Schranke.",M11 Schritt 31,mittel,behoben 2026-10-04,
FB-414,"Inventur 2026-10-04 (Beleg je Zeile in plan/features.csv); crates/takt-frame/src/parts.rs (`param_literal`), crates/takt-interp (`Sim::new`)",Ein Parameterprofil wirkt im erzeugten Code womoeglich nicht,"Der Rahmen schreibt je Parameter den Vorgabewert (`param_literal`); ein Profil wendet nur der Interpreter an (`Sim::new`). Ob die Sema ein beim Uebersetzen gewaehltes Profil schon in die Vorgaben einsetzt, ist offen",Umsetzungsluecke,8.4,"2026-10-04: aus der Inventur, am Code noch nicht nachgeprueft: `param_literal` liest `p.params[i].default`.","Ist es so, laeuft ein Programm mit Profil nativ mit anderen Parametern als im Interpreter.",Pruefen; ein Vergleichstest mit Profil.,M11 Schritt 31,mittel,"behoben 2026-10-05: Das beim Bau gewaehlte Parameterprofil steht als Metadatum in der MIR (Config.params_profile); der Rahmen setzt seine Werte statt der Defaults, der Interpreter nimmt es ohne eigene Wahl, das Manifest nennt es, ein unbekanntes Profil ist SC-2. Tests: `crates/takt-cli/tests/hw_build_cmd.rs::the_chosen_profile_is_built_in_and_named`, `::an_unknown_profile_is_refused`, `crates/takt-sema/tests/builds.rs::the_built_profile_is_the_default_of_a_run`",
FB-415,Inventur 2026-10-04 (Beleg je Zeile in plan/features.csv); crates/takt-rt-linux/src/clock.rs (`wall_clock_ns`),`sys/clock` hat keine Quelle,"Der Kanal `sys/clock` (7.4) wird nur typgeprueft; `wall_clock_ns` in takt-rt-linux wird nur re-exportiert und nirgends gerufen, kein Rahmen fuellt den Kanal",Umsetzungsluecke,7.4; 12.7,2026-10-04: am Code bestaetigt: `grep wall_clock_ns` findet nur Definition und Re-Export.,"Ein Programm, das die Wanduhr liest, bekommt auf dem Ziel nie einen Wert.","Den Kanal in den Rahmen der Profile fuehren, die eine Uhr haben; Test mit Stimulus und auf dem Wirt.",M11 Schritt 31,mittel,"behoben 2026-10-05 (Fehler behoben): `crates/takt-conformance/tests/host_board.rs::the_host_serves_the_wall_clock`, `von Hand: takt driver-test --crate crates/takt-driver-probe <Programm mit input wall : Duration @ hw(sys/clock)> --ticks 5 -> 0 Verstoesse`, `Abbild zeigt t=0 out known 1`, `since 1 (vorher Stummel: Bad)`; Weitergabe rt: ein Programm mit `input wall : Duration @ hw(""sys/clock"")` laeuft auf dem Wirt (Host::new, Verdrahtung des Bring-ups) und liest den Kanal in Tick 0 gueltig und mit einem Wert nach 18 500 Tagen. Ohne Vergleich mit dem Interpreter, der ohne Stimulus keine Uhr hat. sys/clock hatte auf dem Wirt keine Quelle (Stummel None). Neu takt_bringup_host::WallClock (Input<i64>, Nanosekunden seit der Unix-Epoche aus SystemTime, Good zur Tickgrenze, vor der Epoche nichts), verdrahtet als sys/clock in der Wirts-Verdrahtung, mit GEN-037 laeuft es als Sys-Eintrag (impl Sys for Rig), nicht als T...",
FB-416,"Inventur 2026-10-04 (Beleg je Zeile in plan/features.csv); crates/takt-sema/src/calibrated.rs, takt-frame, takt-rt-* (`config.tick_source`)",`tick_source` liest keine Laufzeit,"`system: tick_source = hw(""…"")` pruefen die Sema (Pruefung 32) und die Jitter-Rechnung (Pruefung 59); kein Rahmen und keine Laufzeit lesen `config.tick_source`, der Tick haengt nie an dem genannten Ereignis",Umsetzungsluecke,7.3; 12.1,2026-10-04: am Code bestaetigt: `grep .tick_source` ausserhalb von Tests: nur takt-sema.,Die Angabe verspricht einen Takt aus der Hardware und bleibt ohne Wirkung.,Im Rahmen der MCU-Profile an die Tick-Quelle binden oder die Angabe bis dahin mit Stufe ablehnen.,M11 Schritt 31,mittel,"entschieden 2026-10-04 (definition.md 7.1, Anhang A): der Port bindet die Tick-Quelle ueber Manifest und Verdrahtung, fehlende Abbildung ist ein Baufehler; Umsetzung mit den Ports in M11 Schritt 13/14, danach F401 mit Timer-Update als Tickquelle",
FB-417,"Inventur 2026-10-04 (Beleg je Zeile in plan/features.csv); crates/takt-interp (`output_timing()`), takt-frame, takt-rt-core",`output_timing = boundary` wirkt nicht,"Die Angabe liest nur die Latenzanalyse; `output_timing()` des Interpreters hat keinen Aufrufer, und weder Rahmen noch Laufzeit committen die Ausgaben erst an der naechsten Tickgrenze",Umsetzungsluecke,1.4; 7.3,"2026-10-04: am Code bestaetigt: `grep ""output_timing()""` findet keinen Aufruf.","Ein Programm mit `boundary` gibt zu einem anderen Zeitpunkt aus, als es erklaert.","Umsetzen in Interpreter, Rahmen und Laufzeit, oder mit Stufe ablehnen; Test der Ausgabezeitpunkte.",M11 Schritt 31,mittel,"behoben 2026-10-06: `Program::commit_at_boundary` im Kern; unter `boundary` haelt die Schleife den Latch bis zur naechsten Grenze — vor dem Abtasten des naechsten Ticks, im Schlaf an der ersten geschlafenen Grenze, und `service` nennt sie als Frist. Der Rahmen meldet die Angabe ueber `P_output_timing` (ABI 2), Huelle, `takt-mcu-program` und `Guarded` reichen sie durch; die Semantik (Trace) bleibt. Tests: `crates/takt-rt-core/tests/loop.rs::a_boundary_commit_waits_for_the_next_boundary`, `::a_waiting_loop_commits_a_held_latch_at_the_first_slept_boundary`, `crates/takt-cli/tests/embed_cmd.rs` (`valve_output_timing`, `valve_abi_2`), `examples/rust-host/tests/abi.rs`",
FB-418,Inventur 2026-10-04 (Beleg je Zeile in plan/features.csv); crates/takt-sema/tests/builds.rs,Plant-Modelle werden auch in den HW-Build gelinkt,"8.3 sagt, ein Plant-Modell werde im HW-Build nicht gelinkt; laut builds.rs tragen beide Builds alle Maschinen",Umsetzungsluecke,8.3,"2026-10-04: aus der Inventur, am Code noch nicht nachgeprueft: Kommentar in builds.rs.",Simulationscode laeuft auf dem Ziel mit und kostet Zeit und Speicher.,"Pruefen; Modelle im HW-Build weglassen, Test ueber die Maschinen beider Builds.",M11 Schritt 31,niedrig,"behoben 2026-10-05: Die MIR traegt den Build als Metadatum (Config.build, Formatversion 17); `Program::in_build` nimmt Plant-Modelle aus Laufmenge, Codegen, Arena und Rahmen des HW-Builds, der HW-Build hat fuer jeden `hw`-Eingang einen Treiber und keine sim-Bindung; Logik-Hash beider Builds gleich. Tests: `crates/takt-cli/tests/hw_build_cmd.rs::the_hardware_build_reads_the_sensor_and_links_no_model`, `crates/takt-sema/tests/builds.rs::the_plant_model_is_an_ordinary_machine`",
FB-419,Inventur 2026-10-04 (Beleg je Zeile in plan/features.csv); crates/takt-sema/src/checks.rs (`check_fault_forest`),Pruefung 9 folgt nur den Fault-Zielen der Zustaende,"Der Fault-Wald (5.3) umfasst auch die Kanten aus `check … -> X`; `check_fault_forest` folgt nur phi(s), und die Meldung nennt einen Zustand statt des Zyklus. Nachgeprueft 2026-10-04, mit zwei weiteren Luecken: Ein Fault-Ziel mit Kindern betritt sein `initial`-Kind, dessen Fault-Ziel zurueckfuehren kann (L -> T, Kind L2 -> L), und `fault_depth` im Interpreter zaehlte fuer die Schranke von Lemma 9.3.1 nur phi; eine azyklische Kette ueber `check ... -> X` brach den Interpreter mit `resolve_m terminiert nicht` ab. Die Latenz (9.4.5) begann den Fault-Pfad einer Stelle immer bei phi des Zustands.",Umsetzungsluecke,5.3; Tabelle 10 (Pruefung 9),"2026-10-04: aus der Inventur, am Code noch nicht nachgeprueft: aus der Inventur von PAR-5.3-Statische_Regel. 2026-10-04: Proben `chain.takt` (Kette A..E, Grenze 2) und `descent.takt` (Zyklus ueber `initial`, Grenze 4) im Interpreter abgebrochen. checks/SC-9 (`bad_cycle_through_check`, `bad_cycle_through_initial`, `bad_cycle` jetzt eine Meldung je Zyklus), switches.rs::a_chain_of_check_targets_runs_to_its_end und theorems.rs::the_latency_of_a_check_follows_its_own_target vor der Korrektur rot, danach gruen; `ok_check_target_below_its_parent` haelt fest, dass ein aktiv bleibender Vorfahr keinen Zyklus macht. Ein Graph ueber Lagen in takt-mir (`Machine::fault_cycles`, `fault_depth`, `fault_switches`) dient Pruefung 9, dem Interpreter und der Latenz; das Fault-Pfad-Budget (9.4.3) nahm die Ziele der Checks schon mit. 5.3, Lemma 9.3.1 und Anhang A angepasst. Die volle Suite fand dabei einen Fehler in phi selbst: `fault_target_of` verglich nur den Ausgangszustand mit dem Fault-Ziel der Maschine, ein Kind dieses Zustands zeigte deshalb zurueck auf ihn statt `FAULTED` zu erben (5.3: phi des Elternzustands); resume.rs::a_fault_transition_enters_initial_not_saved und switches.rs::a_child_of_the_machine_fault_target_inherits_faulted zeigten es. phi steht jetzt einmal in der MIR, der Interpreter rechnet nicht mehr selbst.",Ein Zyklus ueber ein eigenes Ziel bliebe unerkannt.,Pruefen; Kanten aus `check … -> X` in den Graphen; Schlechtfall in corpus-try/checks/SC-9.,M11 Schritt 31,mittel,behoben 2026-10-04,
FB-420,"Inventur 2026-10-04 (Beleg je Zeile in plan/features.csv); Abbildkopf (11.3), takt-cli `build`",Reproduzierbare Builds: der Binaer-Hash im Abbildkopf fehlt,11.3 nennt den Hash des Binaers im Kopf des Abbilds; die Inventur fand weder Umsetzung noch Test,Umsetzungsluecke,11.3,"2026-10-04: aus der Inventur, am Code noch nicht nachgeprueft: aus der Inventur von PAR-11.3-Reproduzierbare_Builds.",Ohne den Hash laesst sich ein Abbild nicht gegen seinen Bau pruefen.,Pruefen; umsetzen oder die Zeile der Referenz auf den heutigen Stand bringen.,M11 Schritt 31,niedrig,"entschieden 2026-10-04 (definition.md 11.3, Anhang A): SHA-256 des Objekts in Manifest und Lauf-Header, Image-Header nur in der Form eigener Kern; Umsetzung mit dem Manifest (M11 Schritt 13) und dem Lauf-Header (Schritt 22), gebuendelt mit FB-421",
FB-421,Inventur 2026-10-04 (Beleg je Zeile in plan/features.csv); crates/takt-interp/src/record.rs (Lauf-Kopf),Dem Lauf-Kopf fehlen Compiler-Version und die Felder der Einbettung,"Der Kopf eines Laufs traegt Formatversion, Edition, Logik-Hash und Profil, nicht die Compiler-Version und nicht Form, Praefix, ABI-Version und Schutz, die 11.3 und 12.11 verlangen",Umsetzungsluecke,11.3; 12.11,"2026-10-06: am Code nachgeprueft. MIR (Kopf `compiler_version`) und Konformitaetsbericht (`tool`) tragen die Compiler-Version, die Aufzeichnung nicht; Form, Praefix, ABI und Schutz schreibt heute kein Lauf, weil die Senken der Einbettung fehlen (Schritt 22).",Ein Lauf aus einer Einbettung ist nicht seiner Lieferform zuzuordnen.,Pruefen; Felder ergaenzen und im Format versionieren.,"M11 Schritt 31 (Compiler-Version), Schritt 22 (Felder der Einbettung)",niedrig,"teilweise 2026-10-06: Aufzeichnung Version 5 mit `#! compiler <version>` aus derselben Quelle wie die MIR (`Header::with_compiler`, CLI). Tests: `crates/takt-interp/tests/recording_versions.rs::the_header_names_the_compiler`, `crates/takt-cli/tests/stages.rs` (run --record), `crates/takt-cli/tests/campaign_cmd.rs`. Offen: Form, Praefix, ABI und Schutz im Kopf eines Laufs der Einbettung (Schritt 22, mit den Senken); `.hw`: FB-441",
FB-422,Inventur 2026-10-04 (Beleg je Zeile in plan/features.csv); crates/takt-sema/src/lower/decl.rs (`system: tick`),Der erlaubte Bereich des Ticks wird nicht durchgesetzt,"1.3 erlaubt `tick` von 10 us bis 1 s; die Sema nimmt auch `tick = 1 ns` an, ein Test uebersetzt genau das",Umsetzungsluecke,1.3,"2026-10-04: aus der Inventur, am Code noch nicht nachgeprueft: aus der Inventur von SEM-1.3.","Ein Tick ausserhalb des Bereichs liegt ausserhalb dessen, was Analysen und Laufzeiten zusagen.","Pruefen; Bereich in der Sema mit Diagnose durchsetzen, Grenzfaelle 10 us und 1 s und je knapp daneben.",M11 Schritt 31,niedrig,"behoben 2026-10-05 (Fehler behoben): `crates/takt-sema/tests/lower.rs::the_tick_lies_between_ten_microseconds_and_one_second`, `crates/takt-sema/tests/lower.rs::an_overlong_period_is_an_error_not_a_wrapped_counter`, `crates/takt-sema/tests/lower.rs::period_and_phase_end_at_two_to_the_32_ticks`; config_from pruefte nur `d.ns <= 0`; jetzt SC-3 ausserhalb 10 us bis 1 s (1.3) mit Vorschlag der naechsten Grenze. 10 us, 1 s und 1000 ms gehen durch, 9 us, 1 ns, 1001 ms und 2 s nicht. Die beiden Ueberlauftests in lower.rs (einer von sema_b, SEM2-021) laufen jetzt mit tick = 10 us (every 12 h bzw. 2^32 Ticks in us); Katalogfall checks/SC-3/bad_tick_out_of_range.takt.",
FB-423,M11 Schritt 31 (Pruefung 11 aus FB-399); crates/takt-interp/src/machine.rs (`clear_stepped`); crates/takt-sema/src/checks.rs (`check_termination`),`step` hoechstens einmal je Tick: Der Interpreter bricht an angenommenen Programmen ab,"Fuenf Proben, alle von der Sema angenommen oder zu Unrecht abgelehnt: (1) Dieselbe Instanz steppt im `loop:` von A und im `loop:` von B, dazu `after 2 ms: -> B`. Im Uebergangstick laeuft B im Entry-Modus (5.2 Punkt 4), der Interpreter bricht mit `Bug(""step zweimal in einer Aktivierung"")` ab. Dasselbe droht ueber Transitionsaktionen, `exit`, `enter` und den Fault-Pfad desselben Ticks; Pruefung 11 zaehlt nur innerhalb eines Blocks. (2) Ein Instanz-Array `var cs = [2] counter()` mit `cs[0].step()` und `cs[1].step()` bricht im zweiten Tick ab: `clear_stepped` setzt nur einzelne Instanzen zurueck, nicht die Elemente eines Arrays. (3) `for i in range(2): cs[i].step()` lehnt die Sema als `step` in einer Schleife ab, obwohl 5.7 Arrays von Instanzen dort ausdruecklich erlaubt; die Ausnahme greift nur fuer eine Variable als Empfaenger, nie fuer ihren Index. (4) `on q as e: v = c.step()` mit zwei Elementen je Tick bricht ab: Ein Handler laeuft je Element, die Pruefung sieht seinen Rumpf aber nicht als Schleife. (5) Ein Abort aus einer anderen Maschine erreicht eine in diesem Tick inaktive Maschine (`every 10 ms`) in der Abort-Phase; ihr Fault-Pfad steppt eine Instanz, deren Flag noch aus der letzten Aktivierung steht, und bricht ab. Der Codegen setzt die Flags bei jeder Zustellung zurueck (`deliver` ruft den Schritt, der mit `clear_stepped` beginnt), ueberspringt einen zweiten Aufruf im selben Schritt und kennt keine Instanz-Arrays (`init_instance` nur mit `count: None`).",Bug,5.7; 5.2; 9.4.2 (T3); Tabelle 10 Pruefung 11,"2026-10-04: Proben `two.takt`, `arr.takt`, `handler.takt` und `abort.takt` in G:/rust/tmp/arr mit dem Release-`takt.exe` (`takt sim`); (3) mit `takt check`; Codegen aus `step.rs` und `stmt.rs` gelesen. 2026-10-04: Mit dem Nutzer entschieden: eine Instanz hat je Aktivierung ein Ergebnis (5.7, Anhang A). tests/blocks.rs (`every_element_of_an_instance_array_steps_once_per_tick`, `an_instance_array_steps_in_a_for_loop_over_its_index`, `a_step_in_a_handler_is_rejected_like_one_in_a_loop`) und takt-conformance/tests/block_steps.rs (Selbstuebergang, Fault im Schritt, zweiter Aufruf nach einem Fault, Abort-Phase aktiv und inaktiv) vor der Korrektur rot (Interpreter-`Bug`, SC-11 fuer `cs[i]`, keine Meldung im Handler, nativ doppelter Schritt bzw. alter Wert), danach gruen; checks/SC-11 mit `ok_step_once_per_tick` und Array-Element und Handler in `bad_step_twice`.","Absturzfreiheit verletzt: Ein uebliches Muster, dasselbe Filter in zwei Zustaenden, bricht den Interpreter, der die Spezifikation ist; T3 setzt die Schranke als statisch gesichert voraus.","Pruefung 11 auf dem entzuckerten Programm, das der Interpreter ausfuehrt, ueber jeden Pfad einer Aktivierung: Koerper der aktiven Kette, ein Uebergang mit Aktionen, `exit`, `enter` und Entry-Modus, Fault-Wald, Erst-Eintritt; je Element eines Instanz-Arrays; Handler als Schleife; ein `reset()` auf oberster Ebene eines Blocks gibt die Instanz wieder frei. Im Interpreter `clear_stepped` auch fuer Arrays und vor der Zustellung an eine inaktive Maschine. Je Fall zuerst ein Test, der scheitert.",M11 Schritt 31,hoch,behoben 2026-10-04,
FB-424,M11 Schritt 31 (FB-423); crates/takt-llvm/src/stmt.rs (`block_method_call`),Ein Fault in einer Blockmethode geht im erzeugten Code verloren,"Eine Blockmethode legt bei einem Fault die Art ins Flag der Arena und gibt Null zurueck; der Aufrufer prueft das Flag nicht (`propagate_fault` fehlte nach dem Aufruf). Nativ bekommt das Ziel 0, die Maschine bleibt im Zustand, und das stehengebliebene Flag laesst den naechsten Aufruf einer reinen Funktion faulten, auch in einer anderen Maschine (wie FB-337). Der Interpreter nimmt den Fault-Pfad. Probe: `counter` mit `k : int in 0..3` laeuft im vierten Schritt aus der Range; Interpreter `RangeFault` und SAFE, nativ `probe = 0` ohne Fault.",Bug,4.1; 5.3; 5.7; Satz 9.4.4,"2026-10-04: takt-conformance/tests/block_steps.rs::a_fault_in_a_step_takes_the_fault_path_of_the_caller vor der Korrektur rot (`t=3 fault: Interpreter m RangeFault, nativ ` `), danach gruen; jede Blockmethode prueft das Flag nach dem Aufruf.","Ein Fault im Regler-Block blieb nativ unbemerkt; Satz 9.4.4 war verletzt, ohne dass der Differentialtest es sah, weil kein Korpusprogramm einen Block faulten laesst.",`propagate_fault` nach jedem Aufruf einer Blockmethode; ein Konformitaetstest mit faultendem Block.,M11 Schritt 31,hoch,behoben 2026-10-04,
FB-425,M11 Schritt 31 (beim Lesen fuer FB-413); crates/takt-llvm/src/wire.rs (`decode`),Der Codegen prueft beim `decode` weder Diskriminanten noch Ranges,"3.7: `decode` liefert `none` bei einer Range-Verletzung eines Feldes, und ein Enum im Draht trifft eine deklarierte Diskriminante. Der Interpreter prueft beides; der Codegen las die Diskriminante als Wert und pruefte keine Range — sein Kommentar verwies auf ein `validate_enum`, das es nicht gab. Ein fremder Rahmen mit unbekannter Art oder einem Pegel ausserhalb der Range kam nativ als gueltig an.",Bug,3.7; Satz 9.4.4,"2026-10-04: takt-conformance/tests/wire_codec.rs::decode_rejects_an_unknown_discriminant_and_a_value_out_of_range vor der Korrektur rot (Interpreter `false`, nativ `1` fuer Diskriminante 3 und Pegel 12 bei `in 0..9`), danach gruen. `read_field` sammelt die Pruefung der Diskriminante, auch in Arrays wie im Interpreter; `decode` prueft die Range jedes Feldes.","Satz 9.4.4 verletzt, und gerade an der Grenze, an der fremde Daten ankommen; kein Korpusprogramm schickte einen solchen Rahmen durch den Vergleich.",Diskriminanten und Ranges im nativen `decode` pruefen; ein Vergleichstest mit fremden Rahmen.,M11 Schritt 31,hoch,behoben 2026-10-04,
FB-426,"M11 Schritt 31 (beim Test fuer FB-387); crates/takt-llvm/src/expr.rs (`stream_count`), crates/takt-llvm/src/lower.rs",`s.count` ohne Handler bricht den nativen Build,"Eine Maschine, die `q.count` liest, aber keinen Handler fuer `q` hat, bekommt nativ keinen Cursor-Platz; `stream_count` meldet `Cursor eines Stroms` als noch nicht unterstuetzt. Die `loop:`-Funktion wird verworfen, ihr Aufruf im Schritt bleibt stehen, und clang bricht mit `use of undefined value '@m_loop_0'` ab — das ganze Programm baut nicht, statt dass die Maschine uebersprungen wird. Dazu greift Pruefung 17 an einem solchen Strom nicht, `capacity_bytes` darf dort kleiner sein als ein Element. Beim Beheben zeigte sich, dass 9.6 den Strom ohne Konsumenten offen liess: Der Interpreter raeumte ihn nie (der Schreiber faultete nach `capacity` Sendungen), der Rahmen raeumte neue Elemente, bevor sie sichtbar waren.",Bug,8.6; Satz 9.4.4,"2026-10-04: Sonde `b_count.takt` (ein interner Strom, eine Maschine mit `pending = q.count`) mit takt-conformance/tests/probe_audit.rs. 2026-10-04: takt-conformance/tests/streams.rs::count_without_a_handler_reads_the_whole_buffer vor der Korrektur rot (clang: `@m_loop_0` undefiniert; danach Interpreter 1/2/2, nativ 0), danach gruen und gleich. 9.6 und Anhang A: ohne Konsumenten das Minimum ueber keinen, ein Leser ohne Fenster-Konstrukt zaehlt den Puffer ab seinem Anfang. Codegen: `s.count` ohne Cursor liest ab 0; Interpreter und Rahmen raeumen am Tickende, was sichtbar war. tests/handlers.rs::stream_counters_read_without_consuming hielt das Gegenteil fest (das Fenster eines Stroms ohne Konsumenten waechst) und erwartet jetzt die Formel aus 9.6; Pruefung 15 warnt vor einem internen Strom ohne Konsumenten (checks/SC-15/bad_stream_without_consumer.takt), kein Korpusprogramm ist betroffen.",Ein einfaches Programm baut nativ nicht; der Vergleich faellt fuer alle Maschinen aus.,"Umgesetzt wie im Geprueft-Feld; dass eine Maschine, deren Funktionen spaet scheitern, einen haengenden Aufruf hinterlaesst, bleibt die bekannte Folge einer Meldung `fehlt:` (FB-104).",M11 Schritt 31,hoch,behoben 2026-10-04,
FB-427,M11 Schritt 31 (beim Test fuer FB-387); crates/takt-frame/src/streams.rs (`takt_int_send`),Nativ ignoriert `send` an einen internen Strom `overflow = drop_oldest`,"Ein interner Strom `with capacity = 2, overflow = drop_oldest`, ein Sender je Tick, ein Leser, der nicht liest: Der Interpreter verdraengt das aelteste Element (`dropped=1`), nativ laeuft der Ring ueber und der Sender faultet mit `StreamOverflow` (`overflowed=1`). `takt_int_send` ruft `takt_int_push` ohne die Verdraengung, die `takt_int_deliver` fuer Lieferungen vom Rand hat.",Bug,8.6 (Interne Streams: dieselben Regeln); Satz 9.4.4,"2026-10-04: Sonde `d_drop.takt` mit takt-conformance/tests/probe_audit.rs: Interpreter `t=3 stream q dropped=1 overflowed=0`, nativ `t=2 fault producer StreamOverflow`.","Satz 9.4.4 verletzt: Ein Programm, das im Interpreter weiterlaeuft, faultet nativ.",`send` an einen internen Strom nimmt dieselbe Ueberlaufregel wie eine Lieferung vom Rand; ein Vergleichstest mit `drop_oldest` an einem internen Strom.,M11 Schritt 31,hoch,"behoben 2026-10-05 (Fehler behoben): `examples/rust-host/tests/frame.rs::a_send_to_a_full_drop_oldest_stream_evicts_the_oldest`; stream_send rief takt_int_send ohne Verdraengung (vorher nativ t=2 fault producer StreamOverflow), jetzt sammelt ein zweiter Ring je drop_oldest-Strom die Sendungen, takt_int_deliver_sent (Beginn von parts::steps, beide Rahmen) stellt zu Tickbeginn zu und verdraengt wie Buffer::push, Nummern, dropped und Alert je Leser wie im Interpreter, Schlaf wartet, solange etwas gesammelt ist. Gegen den Interpreter ueber die Lieferform (rust-host, zwei Stroeme, zwei Leser verschiedener Periode), takt-conformance streams.rs weiter gruen. takt_couple mit drop_oldest des Kanals nicht geprueft.",
FB-428,"M11 Schritt 31 (Census ueber den AST, corpus-try/114_for_pairs.takt); crates/takt-llvm/src/stmt.rs:1007, :1154","`for (k, v)` ueber eine Map wird nativ nicht uebersetzt","Der Codegen lehnt die Iteration ueber Schluessel und Wert einer Map mit NotYet ab; `takt build` bricht ab. Der Interpreter kann es, 3.9 legt die Reihenfolge fest.",Umsetzungsluecke,3.9,2026-10-05: `takt build corpus-try/114_for_pairs.takt` scheitert mit NotYet (Paket sema_b).,"Eine Konstruktion der Sprache ohne nativen Weg; bis zur Umsetzung steht 114 mit Ausnahme in den Suiten vergleich, mcu und board.","Senkung im Codegen mit der Reihenfolge des Interpreters, Vergleich gegen den Interpreter; danach die Ausnahmen im Manifest streichen.",M11 Schritt 31,mittel,"behoben 2026-10-05 (Test ergaenzt): `crates/takt-conformance/tests/differential.rs::the_interpreter_and_the_generated_code_agree`, `crates/takt-conformance/tests/mcu_codegen.rs (alle)`, `crates/takt-conformance/tests/mcu_harness.rs::the_harness_links_with_the_generated_code`; 114_for_pairs ohne die drei Ausnahmen FB-428: faehrt vergleich, mcu und board (!ziele und !ieee nach der Regel, ohne Fliesskomma), nativ gleich dem Interpreter, fuer beide MCU-Ziele uebersetzt und gebunden.",
FB-429,"M11 Schritt 31 (Paket kon, corpus-try/31_idle_multirate.takt im Vergleich unter Schlaf); crates/takt-llvm/src/step.rs:1092, :1380-1395; crates/takt-frame/src/mcu.rs (takt_deadline, takt_advance)",Schlaf verschiebt die Aktivierungen einer Maschine mit eigener Periode,"Schlafend weckt der Rahmen in Tick 46 statt 50, die Maschine `every 50 ms` laeuft danach in 46, 51, 56. `<m>_deadline` zaehlt Basis-Ticks ab der letzten Aktivierung statt ab jetzt, `<m>_advance` verwirft den Rest von n / Periode (sdiv). Rahmen und Wirtsharness nehmen dasselbe an.",Fehler,"9.9 (Satz 9.9.1), 7.2","2026-10-05: virtual_sleep_is_invisible scheitert an 31_idle_multirate, seit das Programm im Vergleich laeuft (Paket kon).","Verletzt Satz 9.9.1 (Schlaf ist unsichtbar) fuer jede Maschine mit n_m > 1; bisher verdeckt, weil das Programm in keiner Suite lief.","Frist und Vorruecken im Codegen, im MCU-Rahmen und in der Harness am Raster der Maschine rechnen; der Interpreter ist die Spezifikation.",M11 Schritt 31,hoch,"behoben 2026-10-05 (Fehler behoben): `takt-conformance/tests/differential.rs::virtual_sleep_is_invisible`, `takt-llvm/tests/sleep.rs::deadline_and_advance_follow_the_grid_of_the_machine`, `takt-llvm/tests/sleep.rs::tick_zero_counts_only_for_a_machine_that_runs_in_it`, `crates/takt-conformance/tests/differential.rs::virtual_sleep_is_invisible`, `crates/takt-conformance/tests/mcu_harness.rs::a_multirate_deadline_counts_activations`, `examples/rust-host/tests/frame.rs::sleep_over_machines_with_their_own_period_is_invisible (jetzt mit every 30 ms phase 20 ms)`, `takt-conformance differential 21/21 inkl. virtual_sleep_is_invisible`; Nach der Entscheidung (Lage aus dem globalen Basis-Tick): `<m>_deadline` liefert jetzt die Basis-Ticks ab jetzt bis zu dem Tick, in dem die Frist feuert (1 + c + fehlende Aktivierungen * Periode, c bis zur naechsten Aktivierung `t % Periode == Phase`), `<m>_advance(n)` zaehlt die Aktivierungen in den Ticks jetzt+1 .. jetzt+n (kein sdiv mehr, der Rest bleibt dem naechsten Schlaf). Der Tick kommt aus `now` der Runtime (Abi::NOW, `P_now(arena)` = tick * T0 in jedem Rahmen) - keine neue Signatur. 31_idle_multirate im Schlafvergleich gruen (Harness von kon). Eigener Test mit Periode 3, Phase 1: ...",
FB-430,"M11 Schritt 31 (Paket kon, LIMITS in crates/takt-conformance/src/limits.rs)",Der Wirtsrahmen liefert keine skalaren Inputs zusammengesetzter Typen,Records und Arrays als Input-Channel treibt der Wirtsrahmen nicht; Programme damit laufen nur im Interpreter.,Umsetzungsluecke,"8.1, 13.1","2026-10-05: als Grenze in LIMITS gefuehrt, ohne Planzeile.","Eine Luecke des Vergleichs, keine der Sprache; sie schliesst der Produktrahmen als Testtreiber.",Mit dem Stimulus als Testtreiber des Produktrahmens (M11 Schritt 9) und den erzeugten Eingaben (Schritt 29).,M11 Schritt 29,mittel,offen,M11 Schritt 9
FB-431,"M11 Schritt 31 (Paket kon, LIMITS in crates/takt-conformance/src/limits.rs)",Registerports mit `stream<Regs>` (FIFO) baut der Wirtsrahmen nicht,Ein Port mit Strom aus Registerrecords endet im Wirtsrahmen in einem #error; nur der Interpreter faehrt ihn.,Umsetzungsluecke,12.10,"2026-10-05: als Grenze in LIMITS gefuehrt, ohne Planzeile.",Treiberstufe v1.2 ohne nativen Vergleich.,Mit dem Produktrahmen als Testtreiber (M11 Schritt 9) und den erzeugten Eingaben (Schritt 29).,M11 Schritt 29,niedrig,offen,M11 Schritt 9
FB-432,"M11 Schritt 31 (Paket kon, LIMITS in crates/takt-conformance/src/limits.rs)","`job`, `signal` und das letzte `verdict` schreibt kein Rahmen","Die Rahmen schreiben diese Zeilen nicht, Beobachtungen tragen nur die Maschinennummer; der Vergleich kann sie darum nicht halten.",Umsetzungsluecke,"12.5, grammar/trace.md","2026-10-05: als Grenze in LIMITS gefuehrt, ohne Planzeile.",Gehoert zur gemeinsamen Normalform der Traces (FB-391).,Mit der Normalform aus M11 Schritt 28 und den erzeugten Eingaben (Schritt 29).,M11 Schritt 29,mittel,offen,FB-391
FB-433,"M11 Schritt 31 (Paket syn, Grenze 256 Knoten aus 2.1); crates/takt-sema/src/lower/expr.rs:106, crates/takt-interp/src/eval.rs:140, crates/takt-llvm/src/expr.rs",Die Bibliotheken brauchen bei tiefen Ausdruecken viel Stapel,"Im Debug-Build brauchen takt_sema::compile 8 MiB, takt_interp::run 6 MiB und takt_llvm::lower 2 MiB fuer einen Ausdruck an der Grenze von 256 Knoten; Rust-Testfaeden haben 2 MiB, der Hauptfaden unter Windows 1 MiB. Die CLI bemisst ihren Stapel seit 2026-10-05 (STACK = 32 MiB), Aufrufer der Bibliotheken nicht.",Robustheit,2.1,"2026-10-05: gemessen vom Paket syn; `takt check` stuerzte vor dem Fix schon bei 64 Gliedern ab. 2026-10-06 nachgemessen (Windows x86-64, Summe aus 256 Gliedern, Kette in 15 Klammerebenen, Summe unter 55 Anweisungsebenen): Debug Sema 8 MiB, Interpreter 8 MiB, Codegen 2 MiB; Release 2 MiB, 512 KiB, 512 KiB. Auch im Release-Build reicht der Hauptthread unter Windows (1 MiB) der Sema nicht.","2.1 verspricht, dass kein Werkzeug an pathologischen Eingaben scheitert; das gilt heute nur ueber die CLI.","Entweder die Rahmen der rekursiven Funktionen verkleinern (Lowerer::expr, eval) oder den Stapelbedarf je Einstieg als Vertrag dokumentieren und in den Tests bemessen; zu entscheiden mit Messung im Release-Build.",M11 Schritt 31,mittel,"behoben 2026-10-06: Die Einstiege bemessen ihren Stapel selbst, wie der Parser schon zuvor: `takt_diag::stack` (eine Konstante `DEEP_STACK` = 64 MiB, reserviert), `takt_sema::compile_with`, `takt_interp::run`, `takt_llvm::lower::program_with_diagnostics`; der Parser nutzt dieselbe Stelle. Ein Vertrag beim Aufrufer haette jeden Aufrufer erneut zur Fehlerquelle gemacht. Test: `crates/takt-cli/tests/deep_expressions.rs::an_expression_at_the_limit_needs_no_stack_from_the_caller` (alle drei Formen, gerufen von einem Thread mit 256 KiB)",
FB-434,"M11 Schritt 31 (Paket gen, GEN-014); crates/takt-llvm/src/support.rs (GuardMatch, HandlerPattern)",`{x:float}` in Mustern wird nativ nicht uebersetzt,"Handler- und Guard-Muster mit einem Gleitkomma-Platzhalter besteht die Sema, der Codegen lehnt den Schritt ab; die Faehigkeitsmatrix fuehrt beide als teilweise. Text nach Fliesskomma im erzeugten Code waere eine eigene Dezimalkonversion und damit eine zweite Rundungsquelle (4.2).",Umsetzungsluecke,"8.7, 4.2","2026-10-05: capabilities.rs::a_float_capture_in_a_guard_is_partial_in_the_table (Paket kon), Partial in support.rs (Paket gen).","Ein Muster, das im Interpreter laeuft und nativ nicht uebersetzt, bricht Satz 9.4.4 nicht still, aber begrenzt die Programme fuer das Ziel.","Ein korrekt gerundeter Leser `takt_m_parse_f64/f32` in libtaktm, ueber takt-native-abi exportiert, den Interpreter und erzeugter Matcher gemeinsam nutzen; danach Handler und Guard senken und die Matrix auf ja ziehen.",M11 Schritt 27,mittel,offen,
FB-435,"M11 Schritt 31 (Paket gen, FB-124); plan/definition.md 12.5, grammar/trace.md T2",`free` und `idle` eines Ausgabestroms stehen nicht in der Aufzeichnung,"12.5 nennt `free[o]` unter dem Aufgezeichneten, das Trace-Format hatte keine Zeile dafuer; seit FB-124 gilt dasselbe fuer `idle`. Ein Lauf auf Hardware, dessen Treiber andere Werte meldet als das Modell, laesst sich darum nicht nachspielen.",Umsetzungsluecke,"12.5, 8.8, grammar/trace.md T2","2026-10-05: Entscheidung (Anhang A): `tx`-Zeile `t=k tx <strom> free=<n> idle=<b>` bei Aenderung, nur aus Laeufen auf Hardware; Stimulus darf sie setzen.","Ohne die Zeile gilt Satz 9.4.4 fuer Replay nur, solange der Treiber wie das Modell antwortet.","LineKind `Tx` in takt-interp (Leser, Schreiber, Anwenden im Replay und Stimulus), Rahmen der Boards schreiben die Zeile bei Aenderung, Vergleich nimmt sie auf (FB-391).",M11 Schritt 28,mittel,offen,
FB-436,"M11 Schritt 31, Boardlauf ESP32-C6 nach der Testpruefung (2026-10-06); crates/takt-rt-core/src/loopcore.rs (Runtime::new), crates/takt-rt-baremetal/src/clock.rs",Das Raster der Schleife liegt zwischen den Ereignissen des Timers,"`Runtime::new` legte `t0` auf `clock.now()`, auf dem Board einige hundert Mikrosekunden nach einem Ereignis des Timers. Seit `wait_until` auf das erste Ereignis an oder nach der Frist wartet (FB-317-Test der Testpruefung), traegt jeder Tick die Phase bis zum Ereignis als `drift` (9,66 ms bei 10 ms Tick), und seit dem Ueberlauf am Raster (RT-003) laeuft ein Tick ueber, sobald Phase und Schritt T0 uebersteigen. `tick_stretch.takt` meldete darum ab Tick 8 `Runtime(Overrun)` statt in Tick 14 bis 18 `Runtime(Hardware)`.",Fehler,"7.3 (Raster t0 + k*T0, unter baremetal dasselbe wie das Flag aus 12.3), 12.3","2026-10-06: Boardlauf `a_stretched_tick_is_runtime_hardware`, Spur `drift=9662813` ab Tick 0.",Jedes Programm auf einem Board mit Timer verliert fast eine Periode Spielraum; der Ueberlauf am Raster ist nicht mehr das Flag aus 12.3.,"`Clock::origin` (Default `now`), `TimerClock` legt ihn auf das naechste Ereignis; `Runtime::new` beginnt das Raster dort.",M11 Schritt 31,hoch,"behoben 2026-10-06: `Clock::origin`, `TimerClock::origin` = naechstes Ereignis. Tests: `crates/takt-rt-core/tests/loop.rs::the_grid_begins_at_the_origin_of_the_clock`, `crates/takt-rt-baremetal/src/clock.rs::tests::the_grid_begins_at_the_next_event`; Boardlauf: siehe Commit.",
FB-437,"M11 Schritt 31, Boardlauf ESP32-C6 nach der Testpruefung (2026-10-06); crates/takt-conformance/src/board/mod.rs (capture)",Ein Boardlauf liest Bytes des vorigen Abbilds,"Der USB-Serial-JTAG des C6 haelt 64 Byte ueber Flashen und Reset. Nach `watchdog.takt` begann der Trace von `long_job.takt` mit `t=819 out previous WATCHDOG`, und der Vergleich meldete zwei Ausgaenge, die nur das Board schrieb (FB-391). Haengt an der Reihenfolge der Tests.",Fehler,"13.8, FB-391","2026-10-06: Boardlauf C6, `a_long_job_runs_between_the_ticks` nach `a_missed_kick_begins_the_next_run_after_the_watchdog`; die drei fremden Zeilen sind genau 64 Byte.","Ein Vergleich, der von der Testreihenfolge abhaengt, meldet Fehler, die keine sind, und koennte einen verdecken.","`capture` verwirft vor dem Start eines neuen Abbilds, was bis zur ersten Stille ankommt; `listen` (Neustart, den das Programm befiehlt) nicht.",M11 Schritt 31,mittel,"behoben 2026-10-06: `capture(.., fresh, ..)` mit `discard_stale`. Test: `crates/takt-conformance/src/board/mod.rs::tests::stale_bytes_are_discarded_until_the_line_is_quiet`; Boardlauf: siehe Commit.",
FB-438,"M11 Schritt 31, Boardlauf ESP32-C6 nach der Testpruefung (2026-10-06); crates/takt-conformance/src/bringup.rs, src/board/mod.rs",Board-Abbilder bauen fest `hw`: Plant-Modelle fehlen im Vergleich,"Das Bring-up baute immer `Build::Hw`. Seit FB-418 laesst dieser Build Plant-Modelle aus, und jedes Programm mit Modell faultete auf dem Board mit `SensorFault` (06, 30, 31, 38, 45, 55, 61, 92, 110, 14_7). Nach der ersten Korrektur baute der Rahmen `sim`, der Codegen (`takt build --build hw`) weiter `hw`: 14_7 linkte nicht (`app_pack_model_*` fehlt).",Fehler,"8.3, 13.8",2026-10-06: zwei Boardlaeufe C6.,Der Vergleich mit dem Interpreter verlangt den Build `sim` (Satz 9.4.4 gilt fuer ihn).,`board::Options::build` (Default `Sim`) im Schluessel des Abbilds und als `TAKT_BUILD` an das Bring-up; Rahmen und Codegen lesen ihn an einer Stelle (`bringup::build`).,M11 Schritt 31,hoch,"behoben 2026-10-06: `Options::build`, `TAKT_BUILD`, `bringup::build` fuer `compile` und `takt_build`; Boardlauf: siehe Commit. Nachtrag 2026-10-06: Der Wirt (`board::host`) reichte den Build ebenso nicht weiter; jetzt `TAKT_BUILD` und der Build im Schluessel des Abbilds, der Korpus des Wirts ueber die Lieferform ohne Abweichung.",
FB-439,"M11 Schritt 31, Boardlauf ESP32-C6 nach der Testpruefung (2026-10-06); crates/takt-frame/src/drivers.rs (c_stubs, rust_rig)",Am Stummel wird `tx.idle` nie wahr,"Der Stummel eines Ausgabestroms antwortete auf `idle` mit unbekannt; der Rahmen haelt dann (`tx_hold`), und `corpus-try/118_tx_idle.takt` blieb auf dem C6 in `SELECT` (77 Abweichungen). Derselbe Stummel nimmt jedes Byte sofort an.",Fehler,"8.8 (Simulation: idle genau dann, wenn free == capacity), 12.6","2026-10-06: Boardlauf C6, `the_board_agrees_with_the_interpreter`.","Ein Pruefstand ohne Geraet soll wie die Simulation antworten; ein Sender, der alles annahm, ist fertig.","Stummel fuer `idle`: fertig (C `1`, Rust `Some(true)`); `free` bleibt unbekannt.",M11 Schritt 31,mittel,behoben 2026-10-06: Test `crates/takt-frame/tests/frame_building.rs::the_driver_stubs_answer_conservatively`; Boardlauf: siehe Commit.,
FB-440,"M11 Schritt 31, Boardlauf ESP32-C6 nach der Testpruefung (2026-10-06); crates/takt-conformance/src/natives.rs, src/math.rs, src/bench.rs",Eine Native mit null Byte Stack bricht ihre Zusage,KON1-033 verlangte je Funktion `stack > 0`. `crc32` und `crc16` brauchen auf dem C6 keinen eigenen Rahmen und melden 0 Byte; `the_natives_agree_with_the_host` scheiterte daran.,Fehler,"13.8, 4.5 (stack-Vertrag), KON1-033",2026-10-06: Boardlauf C6.,"Null ist eine Messung; dass das Malen lief, zeigt der Lauf als Ganzes.","`within_contract` ist `stack <= Zusage`; `natives::painted` verlangt je Lauf mindestens einen gemessenen Stack, sonst ist der Lauf ein Fehler.",M11 Schritt 31,mittel,"behoben 2026-10-06: Tests `natives.rs::tests::a_stack_above_the_contract_breaks_it`, `::a_run_where_every_stack_is_zero_measured_nothing`, `math.rs::tests::a_stack_above_the_contract_breaks_it`; Boardlauf C6 gruen.",
FB-441,"M11 Schritt 31, Pruefung von FB-421; crates/takt-mir/src/hardware.rs (render)",Die Hardware-Konfiguration traegt weder Edition noch Compiler-Version,"11.3 verlangt fuer die Hardware-Konfiguration (8.10) Formatversion, Edition und Compiler-Version; `# takt-hw <n>` traegt nur die Formatversion, auch wenn `takt bench` die Datei schreibt.",Umsetzungsluecke,"11.3, 8.10, 13.8",2026-10-06: `hardware.rs` gelesen. 2026-10-06: umgesetzt in Schritt 12.,"Eine Kalibrierung ist nicht dem Werkzeug zuzuordnen, das sie mass; fuer eine Datei von Hand ist die Angabe leer.","Beim Schreiben durch `takt bench` `compiler` (und, falls die Edition fuer `.hw` eine Bedeutung hat, `edition`) als Kopfangabe, Leser ohne Pflicht; Formatversion erhoehen. Zusammen mit der Neukalibrierung beider Boards. Umgesetzt 2026-10-06 (M11 Schritt 12): Kopfzeile `# takt-hw 15 edition <n> compiler <version>`, geschrieben von `takt bench`, `driver-test` und `check --hw-export` (`hardware::Origin`), ohne Pflicht gelesen; eine halbe Angabe ist ein Fehler. Die Edition ist die neueste, die der Schreiber kennt.",M11 Schritt 12,niedrig,behoben,
FB-442,"M11 Schritt 31, Boardlauf STM32F401 nach FB-438; crates/takt-conformance/tests/board_stm32f401.rs (TOO_BIG)","`110_journal_log` passt im Build `sim` nicht auf den F401, und die Liste dessen, was nicht passt, prueft niemand","Seit die Board-Abbilder im Build `sim` bauen (FB-438), laeuft das Flash-Modell von `110_journal_log` mit; `.bss` liegt 80 KiB ueber den 64 KiB des F401, der Link scheitert (beide Vergleichstests). `TOO_BIG` war eine Liste von Hand.",Testluecke,"11.5, Pruefung 39, 13.8","2026-10-06: Boardlauf F401, `rust-lld`: `.takt_state` um 80664 Byte ueber `RAM`.","Kein Fehler des Programms, eine Grenze des Boards; dass sie erst im Boardlauf auffiel, ist die Luecke.","`110_journal_log` in `TOO_BIG`; ein Wirtstest verlangt, dass `TOO_BIG` genau die Programme der Board-Suite nennt, die Pruefung 39 gegen `corpus-try/hw/stm32f401.hw` ablehnt.",M11 Schritt 31,mittel,behoben 2026-10-06: Test `crates/takt-conformance/tests/board_stm32f401.rs::the_programs_too_big_for_the_board_are_those_check_39_rejects`,
FB-443,"M11 Schritt 31, `tools/embedded.sh` nach FB-417; tools/embedded.sh (program_in_binary)","`embedded.sh` meldet ein fremdes Programm im C6-Abbild, das dort gar nicht steht","Unter `set -o pipefail` endet `nm | grep -q` mit Fehler, sobald `grep -q` nach dem ersten Treffer aufhoert und `nm` beim Weiterschreiben SIGPIPE bekommt; bei der grossen Symboltabelle des C6 geschieht das, `app_heartbeat_step` steht aber im Abbild.",Fehler,FB-141,"2026-10-06: Lauf von `tools/embedded.sh` (FEHLER `heartbeat_step fehlt`), dieselbe Pruefung von Hand ohne `-q` findet das Symbol.","Eine Pruefung, die vom Zeitverhalten einer Leitung abhaengt, meldet Falsches oder verdeckt bei Gewoehnung Echtes.","`grep` ohne `-q`, Ausgabe nach `/dev/null`: Es liest bis zum Ende.",M11 Schritt 31,niedrig,"behoben 2026-10-06: `tools/embedded.sh` laeuft durch (beide Bring-ups, Programm im Abbild)",
FB-444,M11 Schritt 10 (Wirts-Bring-up auf takt-embed); crates/takt-conformance/src/bringup.rs (assert_fresh),Die Frischepruefung des Werkzeugs kannte `takt-frame` nicht,"FB-193 vergleicht `takt` mit den Quellen der Compiler-Crates aus einer Liste von Hand; `takt-frame` fehlte, obwohl `takt build --emit embed` mit ihm Rahmen und Huelle schreibt. Ein altes `takt` erzeugte die Huelle von gestern, und der Bau scheiterte erst beim Uebersetzen des Moduls (`Dispatch` fehlt).",Fehler,"FB-193, 13.8","2026-10-06: Wirts-Bring-up ueber die Lieferform, Debug-`takt` aelter als `takt-frame/src/embed.rs`.",Jede Liste von Hand veraltet mit dem naechsten Crate des Werkzeugs.,"Die Crates des Werkzeugs aus den `Cargo.toml` lesen: `takt-cli` und jede Pfadabhaengigkeit ausser `[dev-dependencies]`, transitiv; die Meldung nennt den Befehl des eigenen Profils.",M11 Schritt 10,mittel,"behoben 2026-10-06: `bringup::tool_crates`. Tests: `crates/takt-conformance/src/bringup.rs::tests::the_path_dependencies_of_a_manifest_leave_out_the_dev_ones`, `::the_tool_is_built_from_the_frame_and_not_from_the_test_kit`",
FB-445,"M11 Schritt 10 (Boardlauf C6 und F401 ueber die Lieferform); crates/takt-cli/src/main.rs (calibration, core_of, measure)","Die Lieferform verliert die Kalibrierung, wenn `--target` ein Tripel ist","`takt build --emit embed` bekommt das Tripel des Wirts (`riscv32imac-unknown-none-elf`), die Hardware-Konfiguration nennt das Ziel beim Namen (`[target.riscv32imac]`). Die Kalibrierung suchte unter dem Tripel und fand nichts: `NVM_BLOCKING_NS` war 0, das Flash des C6 galt als asynchron, und `59_persist_idle` hielt den Kern 53 ms mitten in einer Periode an. `core_of` und `takt size` loesten ein Wirtstripel ebenso nicht auf.",Fehler,"8.10, 12.3, 12.11",2026-10-06: Boardlauf C6 `the_journal_writes_in_sleep_windows`; Meldung `kein Ziel thumbv7em-none-eabihf` im F401-Bau.,"Jede Einbettung ueber Cargo baute ohne Kalibrierung, nur mit einer Warnung im Bauprotokoll.","Ein Weg vom Argument zum Ziel: Name, LLVM-Tripel oder Wirtstripel (`resolve_target`); Kalibrierung, Kern und Groesse fragen den Namen des Ziels.",M11 Schritt 10,hoch,behoben 2026-10-06: Test `crates/takt-cli/tests/embed_cmd.rs::the_calibration_of_a_triple_is_found_under_its_target_name`; Boardlauf: siehe Commit.,
FB-446,"M11 Schritt 10 (Weckereignisse auf den Boards); crates/takt-frame/src/mcu.rs (takt_advance), crates/takt-conformance/src/harness.rs (virtual_sleep)",Nach einem Schlaf sind die Abtastungen des Rahmens zu jung,"`takt_advance` rueckte Maschinen und Tick um die geschlafenen Ticks vor, liess das Alter der Abtastungen aber stehen; der Interpreter altert sie je uebersprungenen Tick (`Run::skip`). Ein Input ohne Lieferung war nach dem Schlaf um die geschlafenen Ticks zu jung: `x.age` zu klein, `Stale` zu spaet. Der virtuelle Schlaf des Wirtsrahmens hatte denselben Fehler.",Fehler,"3.5, 9.9, Satz 9.9.1",2026-10-06: `takt_advance` gegen `Run::skip` gelesen; `aging.takt` liest `x.age` nach 100 ms Schlaf.,"Satz 9.9.1 galt nativ nur fuer Inputs, die in jedem Tick liefern.","Im Nachtragen altern die Abtastungen um die geschlafenen Ticks (`parts::aging_slept`), ausser den Eingaengen, die ein `sim`-Output speist: Der Commit jedes geschlafenen Ticks haette sie frisch gestellt. Ohne die Ausnahme veralteten in `30_idle` und `31_idle_multirate` die Wake-Quellen im Schlaf (`differential.rs::virtual_sleep_is_invisible`).",M11 Schritt 10,mittel,"behoben 2026-10-06: Test `examples/rust-host/tests/frame.rs::a_sample_ages_through_the_slept_ticks` (scheitert ohne die Korrektur), `crates/takt-conformance/tests/differential.rs::virtual_sleep_is_invisible`",
FB-447,M11 Schritt 10 (Weckereignisse auf den Boards); crates/takt-rt-baremetal/src/run.rs (run),"Ein Konformitaetslauf schlief ueber sein Ende hinaus, ohne zu warten","`run` endet, sobald die Nummer des naechsten Ticks die Grenze des Laufs erreicht. Lag die Frist eines Schlafs hinter ihr, war das schon nach dem Einschlafen der Fall: Der Lauf endete, ohne eine der geschlafenen Grenzen davor zu erreichen, und kein Weckereignis vor dem Ende wirkte. Der Wirt meldete `slept=198` in einem Lauf von 100 Ticks.",Fehler,"9.9, 13.8","2026-10-06: `wake.takt` auf dem Wirt, Pegel in Tick 13, Frist nach 2 s, Lauf ueber 100 Ticks.",Jeder Boardvergleich mit Schlaf ueber das Ende hinaus pruefte das Wecken nicht.,"Der Kern kennt das Ende eines Laufs (`Runtime::end_at`): Ein Schlaf reicht hoechstens bis zum letzten Tick, der an dieser verkuerzten Frist ein leerer Schritt ist.",M11 Schritt 10,hoch,behoben 2026-10-06: Test `crates/takt-rt-core/tests/wake.rs::a_run_with_an_end_sleeps_at_most_until_its_last_tick`; ohne ihn scheitert `host_board.rs::a_wake_source_ends_the_sleep_on_the_host`,
FB-448,M11 Schritt 10 (Weckereignisse auf den Boards); crates/takt-rt-baremetal/src/protect.rs (Guarded),Eine Verletzung des Speicherschutzes im Schlaf wirkte erst an der Frist,"`Guarded` fragt den Schutz vor dem Schlaf (`sleep_allowed`) und vor jedem Tick; im Schlaf fragte niemand. Eine Verletzung waehrend des Schlafs wurde erst im Tick an der Frist `Runtime(Hardware)`, ohne Schlaf im Tick danach.",Fehler,"9.9 (Runtime-Ereignisse), 12.3",2026-10-06: `Guarded` gegen die Weckereignisse aus 9.9 gelesen.,Satz 9.9.1 galt unter Speicherschutz nur ohne Verletzung.,"Der Schutz ist eine Quelle von Weckereignissen: `Guarded::woken` meldet eine gemeldete Verletzung, `wake_sources` ist wahr.",M11 Schritt 10,mittel,behoben 2026-10-06: Test `crates/takt-rt-baremetal/src/protect.rs::tests::a_violation_while_asleep_wakes_at_the_next_boundary`,
FB-449,"M11 Schritt 11 (`takt check-image` auf dem C6-Abbild); crates/takt-bringup-esp32c6 (rwtext_hook.x), crates/takt-board-esp32c6/src/uart.rs",Der Tick-Pfad des C6 lag zum Teil im Flash,"Die RAM-Residenz (FB-301, FB-357) stand von Hand in `rwtext_hook.x` und war unvollstaendig: Der Kleber der Lieferform zu den Treibern (`app_alive_o`, `app_in_*`, ohne Mangling im Wirt) lag im Flash, ebenso der Trace des Bring-ups (`takt_board_trace*`) mit seiner Leitung (`UsbJtag::settle`, `Magic::feed`, `chip_reset`), die LED mit dem RMT-Baustein aus `esp-hal`, das Pruefgeraet des Treiberrands, `core::num::isqrt` (aus `libtaktm`), `core::str::from_utf8` (aus den Natives) und `core::fmt`, mit dem der Trace eine Fliesskommazahl schreibt. Und `tools/embedded.sh` baut das Bring-up von aussen, wo `.cargo/config.toml` nicht gilt: Ohne `ESP_HAL_CONFIG_USE_RWTEXT_LD_HOOK` band `esp-hal` den Haken nicht ein, und der ganze Tick-Pfad lag im Flash, ohne dass ein Bau scheiterte. Unter `xip_flash` stuende der Tick bei jedem Flash-Zugriff.",Fehler,"12.3 (`xip_flash`), 12.11","2026-10-06: `takt check-image` auf den C6-Abbildern von `wake.takt`, `101_correct_math`, `04_blocks_and_multirate`, `40_jobs`, `35_persist`, `driver_edge`, `recorded`, `long_job`, `tick_stretch`, den Programmen des Bring-ups und dem aus `takt.toml`.",Die Zusage „der Tick-Pfad liegt im RAM“ hatte keine Pruefung; jede Liste von Hand veraltet.,"Das Fragment erzeugt die Lieferform (`P_ram.x`): Bibliothek, Kleber, Huelle, geteilte Crates, `core::num`, `core::str`; was das Board dazulegt, steht in `board_ram.x` oder traegt `#[esp_hal::ram]`; das Bauskript bricht ohne den Schalter fuer den Haken ab; `takt check-image` prueft das gebundene Abbild in `tools/embedded.sh`.",M11 Schritt 11,hoch,behoben 2026-10-06: `takt check-image` ohne Befund auf den C6-Abbildern; Tests: crates/takt-cli/tests/check_image.rs::a_well_linked_image_has_no_finding; crates/takt-cli/tests/check_image.rs::a_driver_in_flash_is_a_finding; crates/takt-cli/tests/check_image.rs::a_second_writable_variable_is_a_finding; crates/takt-cli/tests/check_image.rs::a_too_small_arena_is_a_finding,
FB-450,"M11 Schritt 12, Neukalibrierung; crates/takt-conformance/src/bench/library.rs",`takt bench` mass `T_IO` ohne den Commit an die Treiber,"7.2 zaehlt `geplante Ausgaben, Commit und Watchdog` zu `T_IO`. Das Messprogramm mass seit M5 einen Tick als `P_tick`; `P_commit`, das den Latch an die Treiber gibt (Randkern `takt_edge_output`, Heartbeat), lief in keiner Messung. Er kostet im leeren Programm auf dem C6 67, auf dem F401 97 Zyklen je Tick.",Fehler,7.2; 12.1; 13.8,2026-10-06: das Messprogramm mit und ohne Commit auf beiden Boards.,Eine Schranke ohne den Commit liegt um ihn zu tief; jedes Budget rechnete mit zu wenig `T_IO`.,"Der Laeufer misst `P_tick` und `P_commit` zusammen, wie die Schleife sie faehrt; die Treiber sind Stummel, ein echter Treiber gehoert in sein Budget. Umgesetzt 2026-10-06 (M11 Schritt 12).",M11 Schritt 12,mittel,behoben,
FB-451,"M11 Schritt 12, Bericht des C6 vom 2026-10-02 gegen die Neukalibrierung; crates/takt-rt-baremetal/src/bench.rs",Die alte Messung des C6 trug in jeder Reihe einen Ausreisser von 273 Zyklen,"Im Bericht vom 2026-10-02 lag das Maximum jeder Reihe 272 bis 273 Zyklen ueber Minimum und Mittel (`i32` klein 652 653 925), auch beim leeren Kern: `T_IO` 820 statt rund 548 Zyklen. Die Messschleife lag in Rust im Flash (`bench::series` mit `cycles::now`), und das Aufwaermen lief ohne sie. Die Streckung 1,099 setzte der Referenzkern `sequence`; das Register nannte die Streckung des C6 1/1.",Fehler,13.8; 7.2,"2026-10-06: im Messprogramm als Baustein, das durch dieselben Haken aufwaermt, hat jede Reihe des C6 Minimum gleich Maximum, und der C6 braucht keine Streckung.","Ein Maximum, das den Messaufbau misst, hebt `T_IO` um ein Drittel; der Fehler lag auf der sicheren Seite, die Schranken waren um so viel zu weit.","Aufwaermen durch denselben Messweg samt Haken, der Aufwand zweier Lesungen als eigene Reihe und sein Minimum abgezogen. Umgesetzt 2026-10-06 (M11 Schritt 12).",M11 Schritt 12,niedrig,behoben,
FB-452,"M11 Schritt 12, `cargo clippy` auf `examples/rust-host`; crates/takt-frame/src/mcu.rs (`rust_job_stack`), crates/takt-frame/src/embed.rs (`Dispatch`)",Das erzeugte Modul `P.rs` bestand Clippy nicht,"Ein Programm ohne Jobs bekam `(JOB_STACK_BYTES > 0).then_some(...)` mit `JOB_STACK_BYTES = 0`, ein Fehler von Clippy (`absurd_extreme_comparisons`, verweigert); `Dispatch` trug neben `takt_embed::Dispatch::next` eine gleichnamige eigene Methode, die Clippy als `Iterator::next` liest. Kein Skript lief Clippy auf einem Projekt, das die Lieferform bindet; die Bring-ups binden sie mit `allow(dead_code)` und ohne Clippy.",Fehler,12.11,2026-10-07: `cargo clippy --all-targets` auf `examples/rust-host` mit dem Werkzeug dieses Stands.,"Ein Nutzer, dessen Projekt Clippy mit `-D warnings` faehrt, baute mit jedem erzeugten Modul nicht mehr.","Ob es einen Job-Stack gibt, steht beim Erzeugen fest: `bytes` liefert `None` oder `Some` ohne Vergleich; die eigene Methode `next` entfaellt, es bleibt die des Traits. `tools/embedded.sh` faehrt Clippy mit `-D warnings` und die Tests auf `examples/rust-host`. Umgesetzt 2026-10-07 (M11 Schritt 12).",M11 Schritt 12,mittel,behoben,
FB-453,"M11 Schritt 13, `TICK_STACK_BYTES` fuer `examples/rust-host/takt/exit_fault.takt`; crates/takt-mir/src/analysis/stack.rs",Die Stack-Analyse liess Programme mit Vorlagen offen,"`stack::depth` verlangte fuer jede Maschine der MIR einen gemessenen Schritt. Eine Vorlage (5.11) und ein Plant-Modell im Hardware-Build bekommen aber keinen Code (`lower.rs`), also keinen Schritt im Objekt, und die ganze Tiefe blieb unbekannt: `takt size` schrieb `Stack (Programmanteil) offen` fuer jedes Programm mit einer Vorlage.",Fehler,11.5; 12.3; 5.11,2026-10-07: `takt size` auf `exit_fault.takt` fuer x86_64 und thumbv7em vor und nach der Korrektur.,Ohne Programmanteil gibt es keine Schranke fuer den Schritt-Stack; Pruefung 39 rechnete mit einem offenen Posten.,"Was keinen Code bekommt, hat keinen Schritt: `Program::has_code` fuer Lowering und Stack-Analyse zugleich. Umgesetzt 2026-10-07 (M11 Schritt 13).",M11 Schritt 13,mittel,behoben,
FB-454,"M11 Schritt 13, Board-Suiten mit der Schranke `TICK_STACK_BYTES`; crates/takt-llvm/src/inspect.rs",Die Stackrahmen aus der Disassemblierung waren zu klein,"`Binutils::stack_frames` nahm je Funktion die erste Anpassung des Stackzeigers im Prolog. Thumb sichert Register mit `push` und zieht danach mit `sub sp` ab: Fuer die meisten Funktionen zaehlte der Leser 0, und auf dem F401 war `TICK_STACK_BYTES` fuer fast jedes Programm genau die Reserve (1116 Byte). RISC-V legt einen grossen Rahmen in zwei Schritten an (`addi`, dann `lui` und `sub`): Fuer den Schritt von `long_job` (23 200 Byte) mass der Leser 720. Die Board-Suiten mit der neuen Schranke scheiterten auf beiden Boards.",Fehler,12.3; 11.5,2026-10-07: `.su` von `clang -fstack-usage` gegen den Leser fuer `long_job` auf thumbv7em und riscv32imac; Board-Suiten C6 (15 von 23 gescheitert) und F401 (13 von 18).,"Eine Schranke aus zu kleinen Rahmen ist keine: `takt size`, die Budgetpruefung und `TICK_STACK_BYTES` rechneten seit M5 mit ihnen, und erst die Hochwassermarke der Boards gegen die Schranke zeigte es.","Die Rahmen schreibt LLVM beim Uebersetzen: `-fstack-usage` in `toolchain::object_flags`, `inspect::stack_usage_of` liest `P.su`; ohne die Datei ist der Stack offen. Die Disassemblierung der Rahmen entfaellt. Tests: `crates/takt-llvm/tests/stack_usage.rs::a_large_frame_counts_whole`, `crates/takt-llvm/src/inspect.rs::stack_usage_reads_clang_lines`. Umgesetzt 2026-10-07 (M11 Schritt 13).",M11 Schritt 13,hoch,behoben,
FB-455,"M11 Schritt 13, `.su` und IR von `crates/takt-conformance/tests/programs/long_job.takt`",Der Codegen legt grosse Werte als Stack-Temporaere an,"11.2 verlangt statischen Scratch statt Stack-Kopien (Grundsatz 22: grosse Werte intern per Zeiger). Der Schritt von `long_job` braucht fuer einen Puffer von 4 KiB 23 200 Byte Stack: Die Argumente des Jobs entstehen als `[4104 x i8]` und `{ i32, [4096 x i8] }` im Rahmen, dazu weitere Kopien aus den eingebetteten Schleifen- und Eintrittsfunktionen.",Fehler,11.2; 12.3; 4.5,"2026-10-07: `takt build --emit embed` fuer thumbv7em, `app.su` (`m_step` 23 200 Byte) und die `alloca`s in `app.ll`.","Seit FB-454 ist die Schranke richtig, der Stack aber ein Vielfaches des Zustands: Auf dem F401 mit 64 KiB RAM nimmt ein Programm mit einem Puffer von 4 KiB mehr als ein Drittel des Speichers als Stack.","Temporaere ueber einer Schwelle wie die der Matrizen im statischen Scratch der Maschine (11.2); die Argumente eines Jobs direkt in seinen Slot. Ein Test haelt den Programmanteil von `long_job` unter dem Doppelten des groessten Werts. Teilweise umgesetzt 2026-10-07 (Nachtrag zu Schritt 13): Die Argumente eines Jobs kodiert der erzeugte Code von ihrer Stelle direkt in den Eingang des Slots (`P_job_args`); `long_job` 23 848 → 80 Byte Programmanteil auf Thumb, 96 auf RISC-V. Test: `crates/takt-cli/tests/stages.rs::a_job_argument_costs_no_stack`. Offen: Aggregate ab 64 Byte als SSA-Wert in elf Programmen (Fault-Record, Kopien zwischen Slots, Ergebnisse der Natives) und der statische Scratch selbst (M11 Schritt 32). Umgesetzt 2026-10-08 (Schritt 32): Kein Aggregat ueber 64 Byte entsteht als SSA-Wert (`ty::VALUE_MAX`). Natives schreiben in ihr Ziel, `last_fault` geht Feld fuer Feld; Anfangswerte, Schluessel einer `map` und Eingaenge hinter ihrer Gueltigkeitspruefung werden an ihrer Stelle gelesen, ein Feld oder Element eines grossen Ergebnisses in dessen Temporaerwert, das Subjekt eines `match` an seiner Stelle. Programmanteil des Stacks ueber den Korpus auf Thumb 23 952 -> 22 968 (131 Programme; RISC-V 23 748 -> 22 564) Byte. Tests: `crates/takt-llvm/tests/ir_invariants.rs::no_large_aggregate_is_an_ssa_value` ueber Korpus und Konformanzprogramme, `crates/takt-cli/tests/stages.rs::temporaries_of_successive_statements_share_their_place`; `corpus-try/71_places.takt` liest Teile eines grossen Ergebnisses. Der statische Scratch ist verworfen (FB-460).",M11 Schritt 32,mittel,behoben,
FB-456,"M11 Schritt 13, Board-Suite und `takt bench` auf dem C6; crates/takt-board-esp32c6/src/nvm.rs",Das Journal des C6 legte 4 KiB auf den Stack des Ticks,"Ein Slice ohne Wortausrichtung kopiert `esp-storage` ueber einen Sektorpuffer von 4 KiB auf dem Stack (`write_nor`, `read_nor`), und `FlashNvm` uebergab `[u8; 64]`. Jeder Tick, der das Journal schrieb, reichte darum 4,6 KiB tiefer: die Programme mit `persist` 9,3 statt 4,8 KiB, der Lastkern 9364 Byte statt 4760 ohne Journal. Dazu lagen die Puffer des Journals (`current`, `stored`, je `PERSIST_BOUND` Byte) als lokale Variablen in `main`, mit dem Programm wachsend auf dem Hauptstack.",Fehler,12.3; 5.9,"2026-10-07: Lastkern mit und ohne Journal auf dem C6 (`takt bench`), die Dokumentation von `esp-storage` 0.10 (`Buffer alignment and stack usage`).","Was der Wirt auf den Stack legt, gehoert entweder in die Reserve oder nicht dorthin; 4 KiB fuer ein Schreiben von hoechstens 64 Byte sind keine Reserve, und ein Puffer, dessen Groesse am Programm haengt, kann keine sein.",Lesen und Schreiben ueber einen Puffer mit `#[repr(align(4))]` (`Chunk`); die Puffer des Journals statisch wie Arena und Pruefstand. Umgesetzt 2026-10-07 (M11 Schritt 13).,M11 Schritt 13,mittel,behoben,
FB-457,"M11 Schritt 13, Board-Suite des F401 (`46_matrices`); crates/takt-conformance/src/bench.rs",Die Stack-Reserve kam aus einem leeren Programm und schloss den Start ein,"`takt bench` mass die Reserve als Tiefe des leeren Kerns in der Tickschleife, gemalt beim Start. Darin steckten der Aufbau des Boards und der kleine Rahmen des Kerns, nicht aber die tiefen Wege der Runtime: Eine Gleitkommazahl im Trace, fuer die Grisu keine kuerzeste Ziffernfolge findet, rechnet `core::fmt` mit Dragon nach (auf x86_64 1672 statt 248 Byte, bei etwa jedem 220. Wert), dazu Journal, Log und Alert. `46_matrices` reichte auf dem F401 1224 Byte ueber Programmanteil und Reserve.",Fehler,12.3; 13.8,2026-10-07: Tiefe der Formatierung je Wert auf dem Wirt gemessen (Painting unter dem Stackzeiger); Board-Suite des F401.,"Eine Reserve, die nur der leere Kern belegt, reicht fuer Programme, die nichts ausgeben; die Schranke muss fuer jedes Programm halten.","Die Bring-ups malen erst vor der Tickschleife; die Bilanz nennt den Programmanteil (`programm P`). `takt bench` faehrt dazu einen Lastkern (`bench/load.takt`: Ausgaben jeder Art, 1/569 schon im ersten Tick, Journal ohne Wartezeit, Log, Alert, Zustandswechsel) in Echtzeit und in logischer Zeit, auf dem F401 auch unter RTIC, und nimmt die tiefste Tiefe ohne Programmanteil (13.8). Test: `crates/takt-conformance/src/bench.rs::the_reserve_is_the_deepest_load_without_its_program`. Umgesetzt 2026-10-07 (M11 Schritt 13).",M11 Schritt 13,hoch,behoben,
FB-458,"M11 Schritt 13, Prolog von `main` im Abbild des C6-Bring-ups","Der Rahmen von `main` im C6-Bring-up nimmt 4,4 KiB des Hauptstacks","`main` legt 4464 Byte an (`addi sp` um 0x7f0, 0x800 und 0x180): Die Telemetrie mit ihrem Ring von 2 KiB entsteht als Wert, `lossless()` bindet sie um, bevor sie in die Statik geht. Der Rahmen liegt unter jedem Tick und geht ganz in die gemessene Reserve: Der leere Kern reicht auf dem C6 4760 Byte tief, auf dem F401 1024.",Befund,12.3; 12.11,"2026-10-07: `llvm-objdump` des Abbilds, Hochwassermarke des leeren Kerns auf beiden Boards.","Ehrlich gemessen, aber verschwendet: Jedes Programm auf dem C6 bekommt 4 KiB mehr `TICK_STACK_BYTES`, und die Bring-ups sind die Vorlage fuer jeden Wirt (Schritt 24).","Die Telemetrie entsteht in ihrer Statik, kein Puffer als Wert in `main`; mit den Rust-Wirten in Schritt 14, die ohnehin als Vorlagen neu entstehen.",M11 Schritt 14,niedrig,offen,
FB-459,"M11 nach Schritt 13, `takt size` fuer `corpus-try/07_embedded_field.takt`; crates/takt-mir/src/analysis/stack.rs",Die Stack-Analyse rechnet den Vertrag einer Job-Native auf den Schritt-Stack,"`Calls::stmt` legt bei `StmtKind::Job` die Native zu den Blaettern des Schritts; ihr `stack`-Vertrag geht so in den Programmanteil von `TICK_STACK_BYTES`. Ein Job rechnet aber im Job-Kontext auf `JOB_STACK_BYTES` (4.5): Der Schritt von `07_embedded_field` braucht 1000 Byte, gerechnet werden 6600, weil `ecdsa_p256_verify` 5600 zusagt. Umgekehrt teilt unter RTIC die Job-Aufgabe den Hauptstack mit der Takt-Aufgabe, die sie unterbricht; dort braucht der Wirt die Summe beider Stacks, und das Maximum, das heute herauskommt, reicht nicht.",Fehler,12.3; 4.5; 12.8,2026-10-07: `takt size --target thumbv7em` und `P.su` von `07_embedded_field`; `stack.rs` gelesen.,"Im eigenen Kontext verschenkt die Schranke den groessten Job-Vertrag an jeden Schritt; ein Port, der Jobs auf dem Hauptstack rechnet, bekommt eine zu kleine.","Jobs zaehlen nur in `JOB_STACK_BYTES`; was beide Stacks auf einem Stack rechnet (RTIC), stellt die Summe, und der Linker des F401 prueft sie unter RTIC. Mit FB-455 in einer Board-Runde. Umgesetzt 2026-10-07 (Nachtrag zu Schritt 13): `Calls::stmt` nimmt die Native eines Jobs nicht mehr unter die Blaetter; unter RTIC prueft der Linker des F401 und die Bilanz die Summe beider Stacks; 12.11 nennt die Summe im Portvertrag. Test: `crates/takt-sema/tests/analysis.rs::a_job_does_not_count_on_the_tick_stack`.",M11 Schritt 13,mittel,behoben,
FB-460,"M11 Schritt 32 (Vorbereitung); crates/takt-llvm/src/matrix.rs, crates/takt-sema/src/lower/matrix.rs, crates/takt-mir/src/analysis/size.rs",Der statische Scratch existiert nur als Zahl,"Die Sema rechnet fuer `solve` und `inv` `Layout::scratch_bytes`, und `takt size` zaehlt ihn als exakten Posten `Scratch je Maschine` im RAM. Der Codegen legt dieselben Werte aber per `alloca` auf den Stack (`matrix.rs`: LU, Loesung, Permutation), obwohl sein Moduldoc den statischen Scratch nennt. Die Arena hat keinen Scratch, und der Speicher steht in der Rechnung zweimal: als RAM, den niemand belegt, und im gemessenen Stack.",Fehler,11.2; 11.5; 3.11,"2026-10-07: `alloca` in `crates/takt-llvm/src/matrix.rs`, `scratch_bytes` in Codegen und Rahmen gesucht (kein Leser ausser `size.rs`).","Ein Posten `exakt`, den das Abbild nicht hat, ist eine falsche Zahl; die Inventur fuehrte 11.2 deshalb nur als `teilweise`.","Mit dem statischen Scratch (M11 Schritt 32): Der Codegen belegt ihn, die Arena traegt ihn, und `takt size` nennt die Zahl, die der Codegen rechnet, statt einer zweiten Rechnung der Sema. Umgesetzt 2026-10-08 (Schritt 32): Der statische Scratch wurde gebaut, gemessen und verworfen (plan/m11.md 2.15, wie schon FB-169): Arena und Stack sind beide statisch bemessen, er sparte kein RAM, kostete Code und nahm dem Optimierer die Register. `Layout::scratch_bytes` ist aus MIR (Format 19, Feld 10 entfernt), Sema und `takt size` verschwunden; 11.2 nennt Temporaerwerte an ihrer Stelle, ihr Stack steht im gemessenen Programmanteil. Test: `crates/takt-sema/tests/mir_versions.rs::every_field_of_every_golden_file_is_known_today` (`REMOVED`).",M11 Schritt 32,mittel,behoben,
FB-461,"M11 Schritt 32, Absturz von `corpus-try/sim/14_6` (`brownout`) im nativen Lauf; crates/takt-frame/src/streams.rs (`takt_int_bind`), crates/takt-llvm/src/stream.rs",`P_stream_at` schreibt ein Element ueber den Puffer seines Lesers hinaus,"Ein Element eines Stroms ohne Rahmung kann laenger sein als sein Typ — die Chunks eines `stream<u8>` —, und `takt_int_bind` kopierte es ganz in den Puffer, den der Codegen nach dem Elementtyp bemessen hatte; die Runtime kannte dessen Groesse nicht. In `14_6` lief ein Chunk ueber einen Platz von 13 Byte hinaus. Der Nachbarplatz auf dem Stack fing den Ueberlauf unbemerkt auf, bis sich die Plaetze verschoben. `P_stream_sent` hatte dieselbe Form.",Fehler,8.6; 9.6; 12.11,"2026-10-08: AddressSanitizer ueber den nativen Lauf von `14_6/brownout`: `stack-buffer-overflow`, `WRITE of size 11` in `app_stream_bind` aus `app_stream_at`.","Speicherfehler im Rahmen (CERT ARR38-C): Der Lauf hing davon ab, was neben dem Platz lag. Kein Test sah ihn, weil der erzeugte Code nicht instrumentiert war und der Vergleich nur Ausgaenge sieht.","Umgesetzt 2026-10-08 (Schritt 32): `P_stream_at`, `P_stream_bind` und `P_stream_sent` bekommen die Groesse ihres Ziels, der Rahmen kopiert hoechstens so viel. Der Codegen markiert seine Funktionen fuer einen Lauf unter AddressSanitizer (`lower::program_sanitized`), und jeder Fall der Beispiele laeuft so. Test: `crates/takt-conformance/tests/examples.rs::the_reference_examples_run_clean_under_address_sanitizer` (ohne die Korrektur `stack-buffer-overflow` in `14_6/brownout`).",M11 Schritt 32,hoch,behoben,
FB-462,"M11 Schritt 32, IR eines Programms mit zwei grossen Temporaerwerten; crates/takt-llvm/src/emit.rs (`fault_slot`, `end_slots`)","Der Platz fuer die Art eines Faults endete mit der Anweisung, in der er entstand","`fault_slot` legt den Platz beim ersten Bedarf an, ohne `lifetime.start`, damit er in der ganzen Funktion lebt. Seine Nummer liegt aber im Bereich der laufenden Anweisung, und `end_slots` beendete ihn mit ihr. Die Fault-Pfade spaeterer Anweisungen schrieben danach in einen toten Platz, und der gemeinsame Pfad am Ende las ihn. 87 Stellen im Korpus.",Fehler,5.3; 11.2,2026-10-08: `lifetime.end` ohne `lifetime.start` derselben Funktion in der IR des Korpus gesucht.,Undefiniertes Verhalten im erzeugten Code: LLVM duerfte den Platz mit anderen uebereinanderlegen und die Art eines Faults verfaelschen. Bisher ohne sichtbare Folge.,Umgesetzt 2026-10-08 (Schritt 32): `end_slots` laesst den Fault-Platz aus. Test: `crates/takt-llvm/tests/ir_invariants.rs::no_place_ends_without_having_started` (ohne die Korrektur 87 Stellen).,M11 Schritt 32,hoch,behoben,
FB-463,"M11 Schritt 32, `-fstack-usage` eines Programms mit `fn make(k: int) -> Big` (2056 Byte); crates/takt-llvm/src/fns.rs",`return b` kopiert einen grossen Local in das Ergebnis,"Eine Funktion, die einen grossen Record in einem Local baut und zurueckgibt, kopiert ihn am Ende in den `sret`-Platz des Aufrufers. Eingebettet liegen Local und Ergebnis nebeneinander: `o = make(k).v[k]` braucht 4168 Byte Stack fuer einen Record von 2056 Byte. LLVM legt die beiden nicht zusammen, auch nicht mit `memcpy` statt `memmove`.",Befund,11.2; 12.3; 3.9,"2026-10-08: `-fstack-usage` mit und ohne Einbettung von `make`, `memmove` gegen `memcpy` getauscht.","Exakt gemessen, aber doppelt: Jede Funktion, die einen grossen Wert in einem Local baut, kostet ihn zweimal.","Den Local im `sret`-Platz anlegen (benannter Rueckgabewert), wenn jeder `return` der Funktion ihn zurueckgibt. Vorher klaeren, was ein Fault mitten in der Funktion am Ziel hinterlaesst: Heute bleibt es unberuehrt, weil `sret` erst am Ende schreibt, und darauf verlaesst sich `inout` (3.9). Mit FB-364 nach Schritt 32 abwaegen. Entschieden 2026-10-08: nicht umgesetzt. Im Korpus geben 127 Funktionen einen Local zurueck, fast alle das ungenutzte `flash_blank` des Prelude; nur 5 Aufrufe schreiben in einen Temporaerwert (zweimal `flash_blank` mit 260 Byte, zweimal `row` aus 71_places mit 104, einmal 32 Byte). Schreibt der Aufrufer in eine Stelle, verschoebe der benannte Rueckgabewert die Kopie nur zu ihm, solange ein Fault das Ziel unberuehrt lassen muss. Der Gewinn traegt keinen zweiten Weg durch die Faultsemantik.",M11 nach Schritt 32,niedrig,verworfen 2026-10-08,
FB-464,"Messung 2026-10-08 nach Schritt 32; crates/takt-conformance/src/board/, crates/takt-conformance/tests/common/board.rs",Die volle Pruefung dauert anderthalb Stunden; Bau und Board-Lauf liefen nacheinander,"Eine volle Kette brauchte rund 95 min: Workspace 647 s Testzeit (213 Binaries nacheinander), C6-Suite 25 min, F401-Suite 52 min. Je Abbild: F401 Bau 5,5 s (davon 4,4 s fat LTO), DFU 5,2 s fuer 35 KB, weil der ROM-Bootloader je 2 KB zweimal 104 ms Wartezeit verlangt, Lauf unter 0,5 s; C6 Bau 7,4 bis 8,3 s, probe-rs und Lauf 4 s. Bau und Lauf liefen strikt nacheinander. Der Stand des Abbildspeichers hasht `src` aller Crates, und die Bring-ups haengen als Build-Dependency an takt-conformance: Jede Aenderung am Harness baut alle rund 350 Abbilder neu.",Befund,13.8; 12.3,"2026-10-08: Zeiten je Abbild mit `cargo build --timings`, DFU mit `dfu-util -v`, Workspace aus den Laufzeiten der Binaries; Abbilder mit und ohne Debuginfo abschnittsweise verglichen.","Die Pruefung ist der Engpass jeder Runde. Schneller werden darf sie nur, ohne an den Abbildern oder an der Abdeckung etwas zu aendern.","Umgesetzt 2026-10-08: Der Vergleich baut die Abbilder in eigenen Faeden, waehrend das Board das jetzige schreibt und ausfuehrt (`Board::builder`); zwei Bauplaetze mit je eigenem Zielverzeichnis (`board::BUILDS`, ab dem zweiten unter `takt-board-build/<n>`, das Werkzeug nennt `TAKT_TOOL`, je Platz `-j (Kerne - 1) / 2`), jeder nimmt das naechste Programm, sobald er frei ist. Ein Lauf in logischer Zeit verliert dabei keine Zeile (FB-292). Der F401 schreibt ueber einen eigenen DfuSe-Schreiber (`board::dfuse`, `nusb`): die Adresse einmal, die Bloecke mit steigender Nummer, danach zurueckgelesen und verglichen, was `dfu-util` nicht tat; 3,7 statt 5,4 s je Programm. Der Workspace laeuft unter cargo-nextest (`.config/nextest.toml`: lange Binaries zuerst, Board-Tests in einer Gruppe nacheinander). Gemessen mit neu gebauten Abbildern: Workspace 647 -> 269 s Testzeit, C6-Suite 25 -> 13,4 min, F401-Suite 52 -> 23,4 min. Verworfen: beide Board-Suiten zugleich (getaktete Tests, Auslagerungsdatei), weniger Programme oder RTOS-Laeufe (Abdeckung), Abbilder ohne Debuginfo (auf dem C6 aendert sie den Code von esp-hal um 2 bis 4 Byte je Funktion; auf dem F401 waren zwei Programme bitgleich, das ist keine Zusage). Nicht verfolgt: die Bauhelfer der Bring-ups aus takt-conformance zu loesen. Seit den Bauplaetzen sind beide Boards an ihren Lauf gebunden (C6 4,1 s, F401 3,7 s je Programm), und neu gebaute Abbilder entstehen hinter ihm; nach einer Aenderung am Harness kostet nur der kalte Anfang ein bis zwei Minuten. Nachtrag 2026-10-08: Das Zielverzeichnis lief waehrend der Laeufe voll (G: bei null, der Linker brach ab): Die rund 200 Test-Binaries trugen je 110 bis 130 MB PDB, und `cargo test -p` loest Features anders auf als `--workspace`, sodass ein zweiter Satz Binaries entstand. Auf Wunsch des Nutzers baut das Profil `dev` nur noch Zeilentabellen (`debug = ""line-tables-only""`, Backtraces mit Datei und Zeile): `debug/deps` 28 -> 6,5 GB, der volle Neubau des Workspace 4,6 Minuten. Tests waehlt man mit `--workspace -E` statt `-p`.",M11 nach Schritt 32,hoch,behoben,
FB-465,"M11 Schritt 26b, Lesen des Codegens fuer `abs`; crates/takt-sema/src/lower/expr.rs, crates/takt-llvm/src/expr.rs (`Intrinsic::Abs`)","`abs` des kleinsten Werts faultet im Interpreter, nativ nicht","Der Interpreter rechnet `abs` einer Ganzzahl als `fit(|x|)` und faultet bei `MIN` mit `Overflow` (4.1). Der Codegen rief `llvm.abs(x, i1 false)` ohne Pruefung und lieferte `MIN`; sein Kommentar nannte einen `Checked`-Knoten, den das Sema nie setzte. Mit `r = abs(n - 40 - 9223372036854775807 - 1)` und `n = 40` meldet der Interpreter `t=0 fault f Arithmetic(Overflow)`, der native Lauf `t=0 out r -9223372036854775808`; ebenso `abs((n - 168) as i8)`. Der Fuzzer erzeugt `abs` nur ueber Ausdruecke, die vorher ueberlaufen, und traf den Fall nicht.",Bug,4.1; 9.4.4,2026-10-08: `crates/takt-conformance/tests/fuzz.rs::abs_of_the_smallest_value_overflows` vor der Korrektur rot (Abweichung in Tick 0).,Satz 9.4.4: Der Interpreter ist die Spezifikation. Nativ lief das Programm ohne Fault mit einem negativen Betrag weiter.,"Umgesetzt 2026-10-08 (Schritt 26b): Das Sema setzt `Checked{Overflow}` um `abs` einer vorzeichenbehafteten Ganzzahl und einer Dauer, wie um `-x`. Die Intervallanalyse wertet den Knoten roh (der Betrag von `MIN` liegt ausserhalb) und laesst ihn nur bei bewiesenem Ausschluss fallen; der Codegen prueft `x != MIN` vor `llvm.abs`, der Beweiser kodiert ihn als Fault-Zweig. Tests: `crates/takt-conformance/tests/fuzz.rs::abs_of_the_smallest_value_overflows`, `crates/takt-prove/tests/arithmetic_faults.rs::abs_of_the_smallest_value_overflows`.",M11 Schritt 26,hoch,behoben,
FB-466,"M11 Schritt 26c, Urteil mit seinen Annahmen; crates/takt-prove/src/smt.rs (`block`)",Eine `assumption` bewies sich selbst,"Die Anfrage ueber ein Ziel nahm alle `assumption`-Formeln an, sobald nur Eigenschaften gefragt waren — auch die Annahme, die selbst das Ziel war. Jede Annahme hiess darum „bewiesen“, ob das Modell sie garantiert oder nicht: `assumption small: always(x < 50)` mit `input x : int in 0..100` urteilte „bewiesen (k-Induktion, k = 3)“. Kein Test pruefte das Urteil einer Annahme.",Bug,"13.3 (Umgebungsannahmen, Beweis mit Solver)",2026-10-08: `crates/takt-prove/tests/with_solver.rs::an_assumption_proves_what_it_assumes_and_nothing_without_it` mit dem Urteil ueber `small`.,"Ein falsches „bewiesen“ im Bericht. Die Eigenschaften selbst waren richtig beurteilt, aber der Bericht erweckte den Eindruck, die Umgebungsannahme sei aus dem Programm gefolgert.","Umgesetzt 2026-10-08 (Schritt 26c): Eine Annahme wird ohne Annahmen geprueft. Garantiert das Modell sie, ist sie bewiesen; sonst bleibt sie Annahme (`vom Modell nicht garantiert, bleibt Annahme`), ihr Gegenbeispiel ist kein Befund ueber das Programm und `takt prove` scheitert daran nicht. Ein „bewiesen“ einer Eigenschaft nennt die Annahmen im Kegel seiner Anfrage.",M11 Schritt 26,mittel,behoben,
